prclient,prid,prid_filtered,prname,prurl,prshortdescription,prdescription,prdisplayprice,prprice,primageurl,prcategory,prsubcategory,prcreatedon,pralternativeurl,prbestseller,prsku,pravailablequantity,pravailability,prquantitysold,prsize,prcolor,prcountry,prfromprice,prposition,isactive,isdefault
55117966,55117966,55117966,Cord Broderie Dress Boden,https://us.boden.com/products/girls-cord-broderie-dress-pink-haze-g5663pnk?tc_ch=display&tc_ve=ba&tc_so=tradedesk&tc_me=pp&tc_ca=bau,,,44.85,69.00,https://cdn.shopify.com/s/files/1/0680/4619/2892/files/25gwin_g5663_pnk.jpg?v=1&width=800,Girls,Girls,20/08/2026,https://us.boden.com/products/girls-cord-broderie-dress-pink-haze-g5663pnk?tc_ch=display&tc_ve=ba&tc_so=tradedesk&tc_me=pp&tc_ca=bau,,,32,IN STOCK,,,Pink Haze,,,,TRUE,TRUE
55118864,55118864,55118864,Bubble Hem Party Dress Boden,https://us.boden.com/products/girls-bubble-hem-party-dress-college-navy-gold-spot-g5716nav?tc_ch=display&tc_ve=ba&tc_so=tradedesk&tc_me=pp&tc_ca=bau,,,59.40,99.00,https://cdn.shopify.com/s/files/1/0680/4619/2892/files/25gxms_g5716_nav_m01.jpg?v=1&width=800,Girls,Girls,20/08/2026,https://us.boden.com/products/girls-bubble-hem-party-dress-college-navy-gold-spot-g5716nav?tc_ch=display&tc_ve=ba&tc_so=tradedesk&tc_me=pp&tc_ca=bau,,,55,IN STOCK,,,College Navy Gold Spot,,,,TRUE,TRUE
55134385,55134385,55134385,Pretty Interest Shirt Dress Boden,https://us.boden.com/products/girls-pretty-interest-shirt-dress-salmon-pink-meadow-floral-g5762pnk?tc_ch=display&tc_ve=ba&tc_so=tradedesk&tc_me=pp&tc_ca=bau,,,51.35,79.00,https://cdn.shopify.com/s/files/1/0680/4619/2892/files/25gwin_g5762_pnk_w01_43f27ff6-4c1d-460a-8643-f7103c5b9de0.jpg?v=1&width=800,Girls,Girls,20/08/2026,https://us.boden.com/products/girls-pretty-interest-shirt-dress-salmon-pink-meadow-floral-g5762pnk?tc_ch=display&tc_ve=ba&tc_so=tradedesk&tc_me=pp&tc_ca=bau,,,211,IN STOCK,,,Salmon Pink Meadow Floral,,,,TRUE,TRUE
55156506,55156506,55156506,Novelty Strappy Dress Boden,https://us.boden.com/products/girls-novelty-strappy-dress-kiwi-g5805grn?tc_ch=display&tc_ve=ba&tc_so=tradedesk&tc_me=pp&tc_ca=bau,,,55.25,85.00,https://cdn.shopify.com/s/files/1/0680/4619/2892/files/26gsum_g5805_grn_4a277d08-69c8-4c90-9b7b-5f64b13ab7ec.jpg?v=1&width=800,Girls,Girls,20/08/2026,https://us.boden.com/products/girls-novelty-strappy-dress-kiwi-g5805grn?tc_ch=display&tc_ve=ba&tc_so=tradedesk&tc_me=pp&tc_ca=bau,,,39,IN STOCK,,,Kiwi,,,,TRUE,TRUE
55158480,55158480,55158480,Puff Sleeve Cross Back Dress Boden,https://us.boden.com/products/girls-puff-sleeve-cross-back-dress-chambray-broderie-g5935den?tc_ch=display&tc_ve=ba&tc_so=tradedesk&tc_me=pp&tc_ca=bau,,,37.99,95.00,https://cdn.shopify.com/s/files/1/0680/4619/2892/files/26gspr_g5935_den_m02_v1.jpg?v=1&width=800,Girls,Girls,20/08/2026,https://us.boden.com/products/girls-puff-sleeve-cross-back-dress-chambray-broderie-g5935den?tc_ch=display&tc_ve=ba&tc_so=tradedesk&tc_me=pp&tc_ca=bau,,,18,IN STOCK,,,Chambray Broderie,,,,TRUE,TRUE
55142098,55142098,55142098,Tiered Woven Dress Boden,https://us.boden.com/products/baby-tiered-woven-dress-soft-ivory-rose-y2813ivo?tc_ch=display&tc_ve=ba&tc_so=tradedesk&tc_me=pp&tc_ca=bau,,,41.40,69.00,https://cdn.shopify.com/s/files/1/0680/4619/2892/files/26uspr_y2813_ivo_v1_5082ae86-b013-44cf-9888-3fa7958545ab.jpg?v=1&width=800,Baby,Baby,20/08/2026,https://us.boden.com/products/baby-tiered-woven-dress-soft-ivory-rose-y2813ivo?tc_ch=display&tc_ve=ba&tc_so=tradedesk&tc_me=pp&tc_ca=bau,,,84,IN STOCK,,,Soft Ivory Rose,,,,TRUE,TRUE
55157032,55157032,55157032,Multi Strap Flare Dress Boden,https://us.boden.com/products/girls-multi-strap-flare-dress-meadowsweet-pink-garden-floral-g5793pnk?tc_ch=display&tc_ve=ba&tc_so=tradedesk&tc_me=pp&tc_ca=bau,,,48.75,75.00,https://cdn.shopify.com/s/files/1/0680/4619/2892/files/26gsum_g5793_pnk.jpg?v=1&width=800,Girls,Girls,20/08/2026,https://us.boden.com/products/girls-multi-strap-flare-dress-meadowsweet-pink-garden-floral-g5793pnk?tc_ch=display&tc_ve=ba&tc_so=tradedesk&tc_me=pp&tc_ca=bau,,,78,IN STOCK,,,Meadowsweet Pink Garden Floral,,,,TRUE,TRUE
55155029,55155029,55155029,Bubble Hem Dress Boden,https://us.boden.com/products/girls-bubble-hem-dress-honeysuckle-flower-vine-g5801mul?tc_ch=display&tc_ve=ba&tc_so=tradedesk&tc_me=pp&tc_ca=bau,,,48.30,69.00,https://cdn.shopify.com/s/files/1/0680/4619/2892/files/26gspr_g5801_mul_m01_7acc95e6-d197-4ca2-9efe-5c7c586ee559.jpg?v=1&width=800,Girls,Girls,20/08/2026,https://us.boden.com/products/girls-bubble-hem-dress-honeysuckle-flower-vine-g5801mul?tc_ch=display&tc_ve=ba&tc_so=tradedesk&tc_me=pp&tc_ca=bau,,,35,IN STOCK,,,Honeysuckle Flower Vine,,,,TRUE,TRUE
55162469,55162469,55162469,Ariel Twirly Jersey Dress Boden,https://us.boden.com/products/girls-ariel-twirly-jersey-dress-ditsy-floral-g5406mgy?tc_ch=display&tc_ve=ba&tc_so=tradedesk&tc_me=pp&tc_ca=bau,,,39.00,39.00,https://cdn.shopify.com/s/files/1/0680/4619/2892/files/26gsum_g5406_mgy.jpg?v=1&width=800,Girls,Girls,20/08/2026,https://us.boden.com/products/girls-ariel-twirly-jersey-dress-ditsy-floral-g5406mgy?tc_ch=display&tc_ve=ba&tc_so=tradedesk&tc_me=pp&tc_ca=bau,,,60,IN STOCK,,,Ditsy Floral,,,,TRUE,TRUE
55156667,55156667,55156667,Ric Rac Trim Flutter Dress Boden,https://us.boden.com/products/girls-ric-rac-trim-flutter-dress-red-stripe-g5792bbl?tc_ch=display&tc_ve=ba&tc_so=tradedesk&tc_me=pp&tc_ca=bau,,,51.35,79.00,https://cdn.shopify.com/s/files/1/0680/4619/2892/files/26gspr_g5792_bbl_m01_3f9861f8-e167-4695-971e-ffe67d19d553.jpg?v=1&width=800,Girls,Girls,20/08/2026,https://us.boden.com/products/girls-ric-rac-trim-flutter-dress-red-stripe-g5792bbl?tc_ch=display&tc_ve=ba&tc_so=tradedesk&tc_me=pp&tc_ca=bau,,,44,IN STOCK,,,Red Stripe,,,,TRUE,TRUE
55162744,55162744,55162744,Floaty Shirred Dress Boden,https://us.boden.com/products/baby-floaty-shirred-dress-yellow-flower-stem-y2861yel?tc_ch=display&tc_ve=ba&tc_so=tradedesk&tc_me=pp&tc_ca=bau,,,55.00,55.00,https://cdn.shopify.com/s/files/1/0680/4619/2892/files/26usum_y2861_yel_bc0af583-96cf-4f53-b7e5-b131dbb3c45a.jpg?v=1&width=800,Baby,Baby,20/08/2026,https://us.boden.com/products/baby-floaty-shirred-dress-yellow-flower-stem-y2861yel?tc_ch=display&tc_ve=ba&tc_so=tradedesk&tc_me=pp&tc_ca=bau,,,62,IN STOCK,,,Yellow Flower Stem,,,,TRUE,TRUE
55162545,55162545,55162545,Floaty Shirred Dress Boden,https://us.boden.com/products/baby-floaty-shirred-dress-madras-check-y2861mlt?tc_ch=display&tc_ve=ba&tc_so=tradedesk&tc_me=pp&tc_ca=bau,,,41.30,59.00,https://cdn.shopify.com/s/files/1/0680/4619/2892/files/26usum_y2861_mlt_ff2d0fb5-c590-4b1e-8aaa-fbf67707c711.jpg?v=1&width=800,Baby,Baby,20/08/2026,https://us.boden.com/products/baby-floaty-shirred-dress-madras-check-y2861mlt?tc_ch=display&tc_ve=ba&tc_so=tradedesk&tc_me=pp&tc_ca=bau,,,45,IN STOCK,,,Madras Check,,,,TRUE,TRUE
55186102,55186102,55186102,Jersey Cross-back Dress Boden,https://us.boden.com/products/girls-jersey-cross-back-dress-ditsy-floral-g6014mml?tc_ch=display&tc_ve=ba&tc_so=tradedesk&tc_me=pp&tc_ca=bau,,,27.30,39.00,https://cdn.shopify.com/s/files/1/0680/4619/2892/files/26gsum_g6014_mml_5ab2e7aa-9987-41a2-9c75-a96f9d887716.jpg?v=1&width=800,Girls,Girls,20/08/2026,https://us.boden.com/products/girls-jersey-cross-back-dress-ditsy-floral-g6014mml?tc_ch=display&tc_ve=ba&tc_so=tradedesk&tc_me=pp&tc_ca=bau,,,123,IN STOCK,,,Ditsy Floral,,,,TRUE,TRUE
55162711,55162711,55162711,Ruffle Strap Sundress Boden,https://us.boden.com/products/girls-ruffle-strap-sundress-festival-pink-giant-daisy-g6016pnk?tc_ch=display&tc_ve=ba&tc_so=tradedesk&tc_me=pp&tc_ca=bau,,,35.75,55.00,https://cdn.shopify.com/s/files/1/0680/4619/2892/files/26gsum_g6016_pnk_v1.jpg?v=1&width=800,Girls,Girls,20/08/2026,https://us.boden.com/products/girls-ruffle-strap-sundress-festival-pink-giant-daisy-g6016pnk?tc_ch=display&tc_ve=ba&tc_so=tradedesk&tc_me=pp&tc_ca=bau,,,12,IN STOCK,,,Festival Pink Giant Daisy,,,,TRUE,TRUE
55186086,55186086,55186086,Tie Waist Woven Playsuit Boden,https://us.boden.com/products/girls-tie-waist-woven-playsuit-blue-floral-g6028bbl?tc_ch=display&tc_ve=ba&tc_so=tradedesk&tc_me=pp&tc_ca=bau,,,35.75,65.00,https://cdn.shopify.com/s/files/1/0680/4619/2892/files/26gsum_g6028_bbl_m01.jpg?v=1&width=800,Girls,Girls,20/08/2026,https://us.boden.com/products/girls-tie-waist-woven-playsuit-blue-floral-g6028bbl?tc_ch=display&tc_ve=ba&tc_so=tradedesk&tc_me=pp&tc_ca=bau,,,61,IN STOCK,,,Blue Floral,,,,TRUE,TRUE
55162617,55162617,55162617,Shirred Bow Back Detail Dress Boden,https://us.boden.com/products/girls-shirred-bow-back-detail-dress-multi-pink-floral-g6003pnk?tc_ch=display&tc_ve=ba&tc_so=tradedesk&tc_me=pp&tc_ca=bau,,,51.00,85.00,https://cdn.shopify.com/s/files/1/0680/4619/2892/files/26gsum_g6003_pnk_d2b7f6d6-044e-4e71-8efb-cda514328d5b.jpg?v=1&width=800,Girls,Girls,20/08/2026,https://us.boden.com/products/girls-shirred-bow-back-detail-dress-multi-pink-floral-g6003pnk?tc_ch=display&tc_ve=ba&tc_so=tradedesk&tc_me=pp&tc_ca=bau,,,26,IN STOCK,,,Multi Pink Floral,,,,TRUE,TRUE
55174857,55174857,55174857,Tiered Ruffle Woven Dress Boden,https://us.boden.com/products/girls-tiered-ruffle-woven-dress-ticking-stripe-floral-g6013blu?tc_ch=display&tc_ve=ba&tc_so=tradedesk&tc_me=pp&tc_ca=bau,,,54.45,99.00,https://cdn.shopify.com/s/files/1/0680/4619/2892/files/26gsum_g6013_blu_m01_4789a3a3-e8d9-4e39-b596-88f9971633ec.jpg?v=1&width=800,Girls,Girls,20/08/2026,https://us.boden.com/products/girls-tiered-ruffle-woven-dress-ticking-stripe-floral-g6013blu?tc_ch=display&tc_ve=ba&tc_so=tradedesk&tc_me=pp&tc_ca=bau,,,26,IN STOCK,,,Ticking Stripe Floral,,,,TRUE,TRUE
55162385,55162385,55162385,Drop Waist Bubble Dress Boden,https://us.boden.com/products/girls-drop-waist-bubble-dress-soft-ivory-embroidery-g5992ivo?tc_ch=display&tc_ve=ba&tc_so=tradedesk&tc_me=pp&tc_ca=bau,,,55.25,85.00,https://cdn.shopify.com/s/files/1/0680/4619/2892/files/26gsum_g5992_ivo_v1.jpg?v=1&width=800,Girls,Girls,20/08/2026,https://us.boden.com/products/girls-drop-waist-bubble-dress-soft-ivory-embroidery-g5992ivo?tc_ch=display&tc_ve=ba&tc_so=tradedesk&tc_me=pp&tc_ca=bau,,,77,IN STOCK,,,Soft Ivory Embroidery,,,,TRUE,TRUE
55162693,55162693,55162693,Bow Back Shirred Dress Boden,https://us.boden.com/products/girls-bow-back-shirred-dress-bright-blue-jungle-woodblock-g6012mbl?tc_ch=display&tc_ve=ba&tc_so=tradedesk&tc_me=pp&tc_ca=bau,,,41.40,69.00,https://cdn.shopify.com/s/files/1/0680/4619/2892/files/26wsum_g6012_mbl_m02_v1_e46792e9-05af-45d7-9335-57f03ee9b99c.jpg?v=1&width=800,Girls,Girls,20/08/2026,https://us.boden.com/products/girls-bow-back-shirred-dress-bright-blue-jungle-woodblock-g6012mbl?tc_ch=display&tc_ve=ba&tc_so=tradedesk&tc_me=pp&tc_ca=bau,,,178,IN STOCK,,,Bright Blue Jungle Woodblock,,,,TRUE,TRUE
55172308,55172308,55172308,Tiered Embroidered Dress Boden,https://us.boden.com/products/girls-tiered-embroidered-dress-formica-pink-stripe-g5984pnk?tc_ch=display&tc_ve=ba&tc_so=tradedesk&tc_me=pp&tc_ca=bau,,,64.35,99.00,https://cdn.shopify.com/s/files/1/0680/4619/2892/files/26ghsm_g5984_pnk_v1_0e44e690-b908-4592-9940-4cf994a8f2f3.jpg?v=1&width=800,Girls,Girls,20/08/2026,https://us.boden.com/products/girls-tiered-embroidered-dress-formica-pink-stripe-g5984pnk?tc_ch=display&tc_ve=ba&tc_so=tradedesk&tc_me=pp&tc_ca=bau,,,29,IN STOCK,,,Formica Pink Stripe,,,,TRUE,TRUE
55162305,55162305,55162305,Tiered Ric Rac Dress Boden,https://us.boden.com/products/baby-tiered-ric-rac-dress-pink-ditsy-floral-y2872pnt?tc_ch=display&tc_ve=ba&tc_so=tradedesk&tc_me=pp&tc_ca=bau,,,31.99,65.00,https://cdn.shopify.com/s/files/1/0680/4619/2892/files/26usum_y2872_pnt_21cd66f0-dee0-4e09-9eca-eefcc7221eca.jpg?v=1&width=800,Baby,Baby,20/08/2026,https://us.boden.com/products/baby-tiered-ric-rac-dress-pink-ditsy-floral-y2872pnt?tc_ch=display&tc_ve=ba&tc_so=tradedesk&tc_me=pp&tc_ca=bau,,,61,IN STOCK,,,Pink Ditsy Floral,,,,TRUE,TRUE
55162246,55162246,55162246,Annalisa Twirly Sundress Boden,https://us.boden.com/products/girls-annalisa-twirly-sundress-multi-stripe-g5913mpi?tc_ch=display&tc_ve=ba&tc_so=tradedesk&tc_me=pp&tc_ca=bau,,,59.50,85.00,https://cdn.shopify.com/s/files/1/0680/4619/2892/files/26gsum_g5913_mpi_ccea30a8-e43a-428d-bc24-fbf0af5252b9.jpg?v=1&width=800,Girls,Girls,20/08/2026,https://us.boden.com/products/girls-annalisa-twirly-sundress-multi-stripe-g5913mpi?tc_ch=display&tc_ve=ba&tc_so=tradedesk&tc_me=pp&tc_ca=bau,,,42,IN STOCK,,,Multi Stripe,,,,TRUE,TRUE
55165213,55165213,55165213,Relaxed Towelling Playsuit Boden,https://us.boden.com/products/girls-relaxed-towelling-playsuit-denim-blue-stripe-g5966blu?tc_ch=display&tc_ve=ba&tc_so=tradedesk&tc_me=pp&tc_ca=bau,,,33.00,55.00,https://cdn.shopify.com/s/files/1/0680/4619/2892/files/26gsum_g5966_blu_606146ef-845a-4d47-a032-a2d4042d4e31.jpg?v=1&width=800,Girls,Girls,20/08/2026,https://us.boden.com/products/girls-relaxed-towelling-playsuit-denim-blue-stripe-g5966blu?tc_ch=display&tc_ve=ba&tc_so=tradedesk&tc_me=pp&tc_ca=bau,,,31,IN STOCK,,,Denim Blue Stripe,,,,TRUE,TRUE
55162642,55162642,55162642,Flutter Sleeve Ric Rac Dress Boden,https://us.boden.com/products/girls-flutter-sleeve-ric-rac-dress-soft-ivory-bright-blue-g5806crm?tc_ch=display&tc_ve=ba&tc_so=tradedesk&tc_me=pp&tc_ca=bau,,,47.40,79.00,https://cdn.shopify.com/s/files/1/0680/4619/2892/files/26gsum_g5806_crm_v1_f97e5b13-6bf7-429d-af45-083dae7e6cdb.jpg?v=1&width=800,Girls,Girls,20/08/2026,https://us.boden.com/products/girls-flutter-sleeve-ric-rac-dress-soft-ivory-bright-blue-g5806crm?tc_ch=display&tc_ve=ba&tc_so=tradedesk&tc_me=pp&tc_ca=bau,,,59,IN STOCK,,,Soft Ivory/ Bright Blue,,,,TRUE,TRUE
55164005,55164005,55164005,Embroidered V-back dress Boden,https://us.boden.com/products/girls-embroidered-v-back-dress-bright-blue-embroidery-g6021blu?tc_ch=display&tc_ve=ba&tc_so=tradedesk&tc_me=pp&tc_ca=bau,,,48.30,69.00,https://cdn.shopify.com/s/files/1/0680/4619/2892/files/26gsum_g6021_blu_m01.jpg?v=1&width=800,Girls,Girls,20/08/2026,https://us.boden.com/products/girls-embroidered-v-back-dress-bright-blue-embroidery-g6021blu?tc_ch=display&tc_ve=ba&tc_so=tradedesk&tc_me=pp&tc_ca=bau,,,81,IN STOCK,,,Bright Blue Embroidery,,,,TRUE,TRUE
55174226,55174226,55174226,Swim Kaftan Boden,https://us.boden.com/products/girls-swim-kaftan-misty-blue-g6049sky?tc_ch=display&tc_ve=ba&tc_so=tradedesk&tc_me=pp&tc_ca=bau,,,29.40,49.00,https://cdn.shopify.com/s/files/1/0680/4619/2892/files/26gsum_g6049_sky_v1_8826d8f7-70a1-4021-a8ff-8505fb7d8af8.jpg?v=1&width=800,Girls,Girls,20/08/2026,https://us.boden.com/products/girls-swim-kaftan-misty-blue-g6049sky?tc_ch=display&tc_ve=ba&tc_so=tradedesk&tc_me=pp&tc_ca=bau,,,112,IN STOCK,,,Misty Blue,,,,TRUE,TRUE
55163443,55163443,55163443,Ruched Bodice Bubble Dress Boden,https://us.boden.com/products/girls-ruched-bodice-bubble-dress-formica-pink-stripe-g5990pnk?tc_ch=display&tc_ve=ba&tc_so=tradedesk&tc_me=pp&tc_ca=bau,,,37.95,69.00,https://cdn.shopify.com/s/files/1/0680/4619/2892/files/26gsum_g5990_pnk_169b9d20-c35e-43ed-a4e0-eb7128ec4cfe.jpg?v=1&width=800,Girls,Girls,20/08/2026,https://us.boden.com/products/girls-ruched-bodice-bubble-dress-formica-pink-stripe-g5990pnk?tc_ch=display&tc_ve=ba&tc_so=tradedesk&tc_me=pp&tc_ca=bau,,,24,IN STOCK,,,Formica Pink Stripe,,,,TRUE,TRUE
55174675,55174675,55174675,Woven Mix Twirly Dress Boden,https://us.boden.com/products/girls-woven-mix-twirly-dress-azure-blue-jungle-trellis-g5949blu?tc_ch=display&tc_ve=ba&tc_so=tradedesk&tc_me=pp&tc_ca=bau,,,35.75,65.00,https://cdn.shopify.com/s/files/1/0680/4619/2892/files/26ghsm_g5949_blu_v1.jpg?v=1&width=800,Girls,Girls,20/08/2026,https://us.boden.com/products/girls-woven-mix-twirly-dress-azure-blue-jungle-trellis-g5949blu?tc_ch=display&tc_ve=ba&tc_so=tradedesk&tc_me=pp&tc_ca=bau,,,18,IN STOCK,,,Azure Blue Jungle Trellis,,,,TRUE,TRUE
55173060,55173060,55173060,Ruched Bodice Bubble Dress Boden,https://us.boden.com/products/girls-ruched-bodice-bubble-dress-vintage-floral-g5990lbl?tc_ch=display&tc_ve=ba&tc_so=tradedesk&tc_me=pp&tc_ca=bau,,,44.85,69.00,https://cdn.shopify.com/s/files/1/0680/4619/2892/files/26ghsm_g5990_lbl_v2.jpg?v=1&width=800,Girls,Girls,20/08/2026,https://us.boden.com/products/girls-ruched-bodice-bubble-dress-vintage-floral-g5990lbl?tc_ch=display&tc_ve=ba&tc_so=tradedesk&tc_me=pp&tc_ca=bau,,,89,IN STOCK,,,Vintage Floral,,,,TRUE,TRUE
55172644,55172644,55172644,Flutter Sleeve Ric Rac Dress Boden,https://us.boden.com/products/girls-flutter-sleeve-ric-rac-dress-bright-pink-g5806pnk?tc_ch=display&tc_ve=ba&tc_so=tradedesk&tc_me=pp&tc_ca=bau,,,43.45,79.00,https://cdn.shopify.com/s/files/1/0680/4619/2892/files/26ghsm_g5806_pnk_v1_6480e648-624d-40e0-9f37-c75943f42216.jpg?v=1&width=800,Girls,Girls,20/08/2026,https://us.boden.com/products/girls-flutter-sleeve-ric-rac-dress-bright-pink-g5806pnk?tc_ch=display&tc_ve=ba&tc_so=tradedesk&tc_me=pp&tc_ca=bau,,,50,IN STOCK,,,Bright Pink,,,,TRUE,TRUE
55185962,55185962,55185962,Ciara Pom Trim Jersey Romper Boden,https://us.boden.com/products/girls-ciara-pom-trim-jersey-romper-pink-palm-trees-g6050spt?tc_ch=display&tc_ve=ba&tc_so=tradedesk&tc_me=pp&tc_ca=bau,,,33.75,45.00,https://cdn.shopify.com/s/files/1/0680/4619/2892/files/26ghsm_g6050_spt_v1.jpg?v=1&width=800,Girls,Girls,20/08/2026,https://us.boden.com/products/girls-ciara-pom-trim-jersey-romper-pink-palm-trees-g6050spt?tc_ch=display&tc_ve=ba&tc_so=tradedesk&tc_me=pp&tc_ca=bau,,,24,IN STOCK,,,Pink Palm Trees,,,,TRUE,TRUE
55173162,55173162,55173162,Annalisa Twirly Sundress Boden,https://us.boden.com/products/girls-annalisa-twirly-sundress-spicy-red-embroidery-g5913red?tc_ch=display&tc_ve=ba&tc_so=tradedesk&tc_me=pp&tc_ca=bau,,,59.40,99.00,https://cdn.shopify.com/s/files/1/0680/4619/2892/files/26ghsm_g5913_red_v1_234a94b9-5dff-4d9e-82be-9f2bf321b129.jpg?v=1&width=800,Girls,Girls,20/08/2026,https://us.boden.com/products/girls-annalisa-twirly-sundress-spicy-red-embroidery-g5913red?tc_ch=display&tc_ve=ba&tc_so=tradedesk&tc_me=pp&tc_ca=bau,,,48,IN STOCK,,,Spicy Red Embroidery,,,,TRUE,TRUE
55173912,55173912,55173912,Tiered Jersey Sundress Boden,https://us.boden.com/products/girls-tiered-jersey-sundress-peacock-g5921spt?tc_ch=display&tc_ve=ba&tc_so=tradedesk&tc_me=pp&tc_ca=bau,,,25.35,39.00,https://cdn.shopify.com/s/files/1/0680/4619/2892/files/26ghsm_g5921_spt_v1.jpg?v=1&width=800,Girls,Girls,20/08/2026,https://us.boden.com/products/girls-tiered-jersey-sundress-peacock-g5921spt?tc_ch=display&tc_ve=ba&tc_so=tradedesk&tc_me=pp&tc_ca=bau,,,54,IN STOCK,,,Peacock,,,,TRUE,TRUE
55185732,55185732,55185732,Logo Sundress Boden,https://us.boden.com/products/girls-logo-sundress-chalk-pink-g6048pnk?tc_ch=display&tc_ve=ba&tc_so=tradedesk&tc_me=pp&tc_ca=bau,,,61.75,95.00,https://cdn.shopify.com/s/files/1/0680/4619/2892/files/26ghsm_g6048_pnk_v1_1c3ef890-49bd-4156-a62c-a7a28fca9fdc.jpg?v=1&width=800,Girls,Girls,20/08/2026,https://us.boden.com/products/girls-logo-sundress-chalk-pink-g6048pnk?tc_ch=display&tc_ve=ba&tc_so=tradedesk&tc_me=pp&tc_ca=bau,,,58,IN STOCK,,,Chalk Pink,,,,TRUE,TRUE
55174355,55174355,55174355,Tiered Ruffle Occasion Dress Boden,https://us.boden.com/products/girls-tiered-ruffle-occasion-dress-misty-blue-g6029blu?tc_ch=display&tc_ve=ba&tc_so=tradedesk&tc_me=pp&tc_ca=bau,,,77.40,129.00,https://cdn.shopify.com/s/files/1/0680/4619/2892/files/26ghsm_g6029_blu_v1.jpg?v=1&width=800,Girls,Girls,20/08/2026,https://us.boden.com/products/girls-tiered-ruffle-occasion-dress-misty-blue-g6029blu?tc_ch=display&tc_ve=ba&tc_so=tradedesk&tc_me=pp&tc_ca=bau,,,65,IN STOCK,,,Misty Blue,,,,TRUE,TRUE
55162962,55162962,55162962,Flower Hem Occasion Dress Boden,https://us.boden.com/products/girls-flower-hem-occasion-dress-soft-ivory-g6007ivo?tc_ch=display&tc_ve=ba&tc_so=tradedesk&tc_me=pp&tc_ca=bau,,,87.75,135.00,https://cdn.shopify.com/s/files/1/0680/4619/2892/files/26gsum_g6007_ivo_v1.jpg?v=1&width=800,Girls,Girls,20/08/2026,https://us.boden.com/products/girls-flower-hem-occasion-dress-soft-ivory-g6007ivo?tc_ch=display&tc_ve=ba&tc_so=tradedesk&tc_me=pp&tc_ca=bau,,,35,IN STOCK,,,Soft Ivory,,,,TRUE,TRUE
55172998,55172998,55172998,Enola Appliqué Jersey Dress Boden,https://us.boden.com/products/girls-enola-applique-jersey-dress-starboard-blue-giant-cherries-g5964nvy?tc_ch=display&tc_ve=ba&tc_so=tradedesk&tc_me=pp&tc_ca=bau,,,30.25,55.00,https://cdn.shopify.com/s/files/1/0680/4619/2892/files/26ghsm_g5964_nvy_v1_bcded476-fbab-45f1-82b6-c585d4f903fe.jpg?v=1&width=800,Girls,Girls,20/08/2026,https://us.boden.com/products/girls-enola-applique-jersey-dress-starboard-blue-giant-cherries-g5964nvy?tc_ch=display&tc_ve=ba&tc_so=tradedesk&tc_me=pp&tc_ca=bau,,,56,IN STOCK,,,Starboard Blue Giant Cherries,,,,TRUE,TRUE
55191206,55191206,55191206,Flower Hem Occasion Dress Boden,https://us.boden.com/products/girls-flower-hem-occasion-dress-pink-g6007pnk?tc_ch=display&tc_ve=ba&tc_so=tradedesk&tc_me=pp&tc_ca=bau,,,66.99,135.00,https://cdn.shopify.com/s/files/1/0680/4619/2892/files/26ghsm_g6007_pnk_v1_d12d4939-22ab-405f-b83f-e0d8086794a7.jpg?v=1&width=800,Girls,Girls,20/08/2026,https://us.boden.com/products/girls-flower-hem-occasion-dress-pink-g6007pnk?tc_ch=display&tc_ve=ba&tc_so=tradedesk&tc_me=pp&tc_ca=bau,,,36,IN STOCK,,,Pink,,,,TRUE,TRUE
55186544,55186544,55186544,Twirly Jersey Dress Boden,https://us.boden.com/products/girls-twirly-jersey-dress-pink-floral-g5945pnt?tc_ch=display&tc_ve=ba&tc_so=tradedesk&tc_me=pp&tc_ca=bau,,,27.30,39.00,https://cdn.shopify.com/s/files/1/0680/4619/2892/files/26gsum_g5945_pnt_m01.jpg?v=1&width=800,Girls,Girls,20/08/2026,https://us.boden.com/products/girls-twirly-jersey-dress-pink-floral-g5945pnt?tc_ch=display&tc_ve=ba&tc_so=tradedesk&tc_me=pp&tc_ca=bau,,,41,IN STOCK,,,Pink Floral,,,,TRUE,TRUE
55175701,55175701,55175701,Enola Appliqué Jersey Dress Boden,https://us.boden.com/products/girls-enola-applique-jersey-dress-salt-blue-sunrays-g5964bbl?tc_ch=display&tc_ve=ba&tc_so=tradedesk&tc_me=pp&tc_ca=bau,,,38.50,55.00,https://cdn.shopify.com/s/files/1/0680/4619/2892/files/26ghsm_g5964_bbl_a32fdcc5-2adf-41c0-98e4-a9660e308169.jpg?v=1&width=800,Girls,Girls,20/08/2026,https://us.boden.com/products/girls-enola-applique-jersey-dress-salt-blue-sunrays-g5964bbl?tc_ch=display&tc_ve=ba&tc_so=tradedesk&tc_me=pp&tc_ca=bau,,,92,IN STOCK,,,Salt Blue Sunrays,,,,TRUE,TRUE
55179821,55179821,55179821,Tie Waist Woven Playsuit Boden,https://us.boden.com/products/girls-tie-waist-woven-playsuit-blue-cherry-stripe-g6028blu?tc_ch=display&tc_ve=ba&tc_so=tradedesk&tc_me=pp&tc_ca=bau,,,48.30,69.00,https://cdn.shopify.com/s/files/1/0680/4619/2892/files/26ghsm_g6028_blu_a251e699-b25e-407c-9603-adf3070eee2e.jpg?v=1&width=800,Girls,Girls,20/08/2026,https://us.boden.com/products/girls-tie-waist-woven-playsuit-blue-cherry-stripe-g6028blu?tc_ch=display&tc_ve=ba&tc_so=tradedesk&tc_me=pp&tc_ca=bau,,,29,IN STOCK,,,Blue Cherry Stripe,,,,TRUE,TRUE
55173852,55173852,55173852,Embroidered Playsuit Boden,https://us.boden.com/products/girls-embroidered-playsuit-mid-vintage-embroidered-denim-g6036den?tc_ch=display&tc_ve=ba&tc_so=tradedesk&tc_me=pp&tc_ca=bau,,,51.00,85.00,https://cdn.shopify.com/s/files/1/0680/4619/2892/files/26ghsm_g6036_den_4de775f3-c27f-432a-81b6-834602b416f2.jpg?v=1&width=800,Girls,Girls,20/08/2026,https://us.boden.com/products/girls-embroidered-playsuit-mid-vintage-embroidered-denim-g6036den?tc_ch=display&tc_ve=ba&tc_so=tradedesk&tc_me=pp&tc_ca=bau,,,29,IN STOCK,,,Mid Vintage Embroidered Denim,,,,TRUE,TRUE
55179740,55179740,55179740,Pleated Skirt Jersey Dress Boden,https://us.boden.com/products/girls-pleated-skirt-jersey-dress-almond-pink-g6015pnk?tc_ch=display&tc_ve=ba&tc_so=tradedesk&tc_me=pp&tc_ca=bau,,,41.30,59.00,https://cdn.shopify.com/s/files/1/0680/4619/2892/files/26gsum_g6015_pnk_m01_0890ed58-e10e-4b2d-957c-71f2b3db84c8.jpg?v=1&width=800,Girls,Girls,20/08/2026,https://us.boden.com/products/girls-pleated-skirt-jersey-dress-almond-pink-g6015pnk?tc_ch=display&tc_ve=ba&tc_so=tradedesk&tc_me=pp&tc_ca=bau,,,58,IN STOCK,,,Almond Pink,,,,TRUE,TRUE
55175627,55175627,55175627,Cross-back Midi Jersey Dress Boden,https://us.boden.com/products/girls-cross-back-midi-jersey-dress-soft-ivory-small-sunburst-g5968mul?tc_ch=display&tc_ve=ba&tc_so=tradedesk&tc_me=pp&tc_ca=bau,,,34.30,49.00,https://cdn.shopify.com/s/files/1/0680/4619/2892/files/26ghsm_g5968_mul_049b058a-fcb3-4557-8064-2c4d5928ee5e.jpg?v=1&width=800,Girls,Girls,20/08/2026,https://us.boden.com/products/girls-cross-back-midi-jersey-dress-soft-ivory-small-sunburst-g5968mul?tc_ch=display&tc_ve=ba&tc_so=tradedesk&tc_me=pp&tc_ca=bau,,,33,IN STOCK,,,Soft Ivory Small Sunburst,,,,TRUE,TRUE
55190727,55190727,55190727,Gathered Woven Dress Boden,https://us.boden.com/products/baby-gathered-woven-dress-multi-ditsy-floral-y2721mlt?tc_ch=display&tc_ve=ba&tc_so=tradedesk&tc_me=pp&tc_ca=bau,,,49.00,49.00,https://cdn.shopify.com/s/files/1/0680/4619/2892/files/26gaut_y2721_mlt.jpg?v=1&width=800,Baby,Baby,20/08/2026,https://us.boden.com/products/baby-gathered-woven-dress-multi-ditsy-floral-y2721mlt?tc_ch=display&tc_ve=ba&tc_so=tradedesk&tc_me=pp&tc_ca=bau,,,100,IN STOCK,,,Multi Ditsy Floral,,,,TRUE,TRUE
55211094,55211094,55211094,Suki Shirred Jersey Dress Boden,https://us.boden.com/products/girls-suki-shirred-jersey-dress-blue-leopard-g6147blu?tc_ch=display&tc_ve=ba&tc_so=tradedesk&tc_me=pp&tc_ca=bau,,,49.00,49.00,https://cdn.shopify.com/s/files/1/0680/4619/2892/files/26gaut_g6147_blu_62987a46-638d-41c4-bf76-404534bb386f.jpg?v=1&width=800,Girls,Girls,20/08/2026,https://us.boden.com/products/girls-suki-shirred-jersey-dress-blue-leopard-g6147blu?tc_ch=display&tc_ve=ba&tc_so=tradedesk&tc_me=pp&tc_ca=bau,,,103,IN STOCK,,,Blue Leopard,,,,TRUE,TRUE
55191786,55191786,55191786,Madeline Blouson Sleeve Dress Boden,https://us.boden.com/products/girls-madeline-blouson-sleeve-dress-ditsy-floral-g6061mul?tc_ch=display&tc_ve=ba&tc_so=tradedesk&tc_me=pp&tc_ca=bau,,,42.00,42.00,https://cdn.shopify.com/s/files/1/0680/4619/2892/files/26gaut_g6061_mul.jpg?v=1&width=800,Girls,Girls,20/08/2026,https://us.boden.com/products/girls-madeline-blouson-sleeve-dress-ditsy-floral-g6061mul?tc_ch=display&tc_ve=ba&tc_so=tradedesk&tc_me=pp&tc_ca=bau,,,107,IN STOCK,,,Ditsy Floral,,,,TRUE,TRUE
55192301,55192301,55192301,Madeline Blouson Sleeve Dress Boden,https://us.boden.com/products/girls-madeline-blouson-sleeve-dress-heart-print-g6061ppk?tc_ch=display&tc_ve=ba&tc_so=tradedesk&tc_me=pp&tc_ca=bau,,,42.00,42.00,https://cdn.shopify.com/s/files/1/0680/4619/2892/files/26gaut_g6061_ppk_6266e6da-2fe6-42f5-9db4-062fc161a99f.jpg?v=1&width=800,Girls,Girls,20/08/2026,https://us.boden.com/products/girls-madeline-blouson-sleeve-dress-heart-print-g6061ppk?tc_ch=display&tc_ve=ba&tc_so=tradedesk&tc_me=pp&tc_ca=bau,,,210,IN STOCK,,,Heart Print,,,,TRUE,TRUE
55191797,55191797,55191797,Ariel Twirly Jersey Dress Boden,https://us.boden.com/products/girls-ariel-twirly-jersey-dress-pink-floral-g5406pgr?tc_ch=display&tc_ve=ba&tc_so=tradedesk&tc_me=pp&tc_ca=bau,,,39.00,39.00,https://cdn.shopify.com/s/files/1/0680/4619/2892/files/26gaut_g5406_pgr_86bf7b50-27c3-47f8-b944-8cee7ad800f0.jpg?v=1&width=800,Girls,Girls,20/08/2026,https://us.boden.com/products/girls-ariel-twirly-jersey-dress-pink-floral-g5406pgr?tc_ch=display&tc_ve=ba&tc_so=tradedesk&tc_me=pp&tc_ca=bau,,,234,IN STOCK,,,Pink Floral,,,,TRUE,TRUE
55191982,55191982,55191982,Ariel Twirly Jersey Dress Boden,https://us.boden.com/products/girls-ariel-twirly-jersey-dress-blue-cherries-g5406lye?tc_ch=display&tc_ve=ba&tc_so=tradedesk&tc_me=pp&tc_ca=bau,,,39.00,39.00,https://cdn.shopify.com/s/files/1/0680/4619/2892/files/26gaut_g5406_lye_bfc41a29-cd92-48c4-92bf-d45e192fcaf3.jpg?v=1&width=800,Girls,Girls,20/08/2026,https://us.boden.com/products/girls-ariel-twirly-jersey-dress-blue-cherries-g5406lye?tc_ch=display&tc_ve=ba&tc_so=tradedesk&tc_me=pp&tc_ca=bau,,,142,IN STOCK,,,Blue Cherries,,,,TRUE,TRUE
55193354,55193354,55193354,Embroidered Sleeve Dress Boden,https://us.boden.com/products/girls-embroidered-sleeve-dress-denim-blue-g6062blu?tc_ch=display&tc_ve=ba&tc_so=tradedesk&tc_me=pp&tc_ca=bau,,,65.00,65.00,https://cdn.shopify.com/s/files/1/0680/4619/2892/files/26gaut_g6062_blu_865eaea3-2fd4-4ce4-8389-5e545bf5120d.jpg?v=1&width=800,Girls,Girls,20/08/2026,https://us.boden.com/products/girls-embroidered-sleeve-dress-denim-blue-g6062blu?tc_ch=display&tc_ve=ba&tc_so=tradedesk&tc_me=pp&tc_ca=bau,,,180,IN STOCK,,,Denim Blue,,,,TRUE,TRUE
55192423,55192423,55192423,Ballerina Jersey Dress Boden,https://us.boden.com/products/girls-ballerina-jersey-dress-blue-horses-g5771ble?tc_ch=display&tc_ve=ba&tc_so=tradedesk&tc_me=pp&tc_ca=bau,,,39.00,39.00,https://cdn.shopify.com/s/files/1/0680/4619/2892/files/26gaut_g5771_ble.jpg?v=1&width=800,Girls,Girls,20/08/2026,https://us.boden.com/products/girls-ballerina-jersey-dress-blue-horses-g5771ble?tc_ch=display&tc_ve=ba&tc_so=tradedesk&tc_me=pp&tc_ca=bau,,,303,IN STOCK,,,Blue Horses,,,,TRUE,TRUE
55191726,55191726,55191726,Ballerina Jersey Dress Boden,https://us.boden.com/products/girls-ballerina-jersey-dress-multi-floral-g5771mul?tc_ch=display&tc_ve=ba&tc_so=tradedesk&tc_me=pp&tc_ca=bau,,,39.00,39.00,https://cdn.shopify.com/s/files/1/0680/4619/2892/files/26gaut_g5771_mul_e668563c-876a-401e-a994-6abd9e77b89a.jpg?v=1&width=800,Girls,Girls,20/08/2026,https://us.boden.com/products/girls-ballerina-jersey-dress-multi-floral-g5771mul?tc_ch=display&tc_ve=ba&tc_so=tradedesk&tc_me=pp&tc_ca=bau,,,187,IN STOCK,,,Multi Floral,,,,TRUE,TRUE
55191983,55191983,55191983,Twirly Jersey Dress Boden,https://us.boden.com/products/girls-twirly-jersey-dress-blue-butterfly-g5945blm?tc_ch=display&tc_ve=ba&tc_so=tradedesk&tc_me=pp&tc_ca=bau,,,39.00,39.00,https://cdn.shopify.com/s/files/1/0680/4619/2892/files/26gaut_g5945_blm.jpg?v=1&width=800,Girls,Girls,20/08/2026,https://us.boden.com/products/girls-twirly-jersey-dress-blue-butterfly-g5945blm?tc_ch=display&tc_ve=ba&tc_so=tradedesk&tc_me=pp&tc_ca=bau,,,86,IN STOCK,,,Blue Butterfly,,,,TRUE,TRUE
55191930,55191930,55191930,Ruffle Skirt Jersey Dress Boden,https://us.boden.com/products/girls-ruffle-skirt-jersey-dress-bluejay-ditsy-floral-g6103blu?tc_ch=display&tc_ve=ba&tc_so=tradedesk&tc_me=pp&tc_ca=bau,,,55.00,55.00,https://cdn.shopify.com/s/files/1/0680/4619/2892/files/26gaut_g6103_blu.jpg?v=1&width=800,Girls,Girls,20/08/2026,https://us.boden.com/products/girls-ruffle-skirt-jersey-dress-bluejay-ditsy-floral-g6103blu?tc_ch=display&tc_ve=ba&tc_so=tradedesk&tc_me=pp&tc_ca=bau,,,41,IN STOCK,,,Bluejay Ditsy Floral,,,,TRUE,TRUE
55192008,55192008,55192008,Ruffle Skirt Jersey Dress Boden,https://us.boden.com/products/girls-ruffle-skirt-jersey-dress-formica-pink-floral-bunches-g6103pnk?tc_ch=display&tc_ve=ba&tc_so=tradedesk&tc_me=pp&tc_ca=bau,,,55.00,55.00,https://cdn.shopify.com/s/files/1/0680/4619/2892/files/26gaut_g6103_pnk_98bef401-baf6-4760-b40c-970573707bb4.jpg?v=1&width=800,Girls,Girls,20/08/2026,https://us.boden.com/products/girls-ruffle-skirt-jersey-dress-formica-pink-floral-bunches-g6103pnk?tc_ch=display&tc_ve=ba&tc_so=tradedesk&tc_me=pp&tc_ca=bau,,,100,IN STOCK,,,Formica Pink Floral Bunches,,,,TRUE,TRUE
55218831,55218831,55218831,Ida Sweatshirt Appliqué Dress Boden,https://us.boden.com/products/girls-ida-sweatshirt-applique-dress-oatmeal-butterlies-g4875nor?tc_ch=display&tc_ve=ba&tc_so=tradedesk&tc_me=pp&tc_ca=bau,,,69.00,69.00,https://cdn.shopify.com/s/files/1/0680/4619/2892/files/26gaut_g4875_nor_8be3b865-495f-441f-a29f-83920ad0369b.jpg?v=1&width=800,Girls,Girls,20/08/2026,https://us.boden.com/products/girls-ida-sweatshirt-applique-dress-oatmeal-butterlies-g4875nor?tc_ch=display&tc_ve=ba&tc_so=tradedesk&tc_me=pp&tc_ca=bau,,,71,IN STOCK,,,Oatmeal Butterlies,,,,TRUE,TRUE
55193326,55193326,55193326,Minna Sweatshirt Dress Boden,https://us.boden.com/products/girls-minna-sweatshirt-dress-brown-floral-g5560brm?tc_ch=display&tc_ve=ba&tc_so=tradedesk&tc_me=pp&tc_ca=bau,,,49.00,49.00,https://cdn.shopify.com/s/files/1/0680/4619/2892/files/26gaut_g5560_brm_e627566e-2183-4da6-a52c-61f864613660.jpg?v=1&width=800,Girls,Girls,20/08/2026,https://us.boden.com/products/girls-minna-sweatshirt-dress-brown-floral-g5560brm?tc_ch=display&tc_ve=ba&tc_so=tradedesk&tc_me=pp&tc_ca=bau,,,136,IN STOCK,,,Brown  Floral,,,,TRUE,TRUE
55192599,55192599,55192599,Bow Front Woven Dress Boden,https://us.boden.com/products/girls-bow-front-woven-dress-soft-ivory-flowerbed-g6055mul?tc_ch=display&tc_ve=ba&tc_so=tradedesk&tc_me=pp&tc_ca=bau,,,69.00,69.00,https://cdn.shopify.com/s/files/1/0680/4619/2892/files/26gaut_g6055_mul_v1_d0e15888-8d7e-44c5-bbc6-02f96caf5ab2.jpg?v=1&width=800,Girls,Girls,20/08/2026,https://us.boden.com/products/girls-bow-front-woven-dress-soft-ivory-flowerbed-g6055mul?tc_ch=display&tc_ve=ba&tc_so=tradedesk&tc_me=pp&tc_ca=bau,,,54,IN STOCK,,,Soft Ivory Flowerbed,,,,TRUE,TRUE
55193273,55193273,55193273,Bow Front Woven Dress Boden,https://us.boden.com/products/girls-bow-front-woven-dress-blue-stripe-g6055blu?tc_ch=display&tc_ve=ba&tc_so=tradedesk&tc_me=pp&tc_ca=bau,,,69.00,69.00,https://cdn.shopify.com/s/files/1/0680/4619/2892/files/26gaut_g6055_blu_666c64ec-4360-49ec-a9bb-d3c91322aee3.jpg?v=1&width=800,Girls,Girls,20/08/2026,https://us.boden.com/products/girls-bow-front-woven-dress-blue-stripe-g6055blu?tc_ch=display&tc_ve=ba&tc_so=tradedesk&tc_me=pp&tc_ca=bau,,,49,IN STOCK,,,Blue Stripe,,,,TRUE,TRUE
55192672,55192672,55192672,Bow Waist Woven Dress Boden,https://us.boden.com/products/girls-bow-waist-woven-dress-mid-vintage-denim-g6066den?tc_ch=display&tc_ve=ba&tc_so=tradedesk&tc_me=pp&tc_ca=bau,,,55.00,55.00,https://cdn.shopify.com/s/files/1/0680/4619/2892/files/26gaut_g6066_den.jpg?v=1&width=800,Girls,Girls,20/08/2026,https://us.boden.com/products/girls-bow-waist-woven-dress-mid-vintage-denim-g6066den?tc_ch=display&tc_ve=ba&tc_so=tradedesk&tc_me=pp&tc_ca=bau,,,137,IN STOCK,,,Mid Vintage Denim,,,,TRUE,TRUE
55192111,55192111,55192111,Pretty Cape Dress Boden,https://us.boden.com/products/girls-pretty-cape-dress-multi-vintage-floral-placement-g6067mul?tc_ch=display&tc_ve=ba&tc_so=tradedesk&tc_me=pp&tc_ca=bau,,,79.00,79.00,https://cdn.shopify.com/s/files/1/0680/4619/2892/files/26gaut_g6067_mul_6ef398cc-68e8-4cdf-bdc1-fc41059a603c.jpg?v=1&width=800,Girls,Girls,20/08/2026,https://us.boden.com/products/girls-pretty-cape-dress-multi-vintage-floral-placement-g6067mul?tc_ch=display&tc_ve=ba&tc_so=tradedesk&tc_me=pp&tc_ca=bau,,,11,IN STOCK,,,Multi Vintage Floral Placement,,,,TRUE,TRUE
55207740,55207740,55207740,Ruffle Shirt Dress Boden,https://us.boden.com/products/girls-ruffle-shirt-dress-brown-g6070brn?tc_ch=display&tc_ve=ba&tc_so=tradedesk&tc_me=pp&tc_ca=bau,,,79.00,79.00,https://cdn.shopify.com/s/files/1/0680/4619/2892/files/26gaut_g6070_brn_43704858-da0e-4496-9fe5-e99f133585f0.jpg?v=1&width=800,Girls,Girls,20/08/2026,https://us.boden.com/products/girls-ruffle-shirt-dress-brown-g6070brn?tc_ch=display&tc_ve=ba&tc_so=tradedesk&tc_me=pp&tc_ca=bau,,,91,IN STOCK,,,Brown,,,,TRUE,TRUE
55192689,55192689,55192689,Ruffle Shirt Dress Boden,https://us.boden.com/products/girls-ruffle-shirt-dress-mid-vintage-g6070den?tc_ch=display&tc_ve=ba&tc_so=tradedesk&tc_me=pp&tc_ca=bau,,,79.00,79.00,https://cdn.shopify.com/s/files/1/0680/4619/2892/files/26gaut_g6070_den_w01_ddb99833-1e4e-44ae-95cd-2505e488da8c.jpg?v=1&width=800,Girls,Girls,20/08/2026,https://us.boden.com/products/girls-ruffle-shirt-dress-mid-vintage-g6070den?tc_ch=display&tc_ve=ba&tc_so=tradedesk&tc_me=pp&tc_ca=bau,,,55,IN STOCK,,,Mid Vintage,,,,TRUE,TRUE
55201909,55201909,55201909,Adeline A-line Overalls Dress Boden,https://us.boden.com/products/girls-adeline-a-line-overalls-dress-plain-denim-g6071ldn?tc_ch=display&tc_ve=ba&tc_so=tradedesk&tc_me=pp&tc_ca=bau,,,55.00,55.00,https://cdn.shopify.com/s/files/1/0680/4619/2892/files/26gaut_g6071_ldn_a5824883-5359-45bd-9a01-ff752e9f45d2.jpg?v=1&width=800,Girls,Girls,20/08/2026,https://us.boden.com/products/girls-adeline-a-line-overalls-dress-plain-denim-g6071ldn?tc_ch=display&tc_ve=ba&tc_so=tradedesk&tc_me=pp&tc_ca=bau,,,153,IN STOCK,,,Plain Denim,,,,TRUE,TRUE
55192403,55192403,55192403,Printed Tiered Woven Dress Boden,https://us.boden.com/products/girls-printed-tiered-woven-dress-pink-floral-placement-g6072ppk?tc_ch=display&tc_ve=ba&tc_so=tradedesk&tc_me=pp&tc_ca=bau,,,89.00,89.00,https://cdn.shopify.com/s/files/1/0680/4619/2892/files/26gaut_g6072_ppk.jpg?v=1&width=800,Girls,Girls,20/08/2026,https://us.boden.com/products/girls-printed-tiered-woven-dress-pink-floral-placement-g6072ppk?tc_ch=display&tc_ve=ba&tc_so=tradedesk&tc_me=pp&tc_ca=bau,,,69,IN STOCK,,,Pink Floral Placement,,,,TRUE,TRUE
55193263,55193263,55193263,Willa Pinafore Dress Boden,https://us.boden.com/products/girls-willa-pinafore-dress-mid-denim-g6097den?tc_ch=display&tc_ve=ba&tc_so=tradedesk&tc_me=pp&tc_ca=bau,,,55.00,55.00,https://cdn.shopify.com/s/files/1/0680/4619/2892/files/26gaut_g6097_den_m01.jpg?v=1&width=800,Girls,Girls,20/08/2026,https://us.boden.com/products/girls-willa-pinafore-dress-mid-denim-g6097den?tc_ch=display&tc_ve=ba&tc_so=tradedesk&tc_me=pp&tc_ca=bau,,,248,IN STOCK,,,Mid Denim,,,,TRUE,TRUE
55193239,55193239,55193239,Willa Pinafore Dress Boden,https://us.boden.com/products/girls-willa-pinafore-dress-pink-heather-g6097pnk?tc_ch=display&tc_ve=ba&tc_so=tradedesk&tc_me=pp&tc_ca=bau,,,55.00,55.00,https://cdn.shopify.com/s/files/1/0680/4619/2892/files/26gaut_g6097_pnk_f2fb1ade-e8a9-45ac-b4fd-ce6dd2cf8926.jpg?v=1&width=800,Girls,Girls,20/08/2026,https://us.boden.com/products/girls-willa-pinafore-dress-pink-heather-g6097pnk?tc_ch=display&tc_ve=ba&tc_so=tradedesk&tc_me=pp&tc_ca=bau,,,138,IN STOCK,,,Pink Heather,,,,TRUE,TRUE
55193287,55193287,55193287,Willa Pinafore Dress Boden,https://us.boden.com/products/girls-willa-pinafore-dress-almond-brown-g6097brn?tc_ch=display&tc_ve=ba&tc_so=tradedesk&tc_me=pp&tc_ca=bau,,,55.00,55.00,https://cdn.shopify.com/s/files/1/0680/4619/2892/files/26gaut_g6097_brn_77a66b9f-bbc3-4cf3-a394-291e284e9fb3.jpg?v=1&width=800,Girls,Girls,20/08/2026,https://us.boden.com/products/girls-willa-pinafore-dress-almond-brown-g6097brn?tc_ch=display&tc_ve=ba&tc_so=tradedesk&tc_me=pp&tc_ca=bau,,,147,IN STOCK,,,Almond Brown,,,,TRUE,TRUE
55192213,55192213,55192213,Short Sleeve Logo Tulle Dress Boden,https://us.boden.com/products/girls-short-sleeve-logo-tulle-dress-blue-hearts-g5773lbl?tc_ch=display&tc_ve=ba&tc_so=tradedesk&tc_me=pp&tc_ca=bau,,,79.00,79.00,https://cdn.shopify.com/s/files/1/0680/4619/2892/files/26gaut_g5773_lbl_v2_3f08f747-6c2e-4205-a442-6f7e1bc85b41.jpg?v=1&width=800,Girls,Girls,20/08/2026,https://us.boden.com/products/girls-short-sleeve-logo-tulle-dress-blue-hearts-g5773lbl?tc_ch=display&tc_ve=ba&tc_so=tradedesk&tc_me=pp&tc_ca=bau,,,258,IN STOCK,,,Blue Hearts,,,,TRUE,TRUE
55213661,55213661,55213661,Flutter Sleeve Denim Jumpsuit Boden,https://us.boden.com/products/girls-flutter-sleeve-denim-jumpsuit-mid-vintage-g6089den?tc_ch=display&tc_ve=ba&tc_so=tradedesk&tc_me=pp&tc_ca=bau,,,89.00,89.00,https://cdn.shopify.com/s/files/1/0680/4619/2892/files/26gaut_g6089_den_m01_2554371c-2cad-47c7-be72-eef62b378ee6.jpg?v=1&width=800,Girls,Girls,20/08/2026,https://us.boden.com/products/girls-flutter-sleeve-denim-jumpsuit-mid-vintage-g6089den?tc_ch=display&tc_ve=ba&tc_so=tradedesk&tc_me=pp&tc_ca=bau,,,38,IN STOCK,,,Mid Vintage,,,,TRUE,TRUE
55192005,55192005,55192005,Bow Waist Woven Dress Boden,https://us.boden.com/products/girls-bow-waist-woven-dress-leopard-print-g6066brn?tc_ch=display&tc_ve=ba&tc_so=tradedesk&tc_me=pp&tc_ca=bau,,,55.00,55.00,https://cdn.shopify.com/s/files/1/0680/4619/2892/files/26gaut_g6066_brn.jpg?v=1&width=800,Girls,Girls,20/08/2026,https://us.boden.com/products/girls-bow-waist-woven-dress-leopard-print-g6066brn?tc_ch=display&tc_ve=ba&tc_so=tradedesk&tc_me=pp&tc_ca=bau,,,182,IN STOCK,,,Leopard Print,,,,TRUE,TRUE
55197927,55197927,55197927,Embroidered Sleeve Dress Boden,https://us.boden.com/products/girls-embroidered-sleeve-dress-spring-blossom-pink-g6062pnk?tc_ch=display&tc_ve=ba&tc_so=tradedesk&tc_me=pp&tc_ca=bau,,,65.00,65.00,https://cdn.shopify.com/s/files/1/0680/4619/2892/files/26gaut_g6062_pnk_w01.jpg?v=1&width=800,Girls,Girls,20/08/2026,https://us.boden.com/products/girls-embroidered-sleeve-dress-spring-blossom-pink-g6062pnk?tc_ch=display&tc_ve=ba&tc_so=tradedesk&tc_me=pp&tc_ca=bau,,,140,IN STOCK,,,Spring Blossom Pink,,,,TRUE,TRUE
55198039,55198039,55198039,Long Sleeve Bubble Hem Dress Boden,https://us.boden.com/products/girls-long-sleeve-bubble-hem-dress-blue-multi-floral-g6116mml?tc_ch=display&tc_ve=ba&tc_so=tradedesk&tc_me=pp&tc_ca=bau,,,79.00,79.00,https://cdn.shopify.com/s/files/1/0680/4619/2892/files/26gaut_g6116_mml.jpg?v=1&width=800,Girls,Girls,20/08/2026,https://us.boden.com/products/girls-long-sleeve-bubble-hem-dress-blue-multi-floral-g6116mml?tc_ch=display&tc_ve=ba&tc_so=tradedesk&tc_me=pp&tc_ca=bau,,,52,IN STOCK,,,Blue Multi Floral,,,,TRUE,TRUE
55196317,55196317,55196317,Minna Sweatshirt Dress Boden,https://us.boden.com/products/girls-minna-sweatshirt-dress-blue-heart-stripe-g5560blu?tc_ch=display&tc_ve=ba&tc_so=tradedesk&tc_me=pp&tc_ca=bau,,,49.00,49.00,https://cdn.shopify.com/s/files/1/0680/4619/2892/files/26gaut_g5560_blu_5d81b681-f35c-402b-8ad1-4ede3ed015e2.jpg?v=1&width=800,Girls,Girls,20/08/2026,https://us.boden.com/products/girls-minna-sweatshirt-dress-blue-heart-stripe-g5560blu?tc_ch=display&tc_ve=ba&tc_so=tradedesk&tc_me=pp&tc_ca=bau,,,170,IN STOCK,,,Blue Heart Stripe,,,,TRUE,TRUE
55219678,55219678,55219678,Minna Sweatshirt Dress Boden,https://us.boden.com/products/girls-minna-sweatshirt-dress-leopard-g5560lbr?tc_ch=display&tc_ve=ba&tc_so=tradedesk&tc_me=pp&tc_ca=bau,,,49.00,49.00,https://cdn.shopify.com/s/files/1/0680/4619/2892/files/26gaut_g5560_lbr_4e4b5bbd-bb6f-4b5f-946f-519018631420.jpg?v=1&width=800,Girls,Girls,20/08/2026,https://us.boden.com/products/girls-minna-sweatshirt-dress-leopard-g5560lbr?tc_ch=display&tc_ve=ba&tc_so=tradedesk&tc_me=pp&tc_ca=bau,,,140,IN STOCK,,,Leopard,,,,TRUE,TRUE
55198144,55198144,55198144,Cora Jersey RaRa Dress Boden,https://us.boden.com/products/girls-cora-jersey-rara-dress-pomegranate-red-spotty-hearts-g6054red?tc_ch=display&tc_ve=ba&tc_so=tradedesk&tc_me=pp&tc_ca=bau,,,65.00,65.00,https://cdn.shopify.com/s/files/1/0680/4619/2892/files/26gaut_g6054_red_ba52a078-3aaa-48f0-9c95-593a7263d612.jpg?v=1&width=800,Girls,Girls,20/08/2026,https://us.boden.com/products/girls-cora-jersey-rara-dress-pomegranate-red-spotty-hearts-g6054red?tc_ch=display&tc_ve=ba&tc_so=tradedesk&tc_me=pp&tc_ca=bau,,,184,IN STOCK,,,Pomegranate Red Spotty Hearts,,,,TRUE,TRUE
55195901,55195901,55195901,Madeline Blouson Sleeve Dress Boden,https://us.boden.com/products/girls-madeline-blouson-sleeve-dress-blue-halloween-witches-g6061ble?tc_ch=display&tc_ve=ba&tc_so=tradedesk&tc_me=pp&tc_ca=bau,,,42.00,42.00,https://cdn.shopify.com/s/files/1/0680/4619/2892/files/26gaut_g6061_ble_m01.jpg?v=1&width=800,Girls,Girls,20/08/2026,https://us.boden.com/products/girls-madeline-blouson-sleeve-dress-blue-halloween-witches-g6061ble?tc_ch=display&tc_ve=ba&tc_so=tradedesk&tc_me=pp&tc_ca=bau,,,82,IN STOCK,,,Blue Halloween Witches,,,,TRUE,TRUE
55196634,55196634,55196634,Madeline Blouson Sleeve Dress Boden,https://us.boden.com/products/girls-madeline-blouson-sleeve-dress-green-sausage-dog-g6061mgr?tc_ch=display&tc_ve=ba&tc_so=tradedesk&tc_me=pp&tc_ca=bau,,,42.00,42.00,https://cdn.shopify.com/s/files/1/0680/4619/2892/files/26gaut_g6061_mgr_1a05ed21-c157-4919-bddb-7d6203faa592.jpg?v=1&width=800,Girls,Girls,20/08/2026,https://us.boden.com/products/girls-madeline-blouson-sleeve-dress-green-sausage-dog-g6061mgr?tc_ch=display&tc_ve=ba&tc_so=tradedesk&tc_me=pp&tc_ca=bau,,,175,IN STOCK,,,Green Sausage Dog,,,,TRUE,TRUE
55198865,55198865,55198865,Celia Wing Sleeve Dress Boden,https://us.boden.com/products/girls-celia-wing-sleeve-dress-denim-pink-embroidery-g6111den?tc_ch=display&tc_ve=ba&tc_so=tradedesk&tc_me=pp&tc_ca=bau,,,79.00,79.00,https://cdn.shopify.com/s/files/1/0680/4619/2892/files/26gaut_g6111_den_w01_dd798e6a-cdad-4e23-a504-778a904a1b12.jpg?v=1&width=800,Girls,Girls,20/08/2026,https://us.boden.com/products/girls-celia-wing-sleeve-dress-denim-pink-embroidery-g6111den?tc_ch=display&tc_ve=ba&tc_so=tradedesk&tc_me=pp&tc_ca=bau,,,84,IN STOCK,,,Denim Pink Embroidery,,,,TRUE,TRUE
55196261,55196261,55196261,Adeline A-line Overalls Dress Boden,https://us.boden.com/products/girls-adeline-a-line-overalls-dress-navy-cord-g6071nnv?tc_ch=display&tc_ve=ba&tc_so=tradedesk&tc_me=pp&tc_ca=bau,,,55.00,55.00,https://cdn.shopify.com/s/files/1/0680/4619/2892/files/26gaut_g6071_nnv_1acaceb4-b051-4238-a199-73c95f93dc02.jpg?v=1&width=800,Girls,Girls,20/08/2026,https://us.boden.com/products/girls-adeline-a-line-overalls-dress-navy-cord-g6071nnv?tc_ch=display&tc_ve=ba&tc_so=tradedesk&tc_me=pp&tc_ca=bau,,,188,IN STOCK,,,Navy Cord,,,,TRUE,TRUE
55197675,55197675,55197675,Ami Relaxed Sweatshirt Dress Boden,https://us.boden.com/products/girls-ami-relaxed-sweatshirt-dress-pink-flower-embroidery-g5746ppk?tc_ch=display&tc_ve=ba&tc_so=tradedesk&tc_me=pp&tc_ca=bau,,,69.00,69.00,https://cdn.shopify.com/s/files/1/0680/4619/2892/files/26gaut_g5746_ppk_51497996-cc8a-419c-8f6d-13e75a4d4666.jpg?v=1&width=800,Girls,Girls,20/08/2026,https://us.boden.com/products/girls-ami-relaxed-sweatshirt-dress-pink-flower-embroidery-g5746ppk?tc_ch=display&tc_ve=ba&tc_so=tradedesk&tc_me=pp&tc_ca=bau,,,200,IN STOCK,,,Pink Flower Embroidery,,,,TRUE,TRUE
55198392,55198392,55198392,Ami Relaxed Sweatshirt Dress Boden,https://us.boden.com/products/girls-ami-relaxed-sweatshirt-dress-blue-heart-embroidery-g5746bel?tc_ch=display&tc_ve=ba&tc_so=tradedesk&tc_me=pp&tc_ca=bau,,,69.00,69.00,https://cdn.shopify.com/s/files/1/0680/4619/2892/files/26gaut_g5746_bel_9dd7d6b8-110a-4535-976b-17e265b5450c.jpg?v=1&width=800,Girls,Girls,20/08/2026,https://us.boden.com/products/girls-ami-relaxed-sweatshirt-dress-blue-heart-embroidery-g5746bel?tc_ch=display&tc_ve=ba&tc_so=tradedesk&tc_me=pp&tc_ca=bau,,,261,IN STOCK,,,Blue Heart Embroidery,,,,TRUE,TRUE
55198824,55198824,55198824,Cora Jersey RaRa Dress Boden,https://us.boden.com/products/girls-cora-jersey-rara-dress-pink-flower-vine-g6054ppk?tc_ch=display&tc_ve=ba&tc_so=tradedesk&tc_me=pp&tc_ca=bau,,,65.00,65.00,https://cdn.shopify.com/s/files/1/0680/4619/2892/files/26gaut_g6054_ppk_e7dfcc10-1cb8-442f-9195-d5cd7076aa6f.jpg?v=1&width=800,Girls,Girls,20/08/2026,https://us.boden.com/products/girls-cora-jersey-rara-dress-pink-flower-vine-g6054ppk?tc_ch=display&tc_ve=ba&tc_so=tradedesk&tc_me=pp&tc_ca=bau,,,291,IN STOCK,,,Pink Flower Vine,,,,TRUE,TRUE
55211237,55211237,55211237,Cora Jersey RaRa Dress Boden,https://us.boden.com/products/girls-cora-jersey-rara-dress-blue-ditsy-g6054bbl?tc_ch=display&tc_ve=ba&tc_so=tradedesk&tc_me=pp&tc_ca=bau,,,65.00,65.00,https://cdn.shopify.com/s/files/1/0680/4619/2892/files/26gaut_g6054_bbl_8b8137eb-18a6-4b35-b164-d0139f385f27.jpg?v=1&width=800,Girls,Girls,20/08/2026,https://us.boden.com/products/girls-cora-jersey-rara-dress-blue-ditsy-g6054bbl?tc_ch=display&tc_ve=ba&tc_so=tradedesk&tc_me=pp&tc_ca=bau,,,280,IN STOCK,,,Blue Ditsy,,,,TRUE,TRUE
55196307,55196307,55196307,Minna Sweatshirt Dress Boden,https://us.boden.com/products/girls-minna-sweatshirt-dress-pink-floral-g5560cor?tc_ch=display&tc_ve=ba&tc_so=tradedesk&tc_me=pp&tc_ca=bau,,,49.00,49.00,https://cdn.shopify.com/s/files/1/0680/4619/2892/files/26gaut_g5560_cor_1a43c33f-ccfb-452b-88c6-e2ebec7a28f7.jpg?v=1&width=800,Girls,Girls,20/08/2026,https://us.boden.com/products/girls-minna-sweatshirt-dress-pink-floral-g5560cor?tc_ch=display&tc_ve=ba&tc_so=tradedesk&tc_me=pp&tc_ca=bau,,,148,IN STOCK,,,Pink Floral,,,,TRUE,TRUE
55198251,55198251,55198251,Long Sleeve Twirly Dress Boden,https://us.boden.com/products/girls-long-sleeve-twirly-dress-milk-chocolate-brown-leopard-g6146brn?tc_ch=display&tc_ve=ba&tc_so=tradedesk&tc_me=pp&tc_ca=bau,,,42.00,42.00,https://cdn.shopify.com/s/files/1/0680/4619/2892/files/26gaut_g6146_brn_e5f6b501-8d6e-406d-99b2-4e0b2be3e562.jpg?v=1&width=800,Girls,Girls,20/08/2026,https://us.boden.com/products/girls-long-sleeve-twirly-dress-milk-chocolate-brown-leopard-g6146brn?tc_ch=display&tc_ve=ba&tc_so=tradedesk&tc_me=pp&tc_ca=bau,,,193,IN STOCK,,,Milk Chocolate Brown Leopard,,,,TRUE,TRUE
55197854,55197854,55197854,Betsy Woven Puff Sleeve Dress Boden,https://us.boden.com/products/girls-betsy-woven-puff-sleeve-dress-denim-tiny-hearts-g6119den?tc_ch=display&tc_ve=ba&tc_so=tradedesk&tc_me=pp&tc_ca=bau,,,65.00,65.00,https://cdn.shopify.com/s/files/1/0680/4619/2892/files/26gaut_g6119_den_w01.jpg?v=1&width=800,Girls,Girls,20/08/2026,https://us.boden.com/products/girls-betsy-woven-puff-sleeve-dress-denim-tiny-hearts-g6119den?tc_ch=display&tc_ve=ba&tc_so=tradedesk&tc_me=pp&tc_ca=bau,,,176,IN STOCK,,,Denim Tiny Hearts,,,,TRUE,TRUE
55198552,55198552,55198552,Winnie Frill Trim Shirt Dress Boden,https://us.boden.com/products/girls-winnie-frill-trim-shirt-dress-denim-heart-embroidery-g6117ddn?tc_ch=display&tc_ve=ba&tc_so=tradedesk&tc_me=pp&tc_ca=bau,,,69.00,69.00,https://cdn.shopify.com/s/files/1/0680/4619/2892/files/26gaut_g6117_ddn.jpg?v=1&width=800,Girls,Girls,20/08/2026,https://us.boden.com/products/girls-winnie-frill-trim-shirt-dress-denim-heart-embroidery-g6117ddn?tc_ch=display&tc_ve=ba&tc_so=tradedesk&tc_me=pp&tc_ca=bau,,,267,IN STOCK,,,Denim Heart Embroidery,,,,TRUE,TRUE
55198969,55198969,55198969,Suki Shirred Jersey Dress Boden,https://us.boden.com/products/girls-suki-shirred-jersey-dress-pink-bud-floral-g6147pnk?tc_ch=display&tc_ve=ba&tc_so=tradedesk&tc_me=pp&tc_ca=bau,,,49.00,49.00,https://cdn.shopify.com/s/files/1/0680/4619/2892/files/26gaut_g6147_pnk_ef50e3dd-ea1d-4ea1-9e12-74b998978c78.jpg?v=1&width=800,Girls,Girls,20/08/2026,https://us.boden.com/products/girls-suki-shirred-jersey-dress-pink-bud-floral-g6147pnk?tc_ch=display&tc_ve=ba&tc_so=tradedesk&tc_me=pp&tc_ca=bau,,,217,IN STOCK,,,Pink Bud Floral,,,,TRUE,TRUE
55196024,55196024,55196024,Short Sleeve Logo Tulle Dress Boden,https://us.boden.com/products/girls-short-sleeve-logo-tulle-dress-pink-cherry-applique-g5773ros?tc_ch=display&tc_ve=ba&tc_so=tradedesk&tc_me=pp&tc_ca=bau,,,79.00,79.00,https://cdn.shopify.com/s/files/1/0680/4619/2892/files/26gaut_g5773_ros_acfe5bdc-38ff-44a0-a68c-521f295b2947.jpg?v=1&width=800,Girls,Girls,20/08/2026,https://us.boden.com/products/girls-short-sleeve-logo-tulle-dress-pink-cherry-applique-g5773ros?tc_ch=display&tc_ve=ba&tc_so=tradedesk&tc_me=pp&tc_ca=bau,,,259,IN STOCK,,,Pink Cherry Applique,,,,TRUE,TRUE
55196653,55196653,55196653,Shirred Drop Waist Dress Boden,https://us.boden.com/products/girls-shirred-drop-waist-dress-light-denim-g6068den?tc_ch=display&tc_ve=ba&tc_so=tradedesk&tc_me=pp&tc_ca=bau,,,69.00,69.00,https://cdn.shopify.com/s/files/1/0680/4619/2892/files/26gaut_g6068_den_aab4ba02-e03f-4fe1-a411-c812015c95c6.jpg?v=1&width=800,Girls,Girls,20/08/2026,https://us.boden.com/products/girls-shirred-drop-waist-dress-light-denim-g6068den?tc_ch=display&tc_ve=ba&tc_so=tradedesk&tc_me=pp&tc_ca=bau,,,172,IN STOCK,,,Light Denim,,,,TRUE,TRUE
55198098,55198098,55198098,Flutter Sleeve Denim Jumpsuit Boden,https://us.boden.com/products/girls-flutter-sleeve-denim-jumpsuit-brown-embroidery-g6089brn?tc_ch=display&tc_ve=ba&tc_so=tradedesk&tc_me=pp&tc_ca=bau,,,89.00,89.00,https://cdn.shopify.com/s/files/1/0680/4619/2892/files/26gaut_g6089_brn_w01_5a21ebc1-450e-4ef0-9faf-89ee5c10d1dd.jpg?v=1&width=800,Girls,Girls,20/08/2026,https://us.boden.com/products/girls-flutter-sleeve-denim-jumpsuit-brown-embroidery-g6089brn?tc_ch=display&tc_ve=ba&tc_so=tradedesk&tc_me=pp&tc_ca=bau,,,100,IN STOCK,,,Brown Embroidery,,,,TRUE,TRUE
55198836,55198836,55198836,Appliqué Tulle Dress Boden,https://us.boden.com/products/girls-applique-tulle-dress-college-navy-spiders-web-g6123nvy?tc_ch=display&tc_ve=ba&tc_so=tradedesk&tc_me=pp&tc_ca=bau,,,119.00,119.00,https://cdn.shopify.com/s/files/1/0680/4619/2892/files/26gaut_g6123_nvy_m01_517ab0d1-a08e-4919-8647-fe53f0130a0e.jpg?v=1&width=800,Girls,Girls,20/08/2026,https://us.boden.com/products/girls-applique-tulle-dress-college-navy-spiders-web-g6123nvy?tc_ch=display&tc_ve=ba&tc_so=tradedesk&tc_me=pp&tc_ca=bau,,,40,IN STOCK,,,College Navy Spiders Web,,,,TRUE,TRUE
55198191,55198191,55198191,Celia Wing Sleeve Dress Boden,https://us.boden.com/products/girls-celia-wing-sleeve-dress-floral-patchwork-g6111mml?tc_ch=display&tc_ve=ba&tc_so=tradedesk&tc_me=pp&tc_ca=bau,,,75.00,75.00,https://cdn.shopify.com/s/files/1/0680/4619/2892/files/26gaut_g6111_mml_w01_974c100f-b444-4ea6-b6fc-46dd0d3cd996.jpg?v=1&width=800,Girls,Girls,20/08/2026,https://us.boden.com/products/girls-celia-wing-sleeve-dress-floral-patchwork-g6111mml?tc_ch=display&tc_ve=ba&tc_so=tradedesk&tc_me=pp&tc_ca=bau,,,127,IN STOCK,,,Floral Patchwork,,,,TRUE,TRUE
55198748,55198748,55198748,Suki Shirred Jersey Dress Boden,https://us.boden.com/products/girls-suki-shirred-jersey-dress-purple-hearts-g6147prp?tc_ch=display&tc_ve=ba&tc_so=tradedesk&tc_me=pp&tc_ca=bau,,,49.00,49.00,https://cdn.shopify.com/s/files/1/0680/4619/2892/files/26gaut_g6147_prp_v1_a9629b0e-6f4c-4de2-b7aa-6a5b26aefe44.jpg?v=1&width=800,Girls,Girls,20/08/2026,https://us.boden.com/products/girls-suki-shirred-jersey-dress-purple-hearts-g6147prp?tc_ch=display&tc_ve=ba&tc_so=tradedesk&tc_me=pp&tc_ca=bau,,,44,IN STOCK,,,Purple Hearts,,,,TRUE,TRUE
55179411,55179411,55179411,Jersey T-Shirt Dress Boden,https://us.boden.com/products/girls-jersey-t-shirt-dress-leopard-g5944brm?tc_ch=display&tc_ve=ba&tc_so=tradedesk&tc_me=pp&tc_ca=bau,,,27.30,39.00,https://cdn.shopify.com/s/files/1/0680/4619/2892/files/26gspr_g5944_brm_v1_afd152c7-461c-4a2d-9e8e-3164a696489c.jpg?v=1&width=800,Girls,Girls,20/08/2026,https://us.boden.com/products/girls-jersey-t-shirt-dress-leopard-g5944brm?tc_ch=display&tc_ve=ba&tc_so=tradedesk&tc_me=pp&tc_ca=bau,,,178,IN STOCK,,,Leopard,,,,TRUE,TRUE
55144014,55144014,55144014,Tiered Lace Trim Dress Boden,https://us.boden.com/products/girls-tiered-lace-trim-dress-soft-ivory-rosa-g5795mul?tc_ch=display&tc_ve=ba&tc_so=tradedesk&tc_me=pp&tc_ca=bau,,,59.50,85.00,https://cdn.shopify.com/s/files/1/0680/4619/2892/files/26gspr_g5795_mul_87cf0dcb-0382-4532-83c9-dbefe5ab31bd.jpg?v=1&width=800,Girls,Girls,20/08/2026,https://us.boden.com/products/girls-tiered-lace-trim-dress-soft-ivory-rosa-g5795mul?tc_ch=display&tc_ve=ba&tc_so=tradedesk&tc_me=pp&tc_ca=bau,,,56,IN STOCK,,,Soft Ivory Rosa,,,,TRUE,TRUE
55149986,55149986,55149986,Flutter Sleeve Woven Dress Boden,https://us.boden.com/products/girls-flutter-sleeve-woven-dress-soft-ivory-g5912ivo?tc_ch=display&tc_ve=ba&tc_so=tradedesk&tc_me=pp&tc_ca=bau,,,38.50,55.00,https://cdn.shopify.com/s/files/1/0680/4619/2892/files/26gspr_g5912_ivo.jpg?v=1&width=800,Girls,Girls,20/08/2026,https://us.boden.com/products/girls-flutter-sleeve-woven-dress-soft-ivory-g5912ivo?tc_ch=display&tc_ve=ba&tc_so=tradedesk&tc_me=pp&tc_ca=bau,,,45,IN STOCK,,,Soft Ivory,,,,TRUE,TRUE
55155793,55155793,55155793,Scallop Tiered Sundress Boden,https://us.boden.com/products/girls-scallop-tiered-sundress-sapphire-blue-g5781blu?tc_ch=display&tc_ve=ba&tc_so=tradedesk&tc_me=pp&tc_ca=bau,,,35.40,59.00,https://cdn.shopify.com/s/files/1/0680/4619/2892/files/26gsum_g5781_blu_03955d7f-7f07-44c5-a5da-8be29a0e396f.jpg?v=1&width=800,Girls,Girls,20/08/2026,https://us.boden.com/products/girls-scallop-tiered-sundress-sapphire-blue-g5781blu?tc_ch=display&tc_ve=ba&tc_so=tradedesk&tc_me=pp&tc_ca=bau,,,53,IN STOCK,,,Sapphire Blue,,,,TRUE,TRUE
55155952,55155952,55155952,Annalisa Twirly Sundress Boden,https://us.boden.com/products/girls-annalisa-twirly-sundress-shells-g5913mml?tc_ch=display&tc_ve=ba&tc_so=tradedesk&tc_me=pp&tc_ca=bau,,,55.25,85.00,https://cdn.shopify.com/s/files/1/0680/4619/2892/files/26gsum_g5913_mml.jpg?v=1&width=800,Girls,Girls,20/08/2026,https://us.boden.com/products/girls-annalisa-twirly-sundress-shells-g5913mml?tc_ch=display&tc_ve=ba&tc_so=tradedesk&tc_me=pp&tc_ca=bau,,,30,IN STOCK,,,Shells,,,,TRUE,TRUE
55156134,55156134,55156134,Annalisa Twirly Sundress Boden,https://us.boden.com/products/girls-annalisa-twirly-sundress-aztec-print-g5913mul?tc_ch=display&tc_ve=ba&tc_so=tradedesk&tc_me=pp&tc_ca=bau,,,55.25,85.00,https://cdn.shopify.com/s/files/1/0680/4619/2892/files/26gsum_g5913_mul.jpg?v=1&width=800,Girls,Girls,20/08/2026,https://us.boden.com/products/girls-annalisa-twirly-sundress-aztec-print-g5913mul?tc_ch=display&tc_ve=ba&tc_so=tradedesk&tc_me=pp&tc_ca=bau,,,37,IN STOCK,,,Aztec Print,,,,TRUE,TRUE
