prclient,prid,pridfiltered,prname,prurl,prshortdescription,prdescription,prdisplayprice,prprice,primageurl,prcategory,prsubcategory,prcreatedon,pralternativeurl,prbestseller,prsku,pravailablequantity,pravailability,prquantitysold,prsize,prcolor,prcountry,prfromprice,prposition,isactive,isdefault,pronsale
Carvela,5933733209,5933733209,Carvela Women's Boots Tan Suede Reina,https://www.carvela.com/women/shoes/boots/knee-boots/reina-knee-tan-suede-carvela-5933733209?utm_source=display&utm_medium=programmatic&utm_campaign=performance&utm_content=rtg,The Reina Knee high boot is crafted from a tan suede leather which reaches the knee. The toe is in a pointed style and the heel is accented with a wood effect.Heel height: 8cmMaterial: SuedeStyle number: 5933733209,The Reina Knee high boot is crafted from a tan suede leather which reaches the knee. The toe is in a pointed style and the heel is accented with a wood effect.Heel height: 8cmMaterial: SuedeStyle number: 5933733209,229.00,229.00,https://kg-static-cache.s3.amazonaws.com/catalog/product/cache/thumbnail/2000x2000/5/9/5933733209_40.jpg?v=1&width=800,Women > Shoes > Boots > Knee-boots,WOMENS BOOTS,27/08/2026,,FALSE,5020414031297,140,IN STOCK,,"3 UK, 4 UK, 5 UK, 6 UK, 7 UK, 8 UK, 9 UK",Tan,,,54,TRUE,TRUE,FALSE
Carvela,5358500799,5358500799,Carvela Women's Boots Black Suedette Blanca,https://www.carvela.com/women/shoes/boots/knee-boots/blanca-knee-black-suedette-carvela-5358500799?utm_source=display&utm_medium=programmatic&utm_campaign=performance&utm_content=rtg,"The Blanca Knee boot arrives in a chic, soft black microsuede. The ankle shaft is accented with a crystal embellished elongated buckle.Heel height: 10cmMaterial: MicrosuedeStyle number: 5358500799","The Blanca Knee boot arrives in a chic, soft black microsuede. The ankle shaft is accented with a crystal embellished elongated buckle.Heel height: 10cmMaterial: MicrosuedeStyle number: 5358500799",139.00,139.00,https://kg-static-cache.s3.amazonaws.com/catalog/product/cache/thumbnail/2000x2000/5/3/5358500799_40.jpg?v=1&width=800,Women > Shoes > Boots > Knee-boots,WOMENS BOOTS,27/08/2026,,FALSE,5020414633262,153,IN STOCK,,"3 UK, 4 UK, 5 UK, 6 UK, 7 UK, 8 UK, 9 UK",Black,,,52,TRUE,TRUE,FALSE
Carvela,6322900799,6322900799,Carvela Women's Boots Black Suedette Spirit Ankle Boot,https://www.carvela.com/women/shoes/boots/ankle-boots/spirit-60-ankle-black-suedette-carvela-6322900799?utm_source=display&utm_medium=programmatic&utm_campaign=performance&utm_content=rtg,This Spirit Ankle boot arrives in a soft black microsuede fabric with pointed toe. The boot is sat on a kitten heel.&nbsp;Heel height: 6cmMaterial: MicrosuedeStyle number: 6322900799,This Spirit Ankle boot arrives in a soft black microsuede fabric with pointed toe. The boot is sat on a kitten heel.&nbsp;Heel height: 6cmMaterial: MicrosuedeStyle number: 6322900799,159.00,159.00,https://kg-static-cache.s3.amazonaws.com/catalog/product/cache/thumbnail/2000x2000/6/3/6322900799_40.jpg?v=1&width=800,Women > Shoes > Boots > Ankle-boots,WOMENS BOOTS,27/08/2026,,FALSE,5020414713728,347,IN STOCK,,"3 UK, 4 UK, 5 UK, 6 UK, 7 UK, 8 UK, 9 UK",Black,,,9,TRUE,TRUE,FALSE
Carvela,6322930799,6322930799,Carvela Spirit 60 Ankle -,https://www.carvela.com/women/shoes/boots/ankle-boots/spirit-60-ankle-brown-suedette-carvela-6322930799?utm_source=display&utm_medium=programmatic&utm_campaign=performance&utm_content=rtg,This Spirit Ankle boot arrives in a soft brown microsuede fabric with pointed toe. The boot is sat on a kitten heel.&nbsp;Heel height: 6cmMaterial: MicrosuedeStyle number: 6322930799,This Spirit Ankle boot arrives in a soft brown microsuede fabric with pointed toe. The boot is sat on a kitten heel.&nbsp;Heel height: 6cmMaterial: MicrosuedeStyle number: 6322930799,159.00,159.00,https://kg-static-cache.s3.amazonaws.com/catalog/product/cache/thumbnail/2000x2000/6/3/6322930799_40.jpg?v=1&width=800,Women > Shoes > Boots > Ankle-boots,WOMENS BOOTS,27/08/2026,,FALSE,5020414713872,388,IN STOCK,,"3 UK, 4 UK, 5 UK, 6 UK, 7 UK, 8 UK, 9 UK",Brown,,,5,TRUE,TRUE,FALSE
Carvela,6323800799,6323800799,Carvela Women's Boots Black Suedette Larino,https://www.carvela.com/women/shoes/boots/ankle-boots/larino-ankle-boot-black-suedette-carvela-6323800799?utm_source=display&utm_medium=programmatic&utm_campaign=performance&utm_content=rtg,This Larino Ankle Boot features a black microsuede upper with squared toe. The block heel is accented with a gunmetal plate.Heel height: 6.5cmMaterial: MicrosuedeStyle number: 6323800799,This Larino Ankle Boot features a black microsuede upper with squared toe. The block heel is accented with a gunmetal plate.Heel height: 6.5cmMaterial: MicrosuedeStyle number: 6323800799,159.00,159.00,https://kg-static-cache.s3.amazonaws.com/catalog/product/cache/thumbnail/2000x2000/6/3/6323800799_40.jpg?v=1&width=800,Women > Shoes > Boots > Ankle-boots,WOMENS BOOTS,27/08/2026,,FALSE,5020414715371,88,IN STOCK,,"3 UK, 4 UK, 5 UK, 6 UK, 7 UK, 8 UK, 9 UK",Black,,,75,TRUE,TRUE,FALSE
Carvela,6324200109,6324200109,Carvela Women's Boots Black Leather Bruna,https://www.carvela.com/women/shoes/boots/ankle-boots/bruna-ankle-black-leather-carvela-6324200109?utm_source=display&utm_medium=programmatic&utm_campaign=performance&utm_content=rtg,"Crafted from a black leather, this pair of Bruna Ankle boots sit on a block heel.&nbsp;Heel height: 5.5cmInterior side ankle zipMaterial: LeatherStyle number: 6324200109","Crafted from a black leather, this pair of Bruna Ankle boots sit on a block heel.&nbsp;Heel height: 5.5cmInterior side ankle zipMaterial: LeatherStyle number: 6324200109",179.00,179.00,https://kg-static-cache.s3.amazonaws.com/catalog/product/cache/thumbnail/2000x2000/6/3/6324200109_40.jpg?v=1&width=800,Women > Shoes > Boots > Ankle-boots,WOMENS BOOTS,27/08/2026,,FALSE,5020414715807,99,IN STOCK,,"3 UK, 4 UK, 5 UK, 6 UK, 7 UK, 8 UK, 9 UK",Black,,,70,TRUE,TRUE,FALSE
Carvela,6385131209,6385131209,Carvela Women's boots Dark Brown Suede Salvetti,https://www.carvela.com/women/shoes/boots/ankle-boots/salvetti-zip-ankle-dark-brown-suede-carvela-6385131209?utm_source=display&utm_medium=programmatic&utm_campaign=performance&utm_content=rtg,This Salvetti Zip Ankle boot features a dark brown suede upper with statement gunmetal zipper on the outer side of the ankle. This ankle boot is sat on a black cuban heel.Heel height: 7cmStyle number: 6385131209,This Salvetti Zip Ankle boot features a dark brown suede upper with statement gunmetal zipper on the outer side of the ankle. This ankle boot is sat on a black cuban heel.Heel height: 7cmStyle number: 6385131209,169.00,169.00,https://kg-static-cache.s3.amazonaws.com/catalog/product/cache/thumbnail/2000x2000/6/3/6385131209_40.jpg?v=1&width=800,Women > Shoes > Boots > Ankle-boots,WOMENS BOOTS,27/08/2026,,FALSE,5020414798602,293,IN STOCK,,"3 UK, 4 UK, 5 UK, 6 UK, 7 UK, 8 UK, 9 UK",Brown,,,13,TRUE,TRUE,FALSE
Carvela,6386330829,6386330829,Carvela Women's Ankle Boot Brown Synthetic Rometta,https://www.carvela.com/women/shoes/boots/knee-boots/rometta-high-leg-brown-polyurethane-carvela-6386330829?utm_source=display&utm_medium=programmatic&utm_campaign=performance&utm_content=rtg,"Introducing the Rometta, a high leg boot crafted from a brown leather alternative. The sleek upper is subtly accented with a zipper along the inner side of the boot. There is a small, gold 'C' stud at the back of the ankle.&nbsp;Heel height: 7cmMaterial: Leather alternativeStyle number: 6386330829","Introducing the Rometta, a high leg boot crafted from a brown leather alternative. The sleek upper is subtly accented with a zipper along the inner side of the boot. There is a small, gold 'C' stud at the back of the ankle.&nbsp;Heel height: 7cmMaterial: Leather alternativeStyle number: 6386330829",179.00,179.00,https://kg-static-cache.s3.amazonaws.com/catalog/product/cache/thumbnail/2000x2000/6/3/6386330829_40.jpg?v=1&width=800,Women > Shoes > Boots > Knee-boots,WOMENS BOOTS,27/08/2026,,FALSE,5020414806109,159,IN STOCK,,"3 UK, 4 UK, 5 UK, 6 UK, 7 UK, 8 UK, 9 UK",Brown,,,49,TRUE,TRUE,FALSE
Carvela,0797100209,0797100209,Carvela Women's Boots Black Suede Secil Knee High,https://www.carvela.com/women/shoes/boots/knee-boots/secil-knee-high-black-suede-carvela-0797100209?utm_source=display&utm_medium=programmatic&utm_campaign=performance&utm_content=rtg,This Secil Chelsea Boot features a black suede leather upper with scrunched ankle. The back of the heel features a micro gold tone Icon C stud.Sole height: 45mmInner side zipMaterial: Nubuck leatherStyle number: 0797100209,This Secil Chelsea Boot features a black suede leather upper with scrunched ankle. The back of the heel features a micro gold tone Icon C stud.Sole height: 45mmInner side zipMaterial: Nubuck leatherStyle number: 0797100209,139.00,139.00,https://kg-static-cache.s3.amazonaws.com/catalog/product/cache/thumbnail/2000x2000/0/7/0797100209_40.jpg?v=1&width=800,Women > Shoes > Boots > Knee-boots,WOMENS BOOTS,27/08/2026,,FALSE,5045654912885,161,IN STOCK,,"3 UK, 4 UK, 5 UK, 6 UK, 7 UK, 8 UK, 9 UK",Black,,,48,TRUE,TRUE,FALSE
Carvela,1057400609,1057400609,Carvela Women's Ankle Boot Black Fabric,https://www.carvela.com/women/shoes/boots/ankle-boots/tampa-ankle-black-fabric-carvela-1057400609?utm_source=display&utm_medium=programmatic&utm_campaign=performance&utm_content=rtg,The Tampa ankle boot features a back microsuede upper with ruched detail at the ankle. The inside of the ankle features a gunmetal zip for slip on comfort.&nbsp;Heel height: 80mmMaterial: FabricStyle number: 1057400609,The Tampa ankle boot features a back microsuede upper with ruched detail at the ankle. The inside of the ankle features a gunmetal zip for slip on comfort.&nbsp;Heel height: 80mmMaterial: FabricStyle number: 1057400609,109.00,109.00,https://kg-static-cache.s3.amazonaws.com/catalog/product/cache/thumbnail/2000x2000/1/0/1057400609_40.jpg?v=1&width=800,Women > Shoes > Boots > Ankle-boots,WOMENS BOOTS,27/08/2026,,FALSE,5045655084031,37,IN STOCK,,"3 UK, 4 UK, 5 UK, 7 UK, 8 UK, 9 UK",Black,,,84,TRUE,TRUE,FALSE
Carvela,1059200609,1059200609,Carvela Women's Boots Black Fabric Synthetic Tempt,https://www.carvela.com/women/shoes/boots/ankle-boots/tempt-black-fabric-carvela-1059200609?utm_source=display&utm_medium=programmatic&utm_campaign=performance&utm_content=rtg,The Tempt ankle boot features a black microsuede upper. There is a bow detail at the back of the ankle with gold tone branding. The inner side of the ankle features a zip for comfort.Heel height: 90mmMaterial: MicrosuedeStyle number: 1059220609,The Tempt ankle boot features a black microsuede upper. There is a bow detail at the back of the ankle with gold tone branding. The inner side of the ankle features a zip for comfort.Heel height: 90mmMaterial: MicrosuedeStyle number: 1059220609,119.00,119.00,https://kg-static-cache.s3.amazonaws.com/catalog/product/cache/thumbnail/2000x2000/1/0/1059200609_40.jpg?v=1&width=800,Women > Shoes > Boots > Ankle-boots,WOMENS BOOTS,27/08/2026,,FALSE,5045655084260,97,IN STOCK,,"3 UK, 4 UK, 5 UK, 6 UK, 7 UK, 8 UK, 9 UK",Black,,,72,TRUE,TRUE,FALSE
Carvela Comfort,1052550109,1052550109,Carvela Women's Boot Red Leather Mega,https://www.carvela.com/women/shoes/boots/ankle-boots/mega-red-leather-carvela-comfort-1052550109?utm_source=display&utm_medium=programmatic&utm_campaign=performance&utm_content=rtg,The Mega ankle boot features a wine red patent eather upper with two elasticated panels at the ankle for comfort. There is a small tab with silver Icon C stud on the ankle.Heel height: 80mmThis product features All Day Long TechnologyMaterial: LeatherStyle number: 1052550109,The Mega ankle boot features a wine red patent eather upper with two elasticated panels at the ankle for comfort. There is a small tab with silver Icon C stud on the ankle.Heel height: 80mmThis product features All Day Long TechnologyMaterial: LeatherStyle number: 1052550109,189.00,189.00,https://kg-static-cache.s3.amazonaws.com/catalog/product/cache/thumbnail/2000x2000/1/0/1052550109_40.jpg?v=1&width=800,Women > Shoes > Boots > Ankle-boots,WOMENS BOOTS,27/08/2026,,TRUE,5045657978291,99,IN STOCK,,"3 UK, 4 UK, 5 UK, 6 UK, 7 UK, 8 UK, 9 UK",Red,,,71,TRUE,TRUE,FALSE
Carvela,3880650309,3880650309,Carvela Women's Boots Red Synthetic Ignite,https://www.carvela.com/women/shoes/boots/ignite-chelsea-red-patent-carvela-3880650309?utm_source=display&utm_medium=programmatic&utm_campaign=performance&utm_content=rtg,The Ignite Chelsea is a heeled boot crafted from a red patent leather alternative. There are elasticated panels at the ankle and a gunmetal Icon C stud at the back of the ankle.&nbsp;Heel height: 6cmMaterial: Leather alternativeStyle number: 3880650309,The Ignite Chelsea is a heeled boot crafted from a red patent leather alternative. There are elasticated panels at the ankle and a gunmetal Icon C stud at the back of the ankle.&nbsp;Heel height: 6cmMaterial: Leather alternativeStyle number: 3880650309,179.00,179.00,https://kg-static-cache.s3.amazonaws.com/catalog/product/cache/thumbnail/2000x2000/3/8/3880650309_40.jpg?v=1&width=800,Women > Shoes > Boots,WOMENS BOOTS,27/08/2026,,FALSE,5045658549667,48,IN STOCK,,"3 UK, 7 UK, 8 UK, 9 UK",Red,,,82,TRUE,TRUE,FALSE
Carvela,3811531979,3811531979,Carvela Women's Strut Ankle Boot Dark Brown Synthetic Strut Ankle,https://www.carvela.com/women/shoes/boots/ankle-boots/strut-ankle-dark-brown-synthetic-carvela-3811531979?utm_source=display&utm_medium=programmatic&utm_campaign=performance&utm_content=rtg,This Strut Ankle boot features a patent dark brown upper with soft ankle and softly squared toe. There is a gold micro Icon C stud at the back of the ankle.&nbsp;Heel height: 5cmThis product features All Day Long technologyInner side zipMaterial: SyntheticStyle number: 3811531979,This Strut Ankle boot features a patent dark brown upper with soft ankle and softly squared toe. There is a gold micro Icon C stud at the back of the ankle.&nbsp;Heel height: 5cmThis product features All Day Long technologyInner side zipMaterial: SyntheticStyle number: 3811531979,99.00,99.00,https://kg-static-cache.s3.amazonaws.com/catalog/product/cache/thumbnail/2000x2000/3/8/3811531979_40.jpg?v=1&width=800,Women > Shoes > Boots > Ankle-boots,WOMENS BOOTS,27/08/2026,,FALSE,5045658551318,276,IN STOCK,,"3 UK, 4 UK, 5 UK, 6 UK, 7 UK, 8 UK, 9 UK",Brown,,,17,TRUE,TRUE,FALSE
Carvela,5005100209,5005100209,Carvela Women's Boot Black Suede Spirit Slouch,https://www.carvela.com/women/shoes/boots/knee-boots/spirit-slouch-boot-black-suede-carvela-5005100209?utm_source=display&utm_medium=programmatic&utm_campaign=performance&utm_content=rtg,This Spirit Slouch Boot is crafted from a black suede. The ankle is ruched and reaches below the knee. The toe is pointed and the heel is in a stiletto style.Heel height: 8.5cmMaterial: SuedeStyle number: 5005100209,This Spirit Slouch Boot is crafted from a black suede. The ankle is ruched and reaches below the knee. The toe is pointed and the heel is in a stiletto style.Heel height: 8.5cmMaterial: SuedeStyle number: 5005100209,229.00,229.00,https://kg-static-cache.s3.amazonaws.com/catalog/product/cache/thumbnail/2000x2000/5/0/5005100209_40.jpg?v=1&width=800,Women > Shoes > Boots > Knee-boots,WOMENS BOOTS,27/08/2026,,FALSE,5045658551530,480,IN STOCK,,"3 UK, 4 UK, 5 UK, 6 UK, 7 UK, 8 UK, 9 UK",Black,,,1,TRUE,TRUE,FALSE
Carvela,5005130209,5005130209,Carvela Women's Boot Brown Suede Spirit,https://www.carvela.com/women/shoes/boots/knee-boots/spirit-slouch-boot-brown-suede-carvela-5005130209?utm_source=display&utm_medium=programmatic&utm_campaign=performance&utm_content=rtg,This Spirit Slouch Boot is crafted from a brown suede. The ankle is ruched and reaches below the knee. The toe is pointed and the heel is in a stiletto style.Heel height: 8.5cmMaterial: SuedeStyle number: 5005130209,This Spirit Slouch Boot is crafted from a brown suede. The ankle is ruched and reaches below the knee. The toe is pointed and the heel is in a stiletto style.Heel height: 8.5cmMaterial: SuedeStyle number: 5005130209,229.00,229.00,https://kg-static-cache.s3.amazonaws.com/catalog/product/cache/thumbnail/2000x2000/5/0/5005130209_40.jpg?v=1&width=800,Women > Shoes > Boots > Knee-boots,WOMENS BOOTS,27/08/2026,,FALSE,5045658551684,469,IN STOCK,,"3 UK, 4 UK, 5 UK, 6 UK, 7 UK, 8 UK, 9 UK",Brown,,,2,TRUE,TRUE,FALSE
Carvela,5147405069,5147405069,Carvela Women's Boots Black Combination Fabric Other Boulder,https://www.carvela.com/women/shoes/boots/knee-boots/boulder-high-leg-black-combination-fabric-other-carvela-5147405069?utm_source=display&utm_medium=programmatic&utm_campaign=performance&utm_content=rtg,This Boulder High Leg boot is crafted from a soft black microsuede. There is a soft elasticated panel along the back of the boot. The heel is in a block style.Heel height: 7.5cmShaft height: 43cmMaterial: Fabric/ OtherStyle number: 5147405069,This Boulder High Leg boot is crafted from a soft black microsuede. There is a soft elasticated panel along the back of the boot. The heel is in a block style.Heel height: 7.5cmShaft height: 43cmMaterial: Fabric/ OtherStyle number: 5147405069,139.00,139.00,https://kg-static-cache.s3.amazonaws.com/catalog/product/cache/thumbnail/2000x2000/5/1/5147405069_40.jpg?v=1&width=800,Women > Shoes > Boots > Knee-boots,WOMENS BOOTS,27/08/2026,,FALSE,5045658727645,115,IN STOCK,,"3 UK, 4 UK, 5 UK, 6 UK, 7 UK, 8 UK, 9 UK",Black Combination,,,62,TRUE,TRUE,FALSE
Carvela,5158200109,5158200109,Carvela Women's Ankle Boot Black Leather Liberta,https://www.carvela.com/women/shoes/boots/ankle-boots/liberta-ankle-black-leather-carvela-5158200109?utm_source=display&utm_medium=programmatic&utm_campaign=performance&utm_content=rtg,This Liberta Ankle is a smooth leather alternative boot with an elasticated ankle. There is a block heel which is accented with a gold tone panel. There is also an Icon C stud at the back of the ankle.Heel height: 5.5cmMaterial: Leather alternativeStyle number: 5158200109,This Liberta Ankle is a smooth leather alternative boot with an elasticated ankle. There is a block heel which is accented with a gold tone panel. There is also an Icon C stud at the back of the ankle.Heel height: 5.5cmMaterial: Leather alternativeStyle number: 5158200109,119.00,119.00,https://kg-static-cache.s3.amazonaws.com/catalog/product/cache/thumbnail/2000x2000/5/1/5158200109_40.jpg?v=1&width=800,Women > Shoes > Boots > Ankle-boots,WOMENS BOOTS,27/08/2026,,FALSE,5045658780732,199,IN STOCK,,"3 UK, 4 UK, 5 UK, 6 UK, 7 UK, 8 UK, 9 UK",Black,,,38,TRUE,TRUE,FALSE
Carvela,5166900109,5166900109,Carvela Women's Boots Black Leather Liberta,https://www.carvela.com/women/shoes/boots/knee-boots/liberta-knee-black-leather-carvela-5166900109?utm_source=display&utm_medium=programmatic&utm_campaign=performance&utm_content=rtg,This Liberta Knee High Boot is crafted from a black leather. There is a ribbed elasticated panel on the back of the shaft as well as gold plate on the heel.Interior side zipperMaterial: LeatherStyle number: 5166900109,This Liberta Knee High Boot is crafted from a black leather. There is a ribbed elasticated panel on the back of the shaft as well as gold plate on the heel.Interior side zipperMaterial: LeatherStyle number: 5166900109,139.00,139.00,https://kg-static-cache.s3.amazonaws.com/catalog/product/cache/thumbnail/2000x2000/5/1/5166900109_40.jpg?v=1&width=800,Women > Shoes > Boots > Knee-boots,WOMENS BOOTS,27/08/2026,,FALSE,5045658783047,246,IN STOCK,,"3 UK, 4 UK, 8 UK, 9 UK",Black,,,24,TRUE,TRUE,FALSE
Carvela,5197700609,5197700609,Carvela Women's Boots Black Synthetic Vito,https://www.carvela.com/women/shoes/boots/knee-boots/vito-otk-black-fabric-carvela-5197700609?utm_source=display&utm_medium=programmatic&utm_campaign=performance&utm_content=rtg,This Vito Over The Knee Boot is crafted from a black microsuede fabric. The toe is slightly rounded and the heel is in a block style.Heel height: 8cmThis product features All Day Long technologyMaterial: FabricStyle number: 5197700609,This Vito Over The Knee Boot is crafted from a black microsuede fabric. The toe is slightly rounded and the heel is in a block style.Heel height: 8cmThis product features All Day Long technologyMaterial: FabricStyle number: 5197700609,179.00,179.00,https://kg-static-cache.s3.amazonaws.com/catalog/product/cache/thumbnail/2000x2000/5/1/5197700609_40.jpg?v=1&width=800,Women > Shoes > Boots > Knee-boots,WOMENS BOOTS,27/08/2026,,FALSE,5045658803509,206,IN STOCK,,"3 UK, 4 UK, 5 UK, 6 UK, 7 UK, 8 UK, 9 UK",Black,,,34,TRUE,TRUE,FALSE
Carvela,5198400609,5198400609,Carvela Women's Boots Black Fabric Vito,https://www.carvela.com/women/shoes/boots/ankle-boots/vito-ankle-black-fabric-carvela-5198400609?utm_source=display&utm_medium=programmatic&utm_campaign=performance&utm_content=rtg,This Vito Ankle Boot is crafted from a black microsuede fabric. The toe is slightly rounded and the heel is in a block style.Heel height: 8cmThis product features All Day Long technologyMaterial: FabricStyle number: 5198400609,This Vito Ankle Boot is crafted from a black microsuede fabric. The toe is slightly rounded and the heel is in a block style.Heel height: 8cmThis product features All Day Long technologyMaterial: FabricStyle number: 5198400609,149.00,149.00,https://kg-static-cache.s3.amazonaws.com/catalog/product/cache/thumbnail/2000x2000/5/1/5198400609_40.jpg?v=1&width=800,Women > Shoes > Boots > Ankle-boots,WOMENS BOOTS,27/08/2026,,FALSE,5045658804100,240,IN STOCK,,"3 UK, 4 UK, 5 UK, 6 UK, 7 UK, 8 UK, 9 UK",Black,,,25,TRUE,TRUE,FALSE
Carvela Comfort,5200200979,5200200979,Carvela Women's Boots Black Synthetic Flute,https://www.carvela.com/women/shoes/boots/ankle-boots/flute-coin-black-synthetic-carvela-comfort-5200200979?utm_source=display&utm_medium=programmatic&utm_campaign=performance&utm_content=rtg,This Flute Coin boot arrives in a black leather alternative. There is a small strap around the ankle with gold crystal coin detail.Heel height: 7cmInner side zipperMaterial: SyntheticStyle number: 5200200979,This Flute Coin boot arrives in a black leather alternative. There is a small strap around the ankle with gold crystal coin detail.Heel height: 7cmInner side zipperMaterial: SyntheticStyle number: 5200200979,149.00,149.00,https://kg-static-cache.s3.amazonaws.com/catalog/product/cache/thumbnail/2000x2000/5/2/5200200979_40.jpg?v=1&width=800,Women > Shoes > Boots > Ankle-boots,WOMENS BOOTS,27/08/2026,,FALSE,5045658805541,353,IN STOCK,,"3 UK, 4 UK, 5 UK, 6 UK, 7 UK, 8 UK, 9 UK",Black,,,7,TRUE,TRUE,FALSE
Carvela Comfort,5214605069,5214605069,Carvela Women's Ankle Boot Black Wide Fit Synthetic Crystal Flute,https://www.carvela.com/women/shoes/boots/ankle-boots/flute-shoe-boot-wide-fit-black-combination-fabric-other-carvela-comfort-5214605069?utm_source=display&utm_medium=programmatic&utm_campaign=performance&utm_content=rtg,The Wide Fit Flute Boot has a black microsuede upper with all over black crystal embellishment. There is a small tab at the back of the ankle with micro Icon C stud.Heel height: 70mmGunmetal Icon C on the outsoleMaterial: MicrosuedeStyle number: 5214605069,The Wide Fit Flute Boot has a black microsuede upper with all over black crystal embellishment. There is a small tab at the back of the ankle with micro Icon C stud.Heel height: 70mmGunmetal Icon C on the outsoleMaterial: MicrosuedeStyle number: 5214605069,149.00,149.00,https://kg-static-cache.s3.amazonaws.com/catalog/product/cache/thumbnail/2000x2000/5/2/5214605069_40.jpg?v=1&width=800,Women > Shoes > Boots > Ankle-boots,WOMENS BOOTS,27/08/2026,,FALSE,5045658825075,117,IN STOCK,,"3 UK, 4 UK, 5 UK, 6 UK, 7 UK, 8 UK, 9 UK",Black Combination,,,61,TRUE,TRUE,FALSE
Carvela,5234900979,5234900979,Carvela Women's Boots Black Synthetic Jackpot,https://www.carvela.com/women/shoes/boots/ankle-boots/jackpot-ankle-wide-fit-black-synthetic-carvela-5234900979?utm_source=display&utm_medium=programmatic&utm_campaign=performance&utm_content=rtg,This wide fit edition of the Jackpot Ankle boot is crafted from a black leather alternative. There is a strap around the back of the ankle with a gunmetal round stud embellished with crystals. The heel is in a statement block style.Heel height: 85mmThis product features All Day Long technologyMaterial: Leather alternativeStyle number: 5234900979,This wide fit edition of the Jackpot Ankle boot is crafted from a black leather alternative. There is a strap around the back of the ankle with a gunmetal round stud embellished with crystals. The heel is in a statement block style.Heel height: 85mmThis product features All Day Long technologyMaterial: Leather alternativeStyle number: 5234900979,109.00,109.00,https://kg-static-cache.s3.amazonaws.com/catalog/product/cache/thumbnail/2000x2000/5/2/5234900979_40.jpg?v=1&width=800,Women > Shoes > Boots > Ankle-boots,WOMENS BOOTS,27/08/2026,,FALSE,5045658848050,250,IN STOCK,,"3 UK, 4 UK, 5 UK, 6 UK, 7 UK, 8 UK, 9 UK",Black,,,23,TRUE,TRUE,FALSE
Carvela,5306230209,5306230209,Carvela Women's Knee High Boot Brown Suede Silver Knee,https://www.carvela.com/women/shoes/boots/knee-boots/silver-knee-brown-suede-carvela-5306230209?utm_source=display&utm_medium=programmatic&utm_campaign=performance&utm_content=rtg,This Silver Knee High Boot is crafted from a soft brown suede leather. There is a high block heel and simple branded pin stud ion the outer side of the high knee shaft.Heel height: 8cmMaterial: Brown suedeStyle number: 5306230209,This Silver Knee High Boot is crafted from a soft brown suede leather. There is a high block heel and simple branded pin stud ion the outer side of the high knee shaft.Heel height: 8cmMaterial: Brown suedeStyle number: 5306230209,119.00,119.00,https://kg-static-cache.s3.amazonaws.com/catalog/product/cache/thumbnail/2000x2000/5/3/5306230209_40.jpg?v=1&width=800,Women > Shoes > Boots > Knee-boots,WOMENS BOOTS,27/08/2026,,FALSE,5045658918005,109,IN STOCK,,"3 UK, 4 UK, 5 UK, 6 UK, 7 UK, 8 UK, 9 UK",Brown,,,65,TRUE,TRUE,FALSE
Carvela,5327530109,5327530109,Carvela Women's Ankle Boot Brown Leather Silver,https://www.carvela.com/women/shoes/boots/ankle-boots/silver-2-ankle-wide-fit-brown-leather-carvela-5327530109?utm_source=display&utm_medium=programmatic&utm_campaign=performance&utm_content=rtg,This wide fit edition of the Silver ankle boot features a dark brown leather upper. The ankle features a gunmetal buckle as well as zip pull.Heel height: 80mmThis style features âAll Day Longâ technologyGolden Icon C stud at the back of the ankleMaterial: LeatherStyle number: 5327530109,This wide fit edition of the Silver ankle boot features a dark brown leather upper. The ankle features a gunmetal buckle as well as zip pull.Heel height: 80mmThis style features âAll Day Longâ technologyGolden Icon C stud at the back of the ankleMaterial: LeatherStyle number: 5327530109,89.00,89.00,https://kg-static-cache.s3.amazonaws.com/catalog/product/cache/thumbnail/2000x2000/5/3/5327530109_40.jpg?v=1&width=800,Women > Shoes > Boots > Ankle-boots,WOMENS BOOTS,27/08/2026,,FALSE,5045658961421,196,IN STOCK,,"3 UK, 4 UK, 5 UK, 6 UK, 7 UK, 8 UK, 9 UK",Brown,,,40,TRUE,TRUE,FALSE
Carvela Comfort,5327900109,5327900109,Carvela Women's Ankle Boot Black Leather Russ,https://www.carvela.com/women/shoes/boots/ankle-boots/russ-wide-fit-black-leather-carvela-comfort-5327900109?utm_source=display&utm_medium=programmatic&utm_campaign=performance&utm_content=rtg,This wide fit edition of the Russ is a black leather Chelsea boot. There are two elasticated panels at the ankle as well as silver tone Signature C pin stud at the back of the ankle.Heel height: 35mmThis product features All Day Long technologyMaterial: LeatherStyle number: 5327900109,This wide fit edition of the Russ is a black leather Chelsea boot. There are two elasticated panels at the ankle as well as silver tone Signature C pin stud at the back of the ankle.Heel height: 35mmThis product features All Day Long technologyMaterial: LeatherStyle number: 5327900109,119.00,119.00,https://kg-static-cache.s3.amazonaws.com/catalog/product/cache/thumbnail/2000x2000/5/3/5327900109_40.jpg?v=1&width=800,Women > Shoes > Boots > Ankle-boots,WOMENS BOOTS,27/08/2026,,FALSE,5045658962329,124,IN STOCK,,"3 UK, 4 UK, 5 UK, 6 UK, 7 UK, 8 UK, 9 UK",Black,,,60,TRUE,TRUE,FALSE
Carvela,5344400109,5344400109,Carvela Women's Boots Black Leather Gaia Knee,https://www.carvela.com/women/shoes/boots/knee-boots/gaia-knee-black-leather-carvela-5344400109?utm_source=display&utm_medium=programmatic&utm_campaign=performance&utm_content=rtg,This Gaia Knee high boot is crafted from a black leather with an upper that reaches the knee. There is a small gunmetal Icon C pin stud at the back of the ankle and the heel is in a low block style.Heel height: 4cmMaterial: Suede leatherStyle number: 5344400109,This Gaia Knee high boot is crafted from a black leather with an upper that reaches the knee. There is a small gunmetal Icon C pin stud at the back of the ankle and the heel is in a low block style.Heel height: 4cmMaterial: Suede leatherStyle number: 5344400109,139.00,139.00,https://kg-static-cache.s3.amazonaws.com/catalog/product/cache/thumbnail/2000x2000/5/3/5344400109_40.jpg?v=1&width=800,Women > Shoes > Boots > Knee-boots,WOMENS BOOTS,27/08/2026,,FALSE,5045658995099,173,IN STOCK,,"3 UK, 4 UK, 5 UK, 6 UK, 7 UK, 8 UK, 9 UK",Black,,,43,TRUE,TRUE,FALSE
Carvela,5357432209,5357432209,Carvela Women's Boots Mid Brown Suede Jackpot,https://www.carvela.com/women/shoes/boots/knee-boots/jackpot-slouch-otk-mid-brown-suede-carvela-5357432209?utm_source=display&utm_medium=programmatic&utm_campaign=performance&utm_content=rtg,This over the knee Jackpot Slouch boot features a mid brown suede upper with a simple strap around the ankle accented with a gold tone coin. The shaft has a slouched appearance.Heel height: 8.5 cm.Material: Suede&nbsp;Style number: 5357432209,This over the knee Jackpot Slouch boot features a mid brown suede upper with a simple strap around the ankle accented with a gold tone coin. The shaft has a slouched appearance.Heel height: 8.5 cm.Material: Suede&nbsp;Style number: 5357432209,249.00,249.00,https://kg-static-cache.s3.amazonaws.com/catalog/product/cache/thumbnail/2000x2000/5/3/5357432209_40.jpg?v=1&width=800,Women > Shoes > Boots > Knee-boots,WOMENS BOOTS,27/08/2026,,FALSE,5045659029205,266,IN STOCK,,"3 UK, 4 UK, 5 UK, 6 UK, 7 UK, 8 UK, 9 UK",Brown,,,21,TRUE,TRUE,FALSE
Carvela,5358500979,5358500979,Carvela Women's Knee Boots Black Synthetic Blanca Knee,https://www.carvela.com/women/shoes/boots/knee-boots/blanca-knee-black-synthetic-carvela-5358500979?utm_source=display&utm_medium=programmatic&utm_campaign=performance&utm_content=rtg,The Blanca Knee is a black leather alternative boot that reaches just below the knee. There is a sleek black strap around the ankle which is accented with an elongated gold buckle.&nbsp;Heel height: 10cmInterior side zipperMaterial: Leather alternativeStyle number: 353500979,The Blanca Knee is a black leather alternative boot that reaches just below the knee. There is a sleek black strap around the ankle which is accented with an elongated gold buckle.&nbsp;Heel height: 10cmInterior side zipperMaterial: Leather alternativeStyle number: 353500979,139.00,139.00,https://kg-static-cache.s3.amazonaws.com/catalog/product/cache/thumbnail/2000x2000/5/3/5358500979_40.jpg?v=1&width=800,Women > Shoes > Boots > Knee-boots,WOMENS BOOTS,27/08/2026,,FALSE,5045659034940,163,IN STOCK,,"3 UK, 4 UK, 5 UK, 6 UK, 7 UK, 8 UK, 9 UK",Black,,,45,TRUE,TRUE,FALSE
Carvela,5659847209,5659847209,Carvela Women's Ankle Boot Taupe Riva Ankle,https://www.carvela.com/women/shoes/boots/ankle-boots/riva-ankle-taupe-suede-carvela-5659847209?utm_source=display&utm_medium=programmatic&utm_campaign=performance&utm_content=rtg,This Riva Ankle boot is crafted from a soft taupe suede leather with elasticated ankle for pull-on ability.Heel height: 5.5cmMaterial: Suede leatherStyle number: 5659847209,This Riva Ankle boot is crafted from a soft taupe suede leather with elasticated ankle for pull-on ability.Heel height: 5.5cmMaterial: Suede leatherStyle number: 5659847209,219.00,219.00,https://kg-static-cache.s3.amazonaws.com/catalog/product/cache/thumbnail/2000x2000/5/6/5659847209_40.jpg?v=1&width=800,Women > Shoes > Boots > Ankle-boots,WOMENS BOOTS,27/08/2026,,FALSE,5045659629115,105,IN STOCK,,"3 UK, 4 UK, 5 UK, 6 UK, 7 UK, 8 UK, 9 UK",Taupe,,,68,TRUE,TRUE,FALSE
Carvela,5264148209,5264148209,Carvela Women's Boots Camel Suede Jackpot,https://www.carvela.com/women/shoes/boots/knee-boots/jackpot-slouch-knee-camel-suede-carvela-5264148209?utm_source=display&utm_medium=programmatic&utm_campaign=performance&utm_content=rtg,This pair of Jackpot slouchy knee high boots are crafted from a camel suede leather. The heel is in a block style with gold tone crystal embellished stud on the outer side of the ankle.Heel height: 8.5cmMaterial: SuedeStyle number: 5264148209,This pair of Jackpot slouchy knee high boots are crafted from a camel suede leather. The heel is in a block style with gold tone crystal embellished stud on the outer side of the ankle.Heel height: 8.5cmMaterial: SuedeStyle number: 5264148209,219.00,219.00,https://kg-static-cache.s3.amazonaws.com/catalog/product/cache/thumbnail/2000x2000/5/2/5264148209_40.jpg?v=1&width=800,Women > Shoes > Boots > Knee-boots,WOMENS BOOTS,27/08/2026,,FALSE,5045659980247,211,IN STOCK,,"3 UK, 4 UK, 5 UK, 6 UK, 7 UK, 8 UK, 9 UK",Tan,,,32,TRUE,TRUE,FALSE
Carvela,5933731209,5933731209,Carvela Women's Boots Dark Brown Suede Reina,https://www.carvela.com/women/shoes/boots/knee-boots/reina-knee-dark-brown-suede-carvela-5933731209?utm_source=display&utm_medium=programmatic&utm_campaign=performance&utm_content=rtg,The Reina Knee high boot is crafted from a dark brown suede leather which reaches the knee. The toe is in a pointed style and the heel is accented with a wood effect.Heel height: 8cmMaterial: SuedeStyle number: 5933731209,The Reina Knee high boot is crafted from a dark brown suede leather which reaches the knee. The toe is in a pointed style and the heel is accented with a wood effect.Heel height: 8cmMaterial: SuedeStyle number: 5933731209,229.00,229.00,https://kg-static-cache.s3.amazonaws.com/catalog/product/cache/thumbnail/2000x2000/5/9/5933731209_40.jpg?v=1&width=800,Women > Shoes > Boots > Knee-boots,WOMENS BOOTS,27/08/2026,,FALSE,5020414031143,135,IN STOCK,,"3 UK, 4 UK, 5 UK, 6 UK, 7 UK, 8 UK, 9 UK",Brown,,,55,TRUE,TRUE,FALSE
Carvela,5327000799,5327000799,Carvela Blanca Ankle Boot - Black Microsuede High Heel Boot,https://www.carvela.com/women/shoes/boots/ankle-boots/blanca-ankle-black-suedette-carvela-5327000799?utm_source=display&utm_medium=programmatic&utm_campaign=performance&utm_content=rtg,"The Blanca Ankle boot arrives in a chic, soft black microsuede. The ankle is accented with a crystal embellished elongated buckle.Heel height: 10cmMaterial: MicrosuedeStyle number: 5327000799","The Blanca Ankle boot arrives in a chic, soft black microsuede. The ankle is accented with a crystal embellished elongated buckle.Heel height: 10cmMaterial: MicrosuedeStyle number: 5327000799",179.00,179.00,https://kg-static-cache.s3.amazonaws.com/catalog/product/cache/thumbnail/2000x2000/5/3/5327000799_40.jpg?v=1&width=800,Women > Shoes > Boots > Ankle-boots,WOMENS BOOTS,27/08/2026,,FALSE,5020414633118,194,IN STOCK,,"3 UK, 4 UK, 5 UK, 6 UK, 7 UK, 8 UK, 9 UK",Black,,,41,TRUE,TRUE,FALSE
Carvela,6324248209,6324248209,Carvela Women's Camel Suede Bruna,https://www.carvela.com/women/shoes/boots/ankle-boots/bruna-ankle-camel-suede-carvela-6324248209?utm_source=display&utm_medium=programmatic&utm_campaign=performance&utm_content=rtg,This Bruna Ankle boot is crafted from a camel suede leather. The heel is in a low style with slight rounding to the squared toe.Heel height: 5.5cmMaterial: SuedeStyle number: 6324248209,This Bruna Ankle boot is crafted from a camel suede leather. The heel is in a low style with slight rounding to the squared toe.Heel height: 5.5cmMaterial: SuedeStyle number: 6324248209,179.00,179.00,https://kg-static-cache.s3.amazonaws.com/catalog/product/cache/thumbnail/2000x2000/6/3/6324248209_40.jpg?v=1&width=800,Women > Shoes > Boots > Ankle-boots,WOMENS BOOTS,27/08/2026,,FALSE,5020414715999,101,IN STOCK,,"3 UK, 4 UK, 5 UK, 6 UK, 7 UK, 8 UK, 9 UK",Tan,,,69,TRUE,TRUE,FALSE
Carvela,6385000209,6385000209,Carvela Salvetti Ankle Boot - Black Suede Ankle boot,https://www.carvela.com/women/shoes/boots/ankle-boots/salvetti-ankle-black-suede-carvela-6385000209?utm_source=display&utm_medium=programmatic&utm_campaign=performance&utm_content=rtg,"Sat on a cuban heel, the Salvetti Ankle boot features a black suede leather upper with stitching details. There is a zipper on the inner side of the ankle.Heel height: 7cmMaterial: SuedeStyle number: 6385000209","Sat on a cuban heel, the Salvetti Ankle boot features a black suede leather upper with stitching details. There is a zipper on the inner side of the ankle.Heel height: 7cmMaterial: SuedeStyle number: 6385000209",169.00,169.00,https://kg-static-cache.s3.amazonaws.com/catalog/product/cache/thumbnail/2000x2000/6/3/6385000209_40.jpg?v=1&width=800,Women > Shoes > Boots > Ankle-boots,WOMENS BOOTS,27/08/2026,,FALSE,5020414798152,314,IN STOCK,,"3 UK, 4 UK, 5 UK, 6 UK, 7 UK, 8 UK, 9 UK",Black,,,11,TRUE,TRUE,FALSE
Carvela,6385033209,6385033209,Carvela Salvetti Ankle -,https://www.carvela.com/women/shoes/boots/ankle-boots/salvetti-ankle-tan-suede-carvela-6385033209?utm_source=display&utm_medium=programmatic&utm_campaign=performance&utm_content=rtg,"Sat on a cuban heel, the Salvetti Ankle boot features a tan suede leather upper with stitching details. There is a zipper on the inner side of the ankle. Heel height: 7cmMaterial: SuedeStyle number: 6385033209","Sat on a cuban heel, the Salvetti Ankle boot features a tan suede leather upper with stitching details. There is a zipper on the inner side of the ankle. Heel height: 7cmMaterial: SuedeStyle number: 6385033209",169.00,169.00,https://kg-static-cache.s3.amazonaws.com/catalog/product/cache/thumbnail/2000x2000/6/3/6385033209_40.jpg?v=1&width=800,Women > Shoes > Boots > Ankle-boots,WOMENS BOOTS,27/08/2026,,FALSE,5020414798329,292,IN STOCK,,"3 UK, 4 UK, 5 UK, 6 UK, 7 UK, 8 UK, 9 UK",Tan,,,14,TRUE,TRUE,FALSE
Carvela,6386305609,6386305609,Carvela Women's Boot Black Combination Fabric Rometta,https://www.carvela.com/women/shoes/boots/knee-boots/rometta-high-leg-black-combination-fabric-carvela-6386305609?utm_source=display&utm_medium=programmatic&utm_campaign=performance&utm_content=rtg,"Introducing the Rometta, a high leg boot crafted from a black elasticated fabric for pull-on ability. There is a small, gold 'C' stud at the back of the ankle.&nbsp;Heel height: 7cmMaterial: Leather alternativeStyle number: 6386305609","Introducing the Rometta, a high leg boot crafted from a black elasticated fabric for pull-on ability. There is a small, gold 'C' stud at the back of the ankle.&nbsp;Heel height: 7cmMaterial: Leather alternativeStyle number: 6386305609",179.00,179.00,https://kg-static-cache.s3.amazonaws.com/catalog/product/cache/thumbnail/2000x2000/6/3/6386305609_40.jpg?v=1&width=800,Women > Shoes > Boots > Knee-boots,WOMENS BOOTS,27/08/2026,,FALSE,5020414805959,205,IN STOCK,,"3 UK, 4 UK, 5 UK, 6 UK, 7 UK, 8 UK, 9 UK",Black Combination,,,35,TRUE,TRUE,FALSE
Carvela,6461800799,6461800799,Carvela Women's ankle boot Incanto Mid Boot Suedette Incanto,https://www.carvela.com/women/shoes/boots/ankle-boots/incanto-mid-boot-black-suedette-carvela-6461800799?utm_source=display&utm_medium=programmatic&utm_campaign=performance&utm_content=rtg,"A classic ankle boot, the Incanto Mid Boot is crafted from a black microsuede with pointed toe. The boot is sat on a high stiletto heel with curve.Heel height: 9cmInterior side zipperMaterial: MicrosuedeStyle number: 6461800799","A classic ankle boot, the Incanto Mid Boot is crafted from a black microsuede with pointed toe. The boot is sat on a high stiletto heel with curve.Heel height: 9cmInterior side zipperMaterial: MicrosuedeStyle number: 6461800799",169.00,169.00,https://kg-static-cache.s3.amazonaws.com/catalog/product/cache/thumbnail/2000x2000/6/4/6461800799_40.jpg?v=1&width=800,Women > Shoes > Boots > Ankle-boots,WOMENS BOOTS,27/08/2026,,FALSE,5020414968814,278,IN STOCK,,"3 UK, 4 UK, 5 UK, 6 UK, 7 UK, 8 UK, 9 UK",Black,,,16,TRUE,TRUE,FALSE
Carvela Comfort,1052500109,1052500109,Carvela Women's Ankle Boots Heel Leather Black Mega,https://www.carvela.com/women/shoes/boots/ankle-boots/mega-black-leather-carvela-comfort-1052500109?utm_source=display&utm_medium=programmatic&utm_campaign=performance&utm_content=rtg,The Mega ankle boot features a black leather upper with two elasticated panels at the ankle for comfort. There is a small tab with gunmetal Icon C stud on the ankle.Heel height: 80mmThis product features All Day Long TechnologyMaterial: LeatherStyle number: 1052541109,The Mega ankle boot features a black leather upper with two elasticated panels at the ankle for comfort. There is a small tab with gunmetal Icon C stud on the ankle.Heel height: 80mmThis product features All Day Long TechnologyMaterial: LeatherStyle number: 1052541109,189.00,189.00,https://kg-static-cache.s3.amazonaws.com/catalog/product/cache/thumbnail/2000x2000/1/0/1052500109_40.jpg?v=1&width=800,Women > Shoes > Boots > Ankle-boots,WOMENS BOOTS,27/08/2026,,TRUE,5045655082747,18,IN STOCK,,"3 UK, 4 UK, 6 UK, 7 UK, 8 UK, 9 UK",Black,,,89,TRUE,TRUE,FALSE
Carvela,3880600109,3880600109,KG Kurt Geiger Women's Chelsea Boot Black Leather Ignite,https://www.carvela.com/women/shoes/boots/ankle-boots/ignite-chelsea-black-leather-carvela-3880600109?utm_source=display&utm_medium=programmatic&utm_campaign=performance&utm_content=rtg,The Ignite Chelsea is a heeled boot crafted from a black leather. There are elasticated panels at the ankle and a gunmetal Icon C stud at the back of the ankle.&nbsp;Heel height: 6cmMaterial: LeatherStyle number: 3880600109,The Ignite Chelsea is a heeled boot crafted from a black leather. There are elasticated panels at the ankle and a gunmetal Icon C stud at the back of the ankle.&nbsp;Heel height: 6cmMaterial: LeatherStyle number: 3880600109,179.00,179.00,https://kg-static-cache.s3.amazonaws.com/catalog/product/cache/thumbnail/2000x2000/3/8/3880600109_40.jpg?v=1&width=800,Women > Shoes > Boots > Ankle-boots,WOMENS BOOTS,27/08/2026,,FALSE,5045656968347,223,IN STOCK,,"3 UK, 4 UK, 5 UK, 6 UK, 7 UK, 8 UK, 9 UK",Black,,,31,TRUE,TRUE,FALSE
Carvela Comfort,4645900209,4645900209,Carvela Women's Boots Black Suede Chiara,https://www.carvela.com/women/shoes/boots/ankle-boots/chiara-black-suede-carvela-comfort-4645900209?utm_source=display&utm_medium=programmatic&utm_campaign=performance&utm_content=rtg,This Chiara heeled boot is crafted from a black suede leather. There are elasticated straps on the ankle for slip-on ability and the heel is in a wooden style.&nbsp;Heel height: 6.5cmMaterial: SuedeStyle number: 4645900209,This Chiara heeled boot is crafted from a black suede leather. There are elasticated straps on the ankle for slip-on ability and the heel is in a wooden style.&nbsp;Heel height: 6.5cmMaterial: SuedeStyle number: 4645900209,179.00,179.00,https://kg-static-cache.s3.amazonaws.com/catalog/product/cache/thumbnail/2000x2000/4/6/4645900209_40.jpg?v=1&width=800,Women > Shoes > Boots > Ankle-boots,WOMENS BOOTS,27/08/2026,,FALSE,5045657933986,14,IN STOCK,,"3 UK, 4 UK, 5 UK, 7 UK, 8 UK",Black,,,90,TRUE,TRUE,FALSE
Carvela,5030400979,5030400979,Carvela Women's Boots Black Synthetic Cleo,https://www.carvela.com/women/shoes/boots/knee-boots/cleo-knee-black-synthetic-carvela-5030400979?utm_source=display&utm_medium=programmatic&utm_campaign=performance&utm_content=rtg,This Cleo Knee high boot is crafted from a black leather alternative. There is a small gold branded pin on the back of the ankle shaft. The heel is in a block style.&nbsp;Heel height: 4.5cmThis product features All Day Long technologyMaterial: Leather alternativeStyle number: 5030400979,This Cleo Knee high boot is crafted from a black leather alternative. There is a small gold branded pin on the back of the ankle shaft. The heel is in a block style.&nbsp;Heel height: 4.5cmThis product features All Day Long technologyMaterial: Leather alternativeStyle number: 5030400979,129.00,129.00,https://kg-static-cache.s3.amazonaws.com/catalog/product/cache/thumbnail/2000x2000/5/0/5030400979_40.jpg?v=1&width=800,Women > Shoes > Boots > Knee-boots,WOMENS BOOTS,27/08/2026,,FALSE,5045658576625,232,IN STOCK,,"3 UK, 4 UK, 5 UK, 6 UK, 7 UK, 8 UK, 9 UK",Black,,,28,TRUE,TRUE,FALSE
Carvela,5147400979,5147400979,Carvela Women's Boots Black Synthetic Boulder,https://www.carvela.com/women/shoes/boots/knee-boots/boulder-high-leg-black-synthetic-carvela-5147400979?utm_source=display&utm_medium=programmatic&utm_campaign=performance&utm_content=rtg,This Boulder High Leg boot is crafted from a soft black leather alternative. There is a soft elasticated panel along the back of the boot. The heel is in a block style.Heel height: 7.5cmShaft height: 43cmMaterial: Leather alternativeStyle number: 5147400979,This Boulder High Leg boot is crafted from a soft black leather alternative. There is a soft elasticated panel along the back of the boot. The heel is in a block style.Heel height: 7.5cmShaft height: 43cmMaterial: Leather alternativeStyle number: 5147400979,139.00,139.00,https://kg-static-cache.s3.amazonaws.com/catalog/product/cache/thumbnail/2000x2000/5/1/5147400979_40.jpg?v=1&width=800,Women > Shoes > Boots > Knee-boots,WOMENS BOOTS,27/08/2026,,FALSE,5045658727454,274,IN STOCK,,"3 UK, 4 UK, 5 UK, 6 UK, 7 UK, 8 UK, 9 UK",Black,,,18,TRUE,TRUE,FALSE
Carvela,5147500979,5147500979,Carvela Women's Boot Black Synthetic Boulder,https://www.carvela.com/women/shoes/boots/ankle-boots/boulder-heeled-lace-up-black-synthetic-carvela-5147500979?utm_source=display&utm_medium=programmatic&utm_campaign=performance&utm_content=rtg,This Boulder Heeled Lace Up Boot is crafted from a black leather alternative. The front laces up with gold eyelets and there is a buckle fastened on the strap around the ankle.Heel height: 7.5cmMaterial: Leather alternativeStyle number: 5147500979,This Boulder Heeled Lace Up Boot is crafted from a black leather alternative. The front laces up with gold eyelets and there is a buckle fastened on the strap around the ankle.Heel height: 7.5cmMaterial: Leather alternativeStyle number: 5147500979,129.00,129.00,https://kg-static-cache.s3.amazonaws.com/catalog/product/cache/thumbnail/2000x2000/5/1/5147500979_40.jpg?v=1&width=800,Women > Shoes > Boots > Ankle-boots,WOMENS BOOTS,27/08/2026,,FALSE,5045658727799,133,IN STOCK,,"3 UK, 4 UK, 5 UK, 6 UK, 7 UK, 8 UK, 9 UK",Black,,,58,TRUE,TRUE,FALSE
Carvela,5149154979,5149154979,Carvela Women's Boots Wine Synthetic Franca,https://www.carvela.com/women/shoes/boots/ankle-boots/franca-ankle-wine-synthetic-carvela-5149154979?utm_source=display&utm_medium=programmatic&utm_campaign=performance&utm_content=rtg,This wine red Franca Ankle Boot features a classic elasticated ankle for slip-on ability. There is a small gold stud at the back of the ankle and the kitten heel is in a cone style.&nbsp;Heel height: 2cmMaterial: Leather alternativeStyle number: 5149154979,This wine red Franca Ankle Boot features a classic elasticated ankle for slip-on ability. There is a small gold stud at the back of the ankle and the kitten heel is in a cone style.&nbsp;Heel height: 2cmMaterial: Leather alternativeStyle number: 5149154979,99.00,99.00,https://kg-static-cache.s3.amazonaws.com/catalog/product/cache/thumbnail/2000x2000/5/1/5149154979_40.jpg?v=1&width=800,Women > Shoes > Boots > Ankle-boots,WOMENS BOOTS,27/08/2026,,FALSE,5045658730263,202,IN STOCK,,"3 UK, 4 UK, 5 UK, 6 UK, 7 UK, 8 UK, 9 UK",Red,,,37,TRUE,TRUE,FALSE
Carvela,5166930109,5166930109,Carvela Women's Boots Brown Leather Liberta Knee,https://www.carvela.com/women/shoes/boots/liberta-knee-brown-leather-carvela-5166930109?utm_source=display&utm_medium=programmatic&utm_campaign=performance&utm_content=rtg,This Liberta Knee High Boot is crafted from a brown leather. There is a ribbed elasticated panel on the back of the shaft as well as gold plate on the heel.Interior side zipperMaterial: LeatherStyle number: 5166930109,This Liberta Knee High Boot is crafted from a brown leather. There is a ribbed elasticated panel on the back of the shaft as well as gold plate on the heel.Interior side zipperMaterial: LeatherStyle number: 5166930109,139.00,139.00,https://kg-static-cache.s3.amazonaws.com/catalog/product/cache/thumbnail/2000x2000/5/1/5166930109_40.jpg?v=1&width=800,Women > Shoes > Boots,WOMENS BOOTS,27/08/2026,,FALSE,5045658783078,303,IN STOCK,,"3 UK, 4 UK, 6 UK, 7 UK, 8 UK, 9 UK",Brown,,,12,TRUE,TRUE,FALSE
Carvela,5198560609,5198560609,Carvela Women's Boots Bronze Synthetic Amore Knee,https://www.carvela.com/women/shoes/boots/knee-boots/amore-knee-bronze-fabric-carvela-5198560609?utm_source=display&utm_medium=programmatic&utm_campaign=performance&utm_content=rtg,This Carvela Amore Knee high boot is crafted from a bronze fabric with brass crystal embellishment. The heel is in a stiletto style. Heel height: 11cm.,This Carvela Amore Knee high boot is crafted from a bronze fabric with brass crystal embellishment. The heel is in a stiletto style. Heel height: 11cm.,79.00,79.00,https://kg-static-cache.s3.amazonaws.com/catalog/product/cache/thumbnail/2000x2000/5/1/5198560609_40.jpg?v=1&width=800,Women > Shoes > Boots > Knee-boots,WOMENS BOOTS,27/08/2026,,FALSE,5045658804438,9,IN STOCK,,"3 UK, 4 UK, 9 UK",Metallic,,,92,TRUE,TRUE,FALSE
Carvela,5092830209,5092830209,Carvela Women's Boots Brown Suede Ignite Zip,https://www.carvela.com/women/shoes/boots/ankle-boots/ignite-zip-brown-suede-carvela-5092830209?utm_source=display&utm_medium=programmatic&utm_campaign=performance&utm_content=rtg,This Ignite Zip is a heeled ankle boot crafted from a brown suede leather. There is a zip along the front of the boot and the sole is chunky in black.&nbsp;Heel height: 6cmMaterial: SuedeStyle number: 5092830209,This Ignite Zip is a heeled ankle boot crafted from a brown suede leather. There is a zip along the front of the boot and the sole is chunky in black.&nbsp;Heel height: 6cmMaterial: SuedeStyle number: 5092830209,189.00,189.00,https://kg-static-cache.s3.amazonaws.com/catalog/product/cache/thumbnail/2000x2000/5/0/5092830209_40.jpg?v=1&width=800,Women > Shoes > Boots > Ankle-boots,WOMENS BOOTS,27/08/2026,,FALSE,5045658871645,409,IN STOCK,,"3 UK, 4 UK, 5 UK, 6 UK, 7 UK, 8 UK, 9 UK",Brown,,,4,TRUE,TRUE,FALSE
Carvela,5327000979,5327000979,Carvela Women's Ankle Boot Black Synthetic Blanca,https://www.carvela.com/women/shoes/boots/ankle-boots/blanca-ankle-black-synthetic-carvela-5327000979?utm_source=display&utm_medium=programmatic&utm_campaign=performance&utm_content=rtg,This Blanca Ankle Boot is crafted from a sleek black leather alternative. The toe is pointed and there is a simple strap around the ankle that is fastened with an elongated gold tone buckle.Heel height: 10cmMaterial: Leather alternativeStyle number: 5327000979,This Blanca Ankle Boot is crafted from a sleek black leather alternative. The toe is pointed and there is a simple strap around the ankle that is fastened with an elongated gold tone buckle.Heel height: 10cmMaterial: Leather alternativeStyle number: 5327000979,129.00,129.00,https://kg-static-cache.s3.amazonaws.com/catalog/product/cache/thumbnail/2000x2000/5/3/5327000979_40.jpg?v=1&width=800,Women > Shoes > Boots > Ankle-boots,WOMENS BOOTS,27/08/2026,,FALSE,5045658960769,111,IN STOCK,,"3 UK, 5 UK, 6 UK, 7 UK, 8 UK, 9 UK",Black,,,64,TRUE,TRUE,FALSE
Carvela,5327500109,5327500109,Carvela Women's Ankle Boot Black Leather Silver 2,https://www.carvela.com/women/shoes/boots/ankle-boots/silver-2-ankle-wide-fit-black-leather-carvela-5327500109?utm_source=display&utm_medium=programmatic&utm_campaign=performance&utm_content=rtg,This wide fit edition of the Silver2 ankle boot features a black leather upper. The ankle features a golden buckle as well as zip pull.Heel height: 80mmThis style features âAll Day Longâ technologyGolden Icon C stud at the back of the ankleMaterial: LeatherStyle number: 5327500109,This wide fit edition of the Silver2 ankle boot features a black leather upper. The ankle features a golden buckle as well as zip pull.Heel height: 80mmThis style features âAll Day Longâ technologyGolden Icon C stud at the back of the ankleMaterial: LeatherStyle number: 5327500109,89.00,89.00,https://kg-static-cache.s3.amazonaws.com/catalog/product/cache/thumbnail/2000x2000/5/3/5327500109_40.jpg?v=1&width=800,Women > Shoes > Boots > Ankle-boots,WOMENS BOOTS,27/08/2026,,FALSE,5045658961278,95,IN STOCK,,"3 UK, 5 UK, 6 UK, 7 UK, 8 UK, 9 UK",Black,,,73,TRUE,TRUE,FALSE
Carvela,5327630109,5327630109,Carvela Women's Knee Boot Brown Leather Silver,https://www.carvela.com/women/shoes/boots/knee-boots/silver-2-knee-wide-fit-brown-leather-carvela-5327630109?utm_source=display&utm_medium=programmatic&utm_campaign=performance&utm_content=rtg,This wide fit edition of the Silver2 knee high boot features a dark brown leather upper with gunmetal tone branded buckle around the ankle.Heel height: 80mmInterior side zip for slip-on comfortGunmetal Icon C stud at the back of the calfMaterial: LeatherStyle number: 5327630109,This wide fit edition of the Silver2 knee high boot features a dark brown leather upper with gunmetal tone branded buckle around the ankle.Heel height: 80mmInterior side zip for slip-on comfortGunmetal Icon C stud at the back of the calfMaterial: LeatherStyle number: 5327630109,119.00,119.00,https://kg-static-cache.s3.amazonaws.com/catalog/product/cache/thumbnail/2000x2000/5/3/5327630109_40.jpg?v=1&width=800,Women > Shoes > Boots > Knee-boots,WOMENS BOOTS,27/08/2026,,FALSE,5045658961575,209,IN STOCK,,"3 UK, 4 UK, 5 UK, 6 UK, 7 UK, 8 UK, 9 UK",Brown,,,33,TRUE,TRUE,FALSE
Carvela,5337232209,5337232209,Carvela Women's Boot Brown Boot Suede Spirit,https://www.carvela.com/women/shoes/boots/knee-boots/spirit-slouch-boot-mid-brown-suede-carvela-5337232209?utm_source=display&utm_medium=programmatic&utm_campaign=performance&utm_content=rtg,This Spirit Slouch Boot is crafted from a brown suede. The ankle is ruched and reaches below the knee. The toe is pointed and the heel is in a stiletto style.Heel height: 8.5cmMaterial: SuedeStyle number: 5337232209,This Spirit Slouch Boot is crafted from a brown suede. The ankle is ruched and reaches below the knee. The toe is pointed and the heel is in a stiletto style.Heel height: 8.5cmMaterial: SuedeStyle number: 5337232209,229.00,229.00,https://kg-static-cache.s3.amazonaws.com/catalog/product/cache/thumbnail/2000x2000/5/3/5337232209_40.jpg?v=1&width=800,Women > Shoes > Boots > Knee-boots,WOMENS BOOTS,27/08/2026,,FALSE,5045658981344,374,IN STOCK,,"3 UK, 4 UK, 5 UK, 6 UK, 7 UK, 8 UK, 9 UK",Brown,,,6,TRUE,TRUE,FALSE
Carvela,5344400209,5344400209,Carvela Women's Boot Black Suede Knee Gaia,https://www.carvela.com/women/shoes/boots/knee-boots/gaia-knee-black-suede-carvela-5344400209?utm_source=display&utm_medium=programmatic&utm_campaign=performance&utm_content=rtg,This Gaia Knee high boot is crafted from a black suede leather with an upper that reaches the knee. There is a small gold Icon C pin stud at the back of the ankle and the heel is in a low block style.Heel height: 4cmMaterial: Suede leatherStyle number: 5344400209,This Gaia Knee high boot is crafted from a black suede leather with an upper that reaches the knee. There is a small gold Icon C pin stud at the back of the ankle and the heel is in a low block style.Heel height: 4cmMaterial: Suede leatherStyle number: 5344400209,139.00,139.00,https://kg-static-cache.s3.amazonaws.com/catalog/product/cache/thumbnail/2000x2000/5/3/5344400209_40.jpg?v=1&width=800,Women > Shoes > Boots > Knee-boots,WOMENS BOOTS,27/08/2026,,FALSE,5045658995242,157,IN STOCK,,"3 UK, 4 UK, 5 UK, 6 UK, 7 UK, 8 UK, 9 UK",Black,,,51,TRUE,TRUE,FALSE
Carvela,5357400209,5357400209,Carvela Women's Boots Black Suede Jackpot,https://www.carvela.com/women/shoes/boots/knee-boots/jackpot-slouch-otk-black-suede-carvela-5357400209?utm_source=display&utm_medium=programmatic&utm_campaign=performance&utm_content=rtg,This over the knee Jackpot Slouch boot features a black suede upper with a simple strap around the ankle accented with a gold tone coin. The shaft has a slouched appearance.Heel height: 8.5cmMaterial: Suede&nbsp;Style number: 5357400209,This over the knee Jackpot Slouch boot features a black suede upper with a simple strap around the ankle accented with a gold tone coin. The shaft has a slouched appearance.Heel height: 8.5cmMaterial: Suede&nbsp;Style number: 5357400209,249.00,249.00,https://kg-static-cache.s3.amazonaws.com/catalog/product/cache/thumbnail/2000x2000/5/3/5357400209_40.jpg?v=1&width=800,Women > Shoes > Boots > Knee-boots,WOMENS BOOTS,27/08/2026,,FALSE,5045659029038,159,IN STOCK,,"3 UK, 4 UK, 5 UK, 6 UK, 7 UK, 8 UK, 9 UK",Black,,,50,TRUE,TRUE,FALSE
Carvela,5198431609,5198431609,Carvela Women's Ankle Boot Dark Brown Leather Vito Ankle,https://www.carvela.com/women/shoes/boots/ankle-boots/vito-ankle-dark-brown-fabric-carvela-5198431609?utm_source=display&utm_medium=programmatic&utm_campaign=performance&utm_content=rtg,This Vito Ankle boot is crafted from a dark brown microsuede. There is a small Icon C pin stud at the back of the soft ankle.Heel height: 8cmThis product features All Day Long technologyMaterial: MicrosuedeStyle number: 5198431609,This Vito Ankle boot is crafted from a dark brown microsuede. There is a small Icon C pin stud at the back of the soft ankle.Heel height: 8cmThis product features All Day Long technologyMaterial: MicrosuedeStyle number: 5198431609,149.00,149.00,https://kg-static-cache.s3.amazonaws.com/catalog/product/cache/thumbnail/2000x2000/5/1/5198431609_40.jpg?v=1&width=800,Women > Shoes > Boots > Ankle-boots,WOMENS BOOTS,27/08/2026,,FALSE,5045659343271,31,IN STOCK,,"3 UK, 4 UK, 7 UK, 8 UK, 9 UK",Brown,,,86,TRUE,TRUE,FALSE
Carvela,5197731609,5197731609,Carvela Women's Dark Brown Synthetic Vito,https://www.carvela.com/women/shoes/boots/knee-boots/vito-otk-dark-brown-fabric-carvela-5197731609?utm_source=display&utm_medium=programmatic&utm_campaign=performance&utm_content=rtg,This Vito Over The Knee Boot is crafted from a dark brown microsuede fabric. The toe is slightly rounded and the heel is in a block style.Heel height: 8cmThis product features All Day Long technologyMaterial: FabricStyle number: 5197731609,This Vito Over The Knee Boot is crafted from a dark brown microsuede fabric. The toe is slightly rounded and the heel is in a block style.Heel height: 8cmThis product features All Day Long technologyMaterial: FabricStyle number: 5197731609,179.00,179.00,https://kg-static-cache.s3.amazonaws.com/catalog/product/cache/thumbnail/2000x2000/5/1/5197731609_40.jpg?v=1&width=800,Women > Shoes > Boots > Knee-boots,WOMENS BOOTS,27/08/2026,,FALSE,5045659343394,128,IN STOCK,,"3 UK, 4 UK, 5 UK, 6 UK, 7 UK, 8 UK, 9 UK",Brown,,,59,TRUE,TRUE,FALSE
Carvela Comfort,5943947609,5943947609,Carvela Women's Boots Taupe Fabric Flute Coin,https://www.carvela.com/women/shoes/boots/ankle-boots/flute-coin-taupe-fabric-carvela-comfort-5943947609?utm_source=display&utm_medium=programmatic&utm_campaign=performance&utm_content=rtg,This Flute Coin boot arrives in a taupe microsuede. There is a small strap around the ankle with gold crystal coin detail. Heel height: 7cm. Inner side zipper.Heel height: 7cmMaterial: SyntheticStyle number: 5943947609,This Flute Coin boot arrives in a taupe microsuede. There is a small strap around the ankle with gold crystal coin detail. Heel height: 7cm. Inner side zipper.Heel height: 7cmMaterial: SyntheticStyle number: 5943947609,149.00,149.00,https://kg-static-cache.s3.amazonaws.com/catalog/product/cache/thumbnail/2000x2000/5/9/5943947609_40.jpg?v=1&width=800,Women > Shoes > Boots > Ankle-boots,WOMENS BOOTS,27/08/2026,,FALSE,5020414066268,165,IN STOCK,,"3 UK, 4 UK, 5 UK, 6 UK, 7 UK, 8 UK, 9 UK",Taupe,,,44,TRUE,TRUE,FALSE
Carvela Comfort,0976600609,0976600609,Carvela Women's Boot Black Fabric Flute Shoe Boot,https://www.carvela.com/women/shoes/boots/ankle-boots/flute-shoe-boot-black-fabric-carvela-comfort-0976600609?utm_source=display&utm_medium=programmatic&utm_campaign=performance&utm_content=rtg,The Flute Boot has a black microsuede upper with pointed toe and curved ankle. There is a small tab at the back of the ankle with micro Icon C stud.Heel height: 70mmGold Icon C on the outsoleMaterial: MicrosuedeStyle number: 0976600609,The Flute Boot has a black microsuede upper with pointed toe and curved ankle. There is a small tab at the back of the ankle with micro Icon C stud.Heel height: 70mmGold Icon C on the outsoleMaterial: MicrosuedeStyle number: 0976600609,149.00,149.00,https://kg-static-cache.s3.amazonaws.com/catalog/product/cache/thumbnail/2000x2000/0/9/0976600609_40.jpg?v=1&width=800,Women > Shoes > Boots > Ankle-boots,WOMENS BOOTS,27/08/2026,,FALSE,5045655044431,55,IN STOCK,,"3 UK, 4 UK, 5 UK, 6 UK, 7 UK, 8 UK",Black,,,78,TRUE,TRUE,FALSE
Carvela,1059205979,1059205979,Carvela Women's Boot Black Combination Synthetic Tempt,https://www.carvela.com/women/shoes/boots/ankle-boots/tempt-black-combination-synthetic-carvela-1059205979?utm_source=display&utm_medium=programmatic&utm_campaign=performance&utm_content=rtg,The Tempt ankle boot features a black leather alternative upper. There is a bow detail at the back of the ankle with gold tone branding. The inner side of the ankle features a zip for comfort.Heel height: 90mm.Material: Leather alternativeStyle number: 1059205979,The Tempt ankle boot features a black leather alternative upper. There is a bow detail at the back of the ankle with gold tone branding. The inner side of the ankle features a zip for comfort.Heel height: 90mm.Material: Leather alternativeStyle number: 1059205979,119.00,119.00,https://kg-static-cache.s3.amazonaws.com/catalog/product/cache/thumbnail/2000x2000/1/0/1059205979_40.jpg?v=1&width=800,Women > Shoes > Boots > Ankle-boots,WOMENS BOOTS,27/08/2026,,FALSE,5045658695807,107,IN STOCK,,"3 UK, 4 UK, 5 UK, 6 UK, 7 UK, 8 UK, 9 UK",Black Combination,,,67,TRUE,TRUE,FALSE
Carvela,5149100609,5149100609,Carvela Women's Ankle Boot Black Synthetic Franca,https://www.carvela.com/women/shoes/boots/ankle-boots/franca-ankle-black-fabric-carvela-5149100609?utm_source=display&utm_medium=programmatic&utm_campaign=performance&utm_content=rtg,This Franca Ankle Boot features a classic elasticated ankle for slip-on ability. There is a small gold stud at the back of the ankle and the kitten heel is in a cone style.&nbsp;Heel height: 2cmMaterial: Microsuede&nbsp;Style number: 5149100609,This Franca Ankle Boot features a classic elasticated ankle for slip-on ability. There is a small gold stud at the back of the ankle and the kitten heel is in a cone style.&nbsp;Heel height: 2cmMaterial: Microsuede&nbsp;Style number: 5149100609,99.00,99.00,https://kg-static-cache.s3.amazonaws.com/catalog/product/cache/thumbnail/2000x2000/5/1/5149100609_40.jpg?v=1&width=800,Women > Shoes > Boots > Ankle-boots,WOMENS BOOTS,27/08/2026,,FALSE,5045658730119,204,IN STOCK,,"3 UK, 4 UK, 5 UK, 6 UK, 7 UK, 8 UK, 9 UK",Black,,,36,TRUE,TRUE,FALSE
Carvela,5234930979,5234930979,Carvela Jackpot Wide Fit Ankle Boot - Dark Brown Leather Heeled Ankle Boot,https://www.carvela.com/women/shoes/boots/jackpot-ankle-wide-fit-brown-synthetic-carvela-5234930979?utm_source=display&utm_medium=programmatic&utm_campaign=performance&utm_content=rtg,This wide fit edition of the Jackpot Ankle boot is crafted from a dark brown leather alternative. There is a strap around the back of the ankle with a silver round stud embellished with crystals. The heel is in a statement block style.Heel height: 85mmThis product features All Day Long technologyMaterial: Leather alternativeStyle number: 5234930979,This wide fit edition of the Jackpot Ankle boot is crafted from a dark brown leather alternative. There is a strap around the back of the ankle with a silver round stud embellished with crystals. The heel is in a statement block style.Heel height: 85mmThis product features All Day Long technologyMaterial: Leather alternativeStyle number: 5234930979,109.00,109.00,https://kg-static-cache.s3.amazonaws.com/catalog/product/cache/thumbnail/2000x2000/5/2/5234930979_40.jpg?v=1&width=800,Women > Shoes > Boots,WOMENS BOOTS,27/08/2026,,FALSE,5045658849194,273,IN STOCK,,"3 UK, 4 UK, 5 UK, 6 UK, 7 UK, 8 UK, 9 UK",Brown,,,20,TRUE,TRUE,FALSE
Carvela,5272400069,5272400069,Carvela Women's Boots Black Synthetic Tempt,https://www.carvela.com/women/shoes/boots/knee-boots/tempt-high-leg-wide-fit-black-fabric-other-carvela-5272400069?utm_source=display&utm_medium=programmatic&utm_campaign=performance&utm_content=rtg,This Wide Leg edition of the Tempt High Leg boot features a black microsuede with an upper that reaches the knee. There is a knotted ankle strap with gold tone tip.Heel height: 8.5cmThis product features All Day Long technologyMaterial: FabricStyle number: 5272400069,This Wide Leg edition of the Tempt High Leg boot features a black microsuede with an upper that reaches the knee. There is a knotted ankle strap with gold tone tip.Heel height: 8.5cmThis product features All Day Long technologyMaterial: FabricStyle number: 5272400069,139.00,139.00,https://kg-static-cache.s3.amazonaws.com/catalog/product/cache/thumbnail/2000x2000/5/2/5272400069_40.jpg?v=1&width=800,Women > Shoes > Boots > Knee-boots,WOMENS BOOTS,27/08/2026,,FALSE,5045658871096,261,IN STOCK,,"3 UK, 4 UK, 5 UK, 7 UK, 8 UK, 9 UK",Black,,,22,TRUE,TRUE,FALSE
Carvela,5272500069,5272500069,Carvela Women's Boots Black Synthetic Tempt,https://www.carvela.com/women/shoes/boots/ankle-boots/tempt-wide-fit-black-fabric-other-carvela-5272500069?utm_source=display&utm_medium=programmatic&utm_campaign=performance&utm_content=rtg,This Wide Fit edition Tempt ankle boot features a black leather alternative upper. There is a bow detail at the back of the ankle with gold tone branding. The inner side of the ankle features a zip for comfort.Heel height: 8.5cmMaterial: Leather alternativeStyle number: 5272500069,This Wide Fit edition Tempt ankle boot features a black leather alternative upper. There is a bow detail at the back of the ankle with gold tone branding. The inner side of the ankle features a zip for comfort.Heel height: 8.5cmMaterial: Leather alternativeStyle number: 5272500069,119.00,119.00,https://kg-static-cache.s3.amazonaws.com/catalog/product/cache/thumbnail/2000x2000/5/2/5272500069_40.jpg?v=1&width=800,Women > Shoes > Boots > Ankle-boots,WOMENS BOOTS,27/08/2026,,TRUE,5045658871164,274,IN STOCK,,"3 UK, 4 UK, 5 UK, 6 UK, 7 UK, 8 UK, 9 UK",Black,,,19,TRUE,TRUE,FALSE
Carvela,5264132209,5264132209,Carvela Women's Boots Mid Brown Suede Jackpot,https://www.carvela.com/women/shoes/boots/knee-boots/jackpot-slouch-knee-mid-brown-suede-carvela-5264132209?utm_source=display&utm_medium=programmatic&utm_campaign=performance&utm_content=rtg,This knee-high Jackpot Slouch boot features a mid brown suede upper with a simple strap around the ankle accented with a gold tone coin. The shaft has a slouched appearance.&nbsp;Heel height: 8.5cmMaterial: Suede&nbsp;Style number: 5264132209,This knee-high Jackpot Slouch boot features a mid brown suede upper with a simple strap around the ankle accented with a gold tone coin. The shaft has a slouched appearance.&nbsp;Heel height: 8.5cmMaterial: Suede&nbsp;Style number: 5264132209,219.00,219.00,https://kg-static-cache.s3.amazonaws.com/catalog/product/cache/thumbnail/2000x2000/5/2/5264132209_40.jpg?v=1&width=800,Women > Shoes > Boots > Knee-boots,WOMENS BOOTS,27/08/2026,,FALSE,5045659007623,431,IN STOCK,,"3 UK, 4 UK, 5 UK, 6 UK, 7 UK, 8 UK, 9 UK",Brown,,,3,TRUE,TRUE,FALSE
Carvela,5659976209,5659976209,Carvela Women's Boots Taupe Leather Suede Allora,https://www.carvela.com/women/shoes/boots/knee-boots/allora-otk-khaki-suede-carvela-5659976209?utm_source=display&utm_medium=programmatic&utm_campaign=performance&utm_content=rtg,This Allora Over The Knee boot is crafted from a khaki suede leather. The toe is rounded and the heel is in a block style.Heel height: 9cmMaterial: LeatherStyle number: 5659976209,This Allora Over The Knee boot is crafted from a khaki suede leather. The toe is rounded and the heel is in a block style.Heel height: 9cmMaterial: LeatherStyle number: 5659976209,289.00,289.00,https://kg-static-cache.s3.amazonaws.com/catalog/product/cache/thumbnail/2000x2000/5/6/5659976209_40.jpg?v=1&width=800,Women > Shoes > Boots > Knee-boots,WOMENS BOOTS,27/08/2026,,FALSE,5045659629511,60,IN STOCK,,"3 UK, 4 UK, 5 UK, 6 UK, 7 UK, 8 UK, 9 UK",Green,,,77,TRUE,TRUE,FALSE
Carvela Comfort,1973000799,1973000799,Carvela Comfort Women's High Leg Boot Black Tampa,https://www.carvela.com/women/shoes/boots/knee-boots/tampa-high-leg-black-suedette-carvela-comfort-1973000799?utm_source=display&utm_medium=programmatic&utm_campaign=performance&utm_content=rtg,The Tampa is a knee high boot crafted in black microsuede. The ankle has a ruched effect and the heel is in a cone style.Heel height: 85mmThis product features 'All Day Long' technologyMaterial: MicrosuedeStyle number: 1973000799,The Tampa is a knee high boot crafted in black microsuede. The ankle has a ruched effect and the heel is in a cone style.Heel height: 85mmThis product features 'All Day Long' technologyMaterial: MicrosuedeStyle number: 1973000799,119.00,119.00,https://kg-static-cache.s3.amazonaws.com/catalog/product/cache/thumbnail/2000x2000/1/9/1973000799_40.jpg?v=1&width=800,Women > Shoes > Boots > Knee-boots,WOMENS BOOTS,27/08/2026,,FALSE,5057812140504,86,IN STOCK,,"3 UK, 4 UK, 5 UK, 6 UK, 7 UK, 8 UK, 9 UK",Black,,,76,TRUE,TRUE,FALSE
Carvela,6327200209,6327200209,Carvela Ignite Slouch -,https://www.carvela.com/women/shoes/boots/knee-boots/ignite-slouch-black-suede-carvela-6327200209?utm_source=display&utm_medium=programmatic&utm_campaign=performance&utm_content=rtg,This pair of Ignite Slouch boots are crafted from a black suede leather. The ankle shaft is ruched with comfortable slouch. &nbsp;Heel height: 6cmMaterial: SuedeStyle number: 6328200209,This pair of Ignite Slouch boots are crafted from a black suede leather. The ankle shaft is ruched with comfortable slouch. &nbsp;Heel height: 6cmMaterial: SuedeStyle number: 6328200209,229.00,229.00,https://kg-static-cache.s3.amazonaws.com/catalog/product/cache/thumbnail/2000x2000/6/3/6327200209_40.jpg?v=1&width=800,Women > Shoes > Boots > Knee-boots,WOMENS BOOTS,27/08/2026,,FALSE,5020414728937,50,IN STOCK,,"3 UK, 4 UK, 5 UK, 6 UK, 7 UK, 8 UK",Black,,,79,TRUE,TRUE,FALSE
Carvela,6385100109,6385100109,Carvela Women's Boots Black Suede Salvetti,https://www.carvela.com/women/shoes/boots/ankle-boots/salvetti-zip-ankle-black-leather-carvela-6385100109?utm_source=display&utm_medium=programmatic&utm_campaign=performance&utm_content=rtg,This Salvetti Zip Ankle boot features a black leather upper with statement gunmetal zipper on the outer side of the ankle. This ankle boot is sat on a black cuban heel.Heel height: 7cmStyle number: 6385100109,This Salvetti Zip Ankle boot features a black leather upper with statement gunmetal zipper on the outer side of the ankle. This ankle boot is sat on a black cuban heel.Heel height: 7cmStyle number: 6385100109,169.00,169.00,https://kg-static-cache.s3.amazonaws.com/catalog/product/cache/thumbnail/2000x2000/6/3/6385100109_40.jpg?v=1&width=800,Women > Shoes > Boots > Ankle-boots,WOMENS BOOTS,27/08/2026,,FALSE,5020414798459,324,IN STOCK,,"3 UK, 4 UK, 5 UK, 6 UK, 7 UK, 8 UK, 9 UK",Black,,,10,TRUE,TRUE,FALSE
Carvela Comfort,4645930209,4645930209,Carvela Women's Ankle Boot Brown Suede Chiara,https://www.carvela.com/women/shoes/boots/ankle-boots/chiara-brown-suede-carvela-comfort-4645930209?utm_source=display&utm_medium=programmatic&utm_campaign=performance&utm_content=rtg,This Chiara heeled boot is crafted from a brown suede leather. There are elasticated straps on the ankle for slip-on ability and the heel is in a wooden style.&nbsp;Heel height: 6.5cmMaterial: SuedeStyle number: 4645930209,This Chiara heeled boot is crafted from a brown suede leather. There are elasticated straps on the ankle for slip-on ability and the heel is in a wooden style.&nbsp;Heel height: 6.5cmMaterial: SuedeStyle number: 4645930209,179.00,179.00,https://kg-static-cache.s3.amazonaws.com/catalog/product/cache/thumbnail/2000x2000/4/6/4645930209_40.jpg?v=1&width=800,Women > Shoes > Boots > Ankle-boots,WOMENS BOOTS,27/08/2026,,FALSE,5045657934150,162,IN STOCK,,"3 UK, 4 UK, 5 UK, 6 UK, 7 UK, 8 UK",Brown,,,46,TRUE,TRUE,FALSE
Carvela,5030430209,5030430209,Carvela Women's Boots Brown Suede Cleo Knee,https://www.carvela.com/women/shoes/boots/knee-boots/cleo-knee-brown-suede-carvela-5030430209?utm_source=display&utm_medium=programmatic&utm_campaign=performance&utm_content=rtg,This Cleo Knee high boot is crafted from a soft brown suede leather. There is a small gold branded pin on the back of the ankle shaft. The heel is in a block style.&nbsp;Heel height: 4.5cmThis product features All Day Long technologyMaterial: SuedeStyle number: 5030430209,This Cleo Knee high boot is crafted from a soft brown suede leather. There is a small gold branded pin on the back of the ankle shaft. The heel is in a block style.&nbsp;Heel height: 4.5cmThis product features All Day Long technologyMaterial: SuedeStyle number: 5030430209,129.00,129.00,https://kg-static-cache.s3.amazonaws.com/catalog/product/cache/thumbnail/2000x2000/5/0/5030430209_40.jpg?v=1&width=800,Women > Shoes > Boots > Knee-boots,WOMENS BOOTS,27/08/2026,,FALSE,5045658576779,134,IN STOCK,,"3 UK, 4 UK, 6 UK, 7 UK, 8 UK, 9 UK",Brown,,,56,TRUE,TRUE,FALSE
Carvela,5123800979,5123800979,Carvela Women's Knee High Boots Black Synthetic Strut,https://www.carvela.com/women/shoes/boots/knee-boots/strut-knee-high-black-synthetic-carvela-5123800979?utm_source=display&utm_medium=programmatic&utm_campaign=performance&utm_content=rtg,"This Strut Knee High Boot is crafted from a black leather alternative, The shaft is super soft with a simple zip to allow easy access. Heel height: 8 cm.Material: Leather alternativeStyle number: 5123800979","This Strut Knee High Boot is crafted from a black leather alternative, The shaft is super soft with a simple zip to allow easy access. Heel height: 8 cm.Material: Leather alternativeStyle number: 5123800979",129.00,129.00,https://kg-static-cache.s3.amazonaws.com/catalog/product/cache/thumbnail/2000x2000/5/1/5123800979_40.jpg?v=1&width=800,Women > Shoes > Boots > Knee-boots,WOMENS BOOTS,27/08/2026,,FALSE,5045658689561,236,IN STOCK,,"3 UK, 4 UK, 5 UK, 6 UK, 7 UK, 8 UK, 9 UK",Black,,,27,TRUE,TRUE,FALSE
Carvela Comfort,5214600609,5214600609,Carvela Women's Boots Black Fabric Flute,https://www.carvela.com/women/shoes/boots/ankle-boots/flute-shoe-boot-wide-fit-black-fabric-carvela-comfort-5214600609?utm_source=display&utm_medium=programmatic&utm_campaign=performance&utm_content=rtg,This Wide Fit Flute Shoe Boot is crafted from a black suede. There is a flattering curved design to the ankle trim. Heel height: 7cm. This product features All day Long technology.Material: SuedeStyle number: 5214600609,This Wide Fit Flute Shoe Boot is crafted from a black suede. There is a flattering curved design to the ankle trim. Heel height: 7cm. This product features All day Long technology.Material: SuedeStyle number: 5214600609,149.00,149.00,https://kg-static-cache.s3.amazonaws.com/catalog/product/cache/thumbnail/2000x2000/5/2/5214600609_40.jpg?v=1&width=800,Women > Shoes > Boots > Ankle-boots,WOMENS BOOTS,27/08/2026,,FALSE,5045658812037,108,IN STOCK,,"3 UK, 4 UK, 5 UK, 7 UK, 8 UK, 9 UK",Black,,,66,TRUE,TRUE,FALSE
Carvela,5264100209,5264100209,Carvela Women's Boots Black Suede Jackpot,https://www.carvela.com/women/shoes/boots/knee-boots/jackpot-slouch-knee-black-suede-carvela-5264100209?utm_source=display&utm_medium=programmatic&utm_campaign=performance&utm_content=rtg,This knee-high Jackpot Slouch boot features a black suede upper with a simple strap around the ankle accented with a gold tone coin. The shaft has a slouched appearance.&nbsp;Heel height: 8.5cmMaterial: Suede&nbsp;Style number: 526100209,This knee-high Jackpot Slouch boot features a black suede upper with a simple strap around the ankle accented with a gold tone coin. The shaft has a slouched appearance.&nbsp;Heel height: 8.5cmMaterial: Suede&nbsp;Style number: 526100209,219.00,219.00,https://kg-static-cache.s3.amazonaws.com/catalog/product/cache/thumbnail/2000x2000/5/2/5264100209_40.jpg?v=1&width=800,Women > Shoes > Boots > Knee-boots,WOMENS BOOTS,27/08/2026,,FALSE,5045658861189,348,IN STOCK,,"3 UK, 4 UK, 5 UK, 6 UK, 7 UK, 8 UK, 9 UK",Black,,,8,TRUE,TRUE,FALSE
Carvela,5272505979,5272505979,Carvela Tempt Wide Fit Boot - Black High Heel Boot,https://www.carvela.com/women/shoes/boots/ankle-boots/tempt-wide-fit-black-combination-synthetic-carvela-5272505979?utm_source=display&utm_medium=programmatic&utm_campaign=performance&utm_content=rtg,This wide fit edition of the Tempt ankle boot features a black leather alternative upper. There is a bow detail at the back of the ankle with gold tone branding. The inner side of the ankle features a zip for comfort.Heel height: 8.5cmMaterial: Leather alternativeStyle number: 5272505979,This wide fit edition of the Tempt ankle boot features a black leather alternative upper. There is a bow detail at the back of the ankle with gold tone branding. The inner side of the ankle features a zip for comfort.Heel height: 8.5cmMaterial: Leather alternativeStyle number: 5272505979,119.00,119.00,https://kg-static-cache.s3.amazonaws.com/catalog/product/cache/thumbnail/2000x2000/5/2/5272505979_40.jpg?v=1&width=800,Women > Shoes > Boots > Ankle-boots,WOMENS BOOTS,27/08/2026,,FALSE,5045658871256,114,IN STOCK,,"3 UK, 4 UK, 5 UK, 7 UK, 8 UK, 9 UK",Black Combination,,,63,TRUE,TRUE,FALSE
Carvela Comfort,5303100109,5303100109,Carvela Women's Boots Black Leather Knee High Mega,https://www.carvela.com/women/shoes/boots/knee-boots/mega-knee-high-black-leather-carvela-comfort-5303100109?utm_source=display&utm_medium=programmatic&utm_campaign=performance&utm_content=rtg,This Mega Knee High boot is crafted from a black leather There is a small Icon C pin stud at the back of the ankle shaft.Heel height: 8cmThere is a zipper on the inner side of the ankleMaterial: LeatherStyle number: 503100109,This Mega Knee High boot is crafted from a black leather There is a small Icon C pin stud at the back of the ankle shaft.Heel height: 8cmThere is a zipper on the inner side of the ankleMaterial: LeatherStyle number: 503100109,239.00,239.00,https://kg-static-cache.s3.amazonaws.com/catalog/product/cache/thumbnail/2000x2000/5/3/5303100109_40.jpg?v=1&width=800,Women > Shoes > Boots > Knee-boots,WOMENS BOOTS,27/08/2026,,TRUE,5045658913970,37,IN STOCK,,"3 UK, 6 UK, 7 UK, 8 UK, 9 UK",Black,,,85,TRUE,TRUE,FALSE
Carvela,5306200209,5306200209,Carvela Women's Boots Black Suede Silver Knee,https://www.carvela.com/women/shoes/boots/knee-boots/silver-knee-black-suede-carvela-5306200209?utm_source=display&utm_medium=programmatic&utm_campaign=performance&utm_content=rtg,This Silver Knee High Boot is crafted from a black suede leather. There is a high block heel and simple branded pin stud ion the outer side of the high knee shaft.Heel height: 8cmMaterial: SuedeStyle number: 5306200209,This Silver Knee High Boot is crafted from a black suede leather. There is a high block heel and simple branded pin stud ion the outer side of the high knee shaft.Heel height: 8cmMaterial: SuedeStyle number: 5306200209,119.00,119.00,https://kg-static-cache.s3.amazonaws.com/catalog/product/cache/thumbnail/2000x2000/5/3/5306200209_40.jpg?v=1&width=800,Women > Shoes > Boots > Knee-boots,WOMENS BOOTS,27/08/2026,,FALSE,5045658917831,134,IN STOCK,,"3 UK, 4 UK, 5 UK, 6 UK, 7 UK, 8 UK, 9 UK",Black,,,57,TRUE,TRUE,FALSE
Carvela,5659700109,5659700109,Carvela Riva Ankle Boot - Black Ankle Boot,https://www.carvela.com/women/shoes/boots/ankle-boots/riva-ankle-black-leather-carvela-5659700109?utm_source=display&utm_medium=programmatic&utm_campaign=performance&utm_content=rtg,This Riva Ankle boot is crafted from a black leather. There are two elastic panels around the ankle and the heel is in a cuban style.Heel height: 5.5cmMaterial: LeatherStyle number: 5659700109,This Riva Ankle boot is crafted from a black leather. There are two elastic panels around the ankle and the heel is in a cuban style.Heel height: 5.5cmMaterial: LeatherStyle number: 5659700109,219.00,219.00,https://kg-static-cache.s3.amazonaws.com/catalog/product/cache/thumbnail/2000x2000/5/6/5659700109_40.jpg?v=1&width=800,Women > Shoes > Boots > Ankle-boots,WOMENS BOOTS,27/08/2026,,FALSE,5045659629085,50,IN STOCK,,"3 UK, 4 UK, 5 UK, 7 UK, 8 UK, 9 UK",Black,,,80,TRUE,TRUE,FALSE
Carvela Comfort,5200231609,5200231609,Carvela Women's Boots Dark Brown Fabric Flute Coin,https://www.carvela.com/women/shoes/boots/ankle-boots/flute-coin-dark-brown-fabric-carvela-comfort-5200231609?utm_source=display&utm_medium=programmatic&utm_campaign=performance&utm_content=rtg,This Flute Coin boot arrives in a dark brown microsuede. There is a small strap around the ankle with gold crystal coin detail.&nbsp;Heel height: 7cmMaterial: SyntheticStyle number: 5200231609,This Flute Coin boot arrives in a dark brown microsuede. There is a small strap around the ankle with gold crystal coin detail.&nbsp;Heel height: 7cmMaterial: SyntheticStyle number: 5200231609,149.00,149.00,https://kg-static-cache.s3.amazonaws.com/catalog/product/cache/thumbnail/2000x2000/5/2/5200231609_40.jpg?v=1&width=800,Women > Shoes > Boots > Ankle-boots,WOMENS BOOTS,27/08/2026,,FALSE,5020414116031,179,IN STOCK,,"3 UK, 4 UK, 5 UK, 6 UK, 7 UK, 8 UK, 9 UK",Brown,,,42,TRUE,TRUE,FALSE
Carvela,6327230209,6327230209,Carvela Women's Boots Brown Suede Ignite,https://www.carvela.com/women/shoes/boots/knee-boots/ignite-slouch-brown-suede-carvela-6327230209?utm_source=display&utm_medium=programmatic&utm_campaign=performance&utm_content=rtg,This pair of Ignite Slouch boots are crafted from a brown suede leather. The ankle shaft is ruched with comfortable slouch. &nbsp;Heel height: 6cmMaterial: SuedeStyle number: 6327230209,This pair of Ignite Slouch boots are crafted from a brown suede leather. The ankle shaft is ruched with comfortable slouch. &nbsp;Heel height: 6cmMaterial: SuedeStyle number: 6327230209,229.00,229.00,https://kg-static-cache.s3.amazonaws.com/catalog/product/cache/thumbnail/2000x2000/6/3/6327230209_40.jpg?v=1&width=800,Women > Shoes > Boots > Knee-boots,WOMENS BOOTS,27/08/2026,,FALSE,5020414729064,49,IN STOCK,,"3 UK, 4 UK, 5 UK, 6 UK, 7 UK, 8 UK, 9 UK",Brown,,,81,TRUE,TRUE,FALSE
Carvela,6386200829,6386200829,Carvela Women's Boots Black Synthetic Rometta,https://www.carvela.com/women/shoes/boots/ankle-boots/rometta-ankle-black-polyurethane-carvela-6386200829?utm_source=display&utm_medium=programmatic&utm_campaign=performance&utm_content=rtg,This Rometta Ankle boot is crafted from a black patent leather alternative. The toe is softly squares and there is a simple stitch up the front of the boot.Heel height: 7cmAn inside zip closure on the ankleStyle number: 6386200829,This Rometta Ankle boot is crafted from a black patent leather alternative. The toe is softly squares and there is a simple stitch up the front of the boot.Heel height: 7cmAn inside zip closure on the ankleStyle number: 6386200829,159.00,159.00,https://kg-static-cache.s3.amazonaws.com/catalog/product/cache/thumbnail/2000x2000/6/3/6386200829_40.jpg?v=1&width=800,Women > Shoes > Boots > Ankle-boots,WOMENS BOOTS,27/08/2026,,FALSE,5020414805485,162,IN STOCK,,"3 UK, 4 UK, 5 UK, 6 UK, 7 UK, 8 UK, 9 UK",Black,,,47,TRUE,TRUE,FALSE
Carvela,6391700209,6391700209,Carvela Women's Black Suede Padova,https://www.carvela.com/women/shoes/boots/ankle-boots/padova-ankle-black-suede-carvela-6391700209?utm_source=display&utm_medium=programmatic&utm_campaign=performance&utm_content=rtg,This Padova Ankle Boot is crafted from a black suede leather with softly squared toe. There is a simple gold Icon C stud at the back of the ankle.&nbsp;Material: SuedeStyle number: 6391700209,This Padova Ankle Boot is crafted from a black suede leather with softly squared toe. There is a simple gold Icon C stud at the back of the ankle.&nbsp;Material: SuedeStyle number: 6391700209,179.00,179.00,https://kg-static-cache.s3.amazonaws.com/catalog/product/cache/thumbnail/2000x2000/6/3/6391700209_40.jpg?v=1&width=800,Women > Shoes > Boots > Ankle-boots,WOMENS BOOTS,27/08/2026,,FALSE,5020414815538,149,IN STOCK,,"3 UK, 4 UK, 5 UK, 6 UK, 7 UK, 8 UK, 9 UK",Black,,,53,TRUE,TRUE,FALSE
Carvela,5092800109,5092800109,Carvela Women's Boots Black Leather Ignite Zip,https://www.carvela.com/women/shoes/boots/ankle-boots/ignite-zip-black-leather-carvela-5092800109?utm_source=display&utm_medium=programmatic&utm_campaign=performance&utm_content=rtg,This Ignite Zip is a heeled ankle boot crafted from a black leather. There is a zip along the front of the boot and the sole is chunky in black.&nbsp;Heel height: 6cmMaterial: Leather&nbsp;Style number: 5092800109,This Ignite Zip is a heeled ankle boot crafted from a black leather. There is a zip along the front of the boot and the sole is chunky in black.&nbsp;Heel height: 6cmMaterial: Leather&nbsp;Style number: 5092800109,189.00,189.00,https://kg-static-cache.s3.amazonaws.com/catalog/product/cache/thumbnail/2000x2000/5/0/5092800109_40.jpg?v=1&width=800,Women > Shoes > Boots > Ankle-boots,WOMENS BOOTS,27/08/2026,,FALSE,5045658655634,226,IN STOCK,,"3 UK, 4 UK, 5 UK, 6 UK, 7 UK, 8 UK, 9 UK",Black,,,30,TRUE,TRUE,FALSE
Carvela Comfort,5303130109,5303130109,Kurt Geiger Women's Boots Brown Leather Mega Knee,https://www.carvela.com/women/shoes/boots/knee-boots/mega-knee-high-brown-leather-carvela-comfort-5303130109?utm_source=display&utm_medium=programmatic&utm_campaign=performance&utm_content=rtg,This Mega Knee High boot is crafted from a brown leather. There is a small Icon C pin stud at the back of the ankle shaft.Heel height: 8cmThere is a zipper on the inner side of the ankleMaterial: LeatherStyle number: 5303130109,This Mega Knee High boot is crafted from a brown leather. There is a small Icon C pin stud at the back of the ankle shaft.Heel height: 8cmThere is a zipper on the inner side of the ankleMaterial: LeatherStyle number: 5303130109,239.00,239.00,https://kg-static-cache.s3.amazonaws.com/catalog/product/cache/thumbnail/2000x2000/5/3/5303130109_40.jpg?v=1&width=800,Women > Shoes > Boots > Knee-boots,WOMENS BOOTS,27/08/2026,,FALSE,5045658914120,42,IN STOCK,,"3 UK, 4 UK, 5 UK, 7 UK, 8 UK, 9 UK",Brown,,,83,TRUE,TRUE,FALSE
Carvela,5327600109,5327600109,Kurt Geiger Women's Knee Boot Black Leather Silver,https://www.carvela.com/women/shoes/boots/knee-boots/silver-2-knee-wide-fit-black-leather-carvela-5327600109?utm_source=display&utm_medium=programmatic&utm_campaign=performance&utm_content=rtg,"This wide fit edition of the Silver 2 is a knee-high boot crafted in a soft black leather. There are gold tone buckles at each strap on the ankle, as well as long zip inside zippers.Heel height: 80mmInterior side zip for slip-on comfortGolden Icon C stud at the back of the calfMaterial: LeatherStyle number: 5327600109","This wide fit edition of the Silver 2 is a knee-high boot crafted in a soft black leather. There are gold tone buckles at each strap on the ankle, as well as long zip inside zippers.Heel height: 80mmInterior side zip for slip-on comfortGolden Icon C stud at the back of the calfMaterial: LeatherStyle number: 5327600109",119.00,119.00,https://kg-static-cache.s3.amazonaws.com/catalog/product/cache/thumbnail/2000x2000/5/3/5327600109_40.jpg?v=1&width=800,Women > Shoes > Boots > Knee-boots,WOMENS BOOTS,27/08/2026,,FALSE,5045659300304,286,IN STOCK,,"3 UK, 4 UK, 5 UK, 6 UK, 7 UK, 8 UK, 9 UK",Black,,,15,TRUE,TRUE,FALSE
Carvela,5659900109,5659900109,Carvela Women's Boots Black Leather Allora,https://www.carvela.com/women/shoes/boots/knee-boots/allora-otk-black-leather-carvela-5659900109?utm_source=display&utm_medium=programmatic&utm_campaign=performance&utm_content=rtg,This Allora Over The Knee boot is crafted from a black leather. The toe is rounded and the heel is in a block style.Heel height: 9cmMaterial: LeatherStyle number: 5659900109,This Allora Over The Knee boot is crafted from a black leather. The toe is rounded and the heel is in a block style.Heel height: 9cmMaterial: LeatherStyle number: 5659900109,289.00,289.00,https://kg-static-cache.s3.amazonaws.com/catalog/product/cache/thumbnail/2000x2000/5/6/5659900109_40.jpg?v=1&width=800,Women > Shoes > Boots > Knee-boots,WOMENS BOOTS,27/08/2026,,FALSE,5045659629269,26,IN STOCK,,"3 UK, 4 UK, 5 UK, 6 UK, 7 UK, 8 UK, 9 UK",Black,,,87,TRUE,TRUE,FALSE
Carvela,8578464609,8578464609,Carvela Women's Boot Gunmetal Synthetic Lovebird,https://www.carvela.com/women/shoes/boots/ankle-boots/lovebird-bootie-gunmetal-fabric-carvela-8578464609?utm_source=display&utm_medium=programmatic&utm_campaign=performance&utm_content=rtg,The Lovebird Bootie features a gunmetal upper. The boot is embellished with crystals and features a gunmetal zipper on the inside ankle. The heel is in a stiletto style.Heel height: 9cmMaterial: TextileStyle number:&nbsp;8578464609,The Lovebird Bootie features a gunmetal upper. The boot is embellished with crystals and features a gunmetal zipper on the inside ankle. The heel is in a stiletto style.Heel height: 9cmMaterial: TextileStyle number:&nbsp;8578464609,39.00,39.00,https://kg-static-cache.s3.amazonaws.com/catalog/product/cache/thumbnail/2000x2000/8/5/8578464609_40.jpg?v=1&width=800,Women > Shoes > Boots > Ankle-boots,WOMENS BOOTS,27/08/2026,,FALSE,5045658803233,20,IN STOCK,,"3 UK, 4 UK, 7 UK, 9 UK",Metallic,,,88,TRUE,TRUE,FALSE
Carvela,5231630979,5231630979,Carvela Women's Boots Brown Synthetic Wide Fit Jackpot,https://www.carvela.com/women/shoes/boots/knee-boots/jackpot-knee-wide-fit-brown-synthetic-carvela-5231630979?utm_source=display&utm_medium=programmatic&utm_campaign=performance&utm_content=rtg,This wide fit edition of the knee-high Jackpot boot features a sleek brown upper with a simple strap around the back of the shaft. There is a gold pin stud with crystals accenting the strap.Heel height: 8cmMaterial: SyntheticStyle number: 5231630979,This wide fit edition of the knee-high Jackpot boot features a sleek brown upper with a simple strap around the back of the shaft. There is a gold pin stud with crystals accenting the strap.Heel height: 8cmMaterial: SyntheticStyle number: 5231630979,129.00,129.00,https://kg-static-cache.s3.amazonaws.com/catalog/product/cache/thumbnail/2000x2000/5/2/5231630979_40.jpg?v=1&width=800,Women > Shoes > Boots > Knee-boots,WOMENS BOOTS,27/08/2026,,FALSE,5045658845271,197,IN STOCK,,"3 UK, 4 UK, 5 UK, 6 UK, 7 UK, 8 UK, 9 UK",Brown,,,39,TRUE,TRUE,FALSE
Carvela,5327800109,5327800109,Carvela Women's Ankle Boot Black Leather Secil,https://www.carvela.com/women/shoes/boots/ankle-boots/secil-wide-fit-black-leather-carvela-5327800109?utm_source=display&utm_medium=programmatic&utm_campaign=performance&utm_content=rtg,This wide fit edition of the Secil ankle boot is crafted from black leather with two zipper details.&nbsp;Sole height: 30mmZipper on the outer sideThis style features âAll Day Longâ technologyMaterial: LeatherStyle number: 5327800109,This wide fit edition of the Secil ankle boot is crafted from black leather with two zipper details.&nbsp;Sole height: 30mmZipper on the outer sideThis style features âAll Day Longâ technologyMaterial: LeatherStyle number: 5327800109,89.00,89.00,https://kg-static-cache.s3.amazonaws.com/catalog/product/cache/thumbnail/2000x2000/5/3/5327800109_40.jpg?v=1&width=800,Women > Shoes > Boots > Ankle-boots,WOMENS BOOTS,27/08/2026,,FALSE,5045658961902,92,IN STOCK,,"3 UK, 8 UK, 9 UK",Black,,,74,TRUE,TRUE,FALSE
Carvela,5231600979,5231600979,Carvela Women's Boots Black Synthetic Jackpot,https://www.carvela.com/women/shoes/boots/knee-boots/jackpot-knee-wide-fit-black-synthetic-carvela-5231600979?utm_source=display&utm_medium=programmatic&utm_campaign=performance&utm_content=rtg,This wide fit edition of the knee-high Jackpot boot features a sleek black upper with a simple strap around the back of the shaft. There is a gold pin stud with crystals accenting the strap.Heel height: 8cmMaterial: SyntheticStyle number: 5231600979,This wide fit edition of the knee-high Jackpot boot features a sleek black upper with a simple strap around the back of the shaft. There is a gold pin stud with crystals accenting the strap.Heel height: 8cmMaterial: SyntheticStyle number: 5231600979,129.00,129.00,https://kg-static-cache.s3.amazonaws.com/catalog/product/cache/thumbnail/2000x2000/5/2/5231600979_40.jpg?v=1&width=800,Women > Shoes > Boots > Knee-boots,WOMENS BOOTS,27/08/2026,,FALSE,5045658843512,239,IN STOCK,,"3 UK, 4 UK, 5 UK, 6 UK, 7 UK, 8 UK, 9 UK",Black,,,26,TRUE,TRUE,FALSE
Carvela,5198554609,5198554609,Carvela Women's Boots Wine Synthetic Amore,https://www.carvela.com/women/shoes/boots/knee-boots/amore-knee-wine-fabric-carvela-5198554609?utm_source=display&utm_medium=programmatic&utm_campaign=performance&utm_content=rtg,This Carvela Amore Knee high boot is crafted from a wine fabric with purple crystal embellishment. The heel is in a stiletto style. Heel height: 11cm.,This Carvela Amore Knee high boot is crafted from a wine fabric with purple crystal embellishment. The heel is in a stiletto style. Heel height: 11cm.,79.00,79.00,https://kg-static-cache.s3.amazonaws.com/catalog/product/cache/thumbnail/2000x2000/5/1/5198554609_40.jpg?v=1&width=800,Women > Shoes > Boots > Knee-boots,WOMENS BOOTS,27/08/2026,,FALSE,5045658804407,10,IN STOCK,,"3 UK, 9 UK",Red,,,91,TRUE,TRUE,FALSE
Carvela,5158205309,5158205309,Carvela Women's Boots Black Combination Patent Liberta,https://www.carvela.com/women/shoes/boots/ankle-boots/liberta-ankle-black-combination-patent-carvela-5158205309?utm_source=display&utm_medium=programmatic&utm_campaign=performance&utm_content=rtg,This Liberta Ankle is a patent leather alternative boot with an elasticated ankle. There is a block heel which is accented with a gold tone panel. There is also an Icon C stud at the back of the ankle.Heel height: 5.5cmMaterial: PatentStyle number: 5158205309,This Liberta Ankle is a patent leather alternative boot with an elasticated ankle. There is a block heel which is accented with a gold tone panel. There is also an Icon C stud at the back of the ankle.Heel height: 5.5cmMaterial: PatentStyle number: 5158205309,119.00,119.00,https://kg-static-cache.s3.amazonaws.com/catalog/product/cache/thumbnail/2000x2000/5/1/5158205309_40.jpg?v=1&width=800,Women > Shoes > Boots > Ankle-boots,WOMENS BOOTS,27/08/2026,,FALSE,5045658782897,229,IN STOCK,,"3 UK, 4 UK, 5 UK, 6 UK, 7 UK, 8 UK, 9 UK",Black Combination,,,29,TRUE,TRUE,FALSE
