prclient,prid,pridfiltered,prname,prurl,prshortdescription,prdescription,prdisplayprice,prprice,primageurl,prcategory,prsubcategory,prcreatedon,pralternativeurl,prbestseller,prsku,pravailablequantity,pravailability,prquantitysold,prsize,prcolor,prcountry,prfromprice,prposition,isactive,isdefault
Hawes & Curtis,5063755018435,5063755018435,Hawes & Curtis Chocolate Brown Derby Lace Up Shoe,http://www.hawesandcurtis.co.uk/chocolate-brown-derby-lace-up-shoe-oepca298-c30?utm_source=display&utm_medium=programmatic&utm_campaign=performance&utm_content=rtg,"Timeless and refined, these men’s brown derby shoes are crafted from smooth Spanish polido calf leather for a polished, premium finish. The open-lace design ensures a comfortable, roomier fit while maintaining a classic, elegant silhouette. Perfectly suited to both formal occasions and smart-casual looks, they offer enduring style with effortless wearability.• Leather Upper • Leather Lining• Leather Sole• Leather Sole with Rubber insert Made in Portugal","Timeless and refined, these men’s brown derby shoes are crafted from smooth Spanish polido calf leather for a polished, premium finish. The open-lace design ensures a comfortable, roomier fit while maintaining a classic, elegant silhouette. Perfectly suited to both formal occasions and smart-casual looks, they offer enduring style with effortless wearability.• Leather Upper • Leather Lining• Leather Sole• Leather Sole with Rubber insert Made in Portugal",119.00 GBP,119.00 GBP,https://handcmediastorage.blob.core.windows.net/productimages/OE/OEPCA298-C30-209386-1400px-1820px.jpg,Clothing & Accessories > Shoes,Gifts>Shoes & Accessories,,https://handcmediastorage.blob.core.windows.net/productimages/OE/OEPCA298-C30-209391-1400px-1820px.jpg,FALSE,OEPCA298-C30,6,IN STOCK,,,Brown,,169.00 GBP,52,TRUE,TRUE
Hawes & Curtis,5063755022555,5063755022555,Hawes & Curtis Grey Knitted 1913 Gloves,http://www.hawesandcurtis.co.uk/grey-knitted-1913-gloves-mgpgj605-f01?utm_source=display&utm_medium=programmatic&utm_campaign=performance&utm_content=rtg,"Essential luxury meets everyday functionality in these knitted gloves, expertly crafted from 100% Mongolian cashmere. Made using ecologically sourced yarn, they provide supreme softness, warmth, and a light-weight feel. Coordinate with matching scarves and beanies to master cold-weather refinement with sustainable style.• 100% Mongolian Cashmere","Essential luxury meets everyday functionality in these knitted gloves, expertly crafted from 100% Mongolian cashmere. Made using ecologically sourced yarn, they provide supreme softness, warmth, and a light-weight feel. Coordinate with matching scarves and beanies to master cold-weather refinement with sustainable style.• 100% Mongolian Cashmere",25.00 GBP,25.00 GBP,https://handcmediastorage.blob.core.windows.net/productimages/MG/MGPGJ605-F01-208304-1400px-1820px.jpg,Clothing & Accessories > Clothing Accessories > Gloves & Mittens,Gloves>Men's Accessories >Shoes & Accessories,,https://handcmediastorage.blob.core.windows.net/productimages/MG/MGPGJ605-F01-210450-1400px-1820px.jpg,FALSE,MGPGJ605-F01,28,IN STOCK,,,Grey,,49.00 GBP,14,TRUE,TRUE
Hawes & Curtis,5063755167775,5063755167775,Hawes & Curtis Burgundy Spotted Pocket Square,http://www.hawesandcurtis.co.uk/burgundy-spotted-pocket-square-hadmk321-l68?utm_source=display&utm_medium=programmatic&utm_campaign=performance&utm_content=rtg,"Designed for understated refinement, this burgundy silk pocket square features a classic spot pattern and a white reverse for versatile styling. Crafted from smooth, lustrous silk, it brings subtle contrast and quiet elegance to formal ensembles. Perfect for formal occasions, evening events, and polished daytime tailoring.• 100% silk • 28 X 28cm","Designed for understated refinement, this burgundy silk pocket square features a classic spot pattern and a white reverse for versatile styling. Crafted from smooth, lustrous silk, it brings subtle contrast and quiet elegance to formal ensembles. Perfect for formal occasions, evening events, and polished daytime tailoring.• 100% silk • 28 X 28cm",19.00 GBP,19.00 GBP,https://handcmediastorage.blob.core.windows.net/productimages/HA/HADMK321-L68-211811-1400px-1820px.jpg,Clothing & Accessories > Clothing Accessories > Pocket Squares,Handkerchiefs>Men's Accessories >Shoes & Accessori,,https://handcmediastorage.blob.core.windows.net/productimages/HA/HADMK321-L68-211810-1400px-1820px.jpg,FALSE,HADMK321-L68,57,IN STOCK,,,Burgundy,,29.00 GBP,6,TRUE,TRUE
Hawes & Curtis,5063755210617,5063755210617,Hawes & Curtis Taupe Driving Shoe,http://www.hawesandcurtis.co.uk/taupe-driving-shoe-oepak334-c50?utm_source=display&utm_medium=programmatic&utm_campaign=performance&utm_content=rtg,"Cut from richly textured taupe Italian suede, this driving shoe brings a softer, more tactile take on a timeless silhouette. The classic moccasin-style stitching and flexible rubber sole keep it light on the foot, while the suede upper lends a laid-back sophistication that pairs effortlessly with smart chinos or weekend linen. • Suede Upper • Leather Lining • Rubber Sole   Made in Portugal Size Note: For the best fit, we recommend sizing up if you fall between sizes, as is typical with slip-on styles.","Cut from richly textured taupe Italian suede, this driving shoe brings a softer, more tactile take on a timeless silhouette. The classic moccasin-style stitching and flexible rubber sole keep it light on the foot, while the suede upper lends a laid-back sophistication that pairs effortlessly with smart chinos or weekend linen. • Suede Upper • Leather Lining • Rubber Sole   Made in Portugal Size Note: For the best fit, we recommend sizing up if you fall between sizes, as is typical with slip-on styles.",99.00 GBP,99.00 GBP,https://handcmediastorage.blob.core.windows.net/productimages/OE/OEPAK334-C50-215941-1400px-1820px.jpg,Clothing & Accessories > Shoes,Summer Edit,,https://handcmediastorage.blob.core.windows.net/productimages/OE/OEPAK334-C50-215940-1400px-1820px.jpg,FALSE,OEPAK334-C50,7,IN STOCK,,,Taupe,,139.00 GBP,44,TRUE,TRUE
Hawes & Curtis,5063056813579,5063056813579,Hawes & Curtis Tan Double Monk Strap Shoe,http://www.hawesandcurtis.co.uk/tan-double-monk-strap-shoe-oepca009-z03?utm_source=display&utm_medium=programmatic&utm_campaign=performance&utm_content=rtg,"Upgrade your style with these monk strap shoes, crafted from premium Polido calf leather for a sleek look. The double buckle closure adds a modern edge, while the tan colour pairs easily with both formal and smart-casual outfits. Featuring a soft leather lining, cushioned sole, and rubber insert on the sole for added comfort and slip resistance, these shoes offer a perfect blend of sophistication and practicality.• Leather Upper • Leather Lining • Leather Sole with Rubber insert • Rubber Heel  Made in Portugal","Upgrade your style with these monk strap shoes, crafted from premium Polido calf leather for a sleek look. The double buckle closure adds a modern edge, while the tan colour pairs easily with both formal and smart-casual outfits. Featuring a soft leather lining, cushioned sole, and rubber insert on the sole for added comfort and slip resistance, these shoes offer a perfect blend of sophistication and practicality.• Leather Upper • Leather Lining • Leather Sole with Rubber insert • Rubber Heel  Made in Portugal",139.00 GBP,139.00 GBP,https://handcmediastorage.blob.core.windows.net/productimages/OE/OEPCA009-Z03-200161-1400px-1820px.jpg,Clothing & Accessories > Shoes,Cheltenham>Casualwear>Menswear,,https://handcmediastorage.blob.core.windows.net/productimages/OE/OEPCA009-Z03-200160-1400px-1820px.jpg,FALSE,OEPCA009-Z03,53,IN STOCK,,,Tan,,169.00 GBP,7,TRUE,TRUE
Hawes & Curtis,5063755026003,5063755026003,Hawes & Curtis Silver Geo Textured 1913 Tie,http://www.hawesandcurtis.co.uk/silver-geo-textured-1913-tie-tiddj963-m01?utm_source=display&utm_medium=programmatic&utm_campaign=performance&utm_content=rtg,"Add modern sophistication to your look with this silver geometric textured tie, crafted in Italy from luxurious silk. The intricate pattern and refined finish bring depth and style, making it a versatile accessory for both business and formal occasions. Pair with a crisp white shirt and tailored suit for a sharp, polished appearance.  Utilising state-of-the-art techniques, Silk Pro are experts of all things fabric, be it print, jacquard or texture. Suppliers to some of the world's most prestigious brands, all of their fabrics are woven in Como, Italy, the global mecca of luxury silk production.  • 100% Silk • 9cm blade width • 150cm length • Fabric keeper loop to keep tail in place • Fully lined to maintain tie shape • Please dry clean only","Add modern sophistication to your look with this silver geometric textured tie, crafted in Italy from luxurious silk. The intricate pattern and refined finish bring depth and style, making it a versatile accessory for both business and formal occasions. Pair with a crisp white shirt and tailored suit for a sharp, polished appearance.  Utilising state-of-the-art techniques, Silk Pro are experts of all things fabric, be it print, jacquard or texture. Suppliers to some of the world's most prestigious brands, all of their fabrics are woven in Como, Italy, the global mecca of luxury silk production.  • 100% Silk • 9cm blade width • 150cm length • Fabric keeper loop to keep tail in place • Fully lined to maintain tie shape • Please dry clean only",29.00 GBP,29.00 GBP,https://handcmediastorage.blob.core.windows.net/productimages/TI/TIDDJ963-M01-205938-1400px-1820px.jpg,Clothing & Accessories > Clothing Accessories > Ties,Accessories>Shoes & Accessories,,https://handcmediastorage.blob.core.windows.net/productimages/TI/TIDDJ963-M01-205937-1400px-1820px.jpg,FALSE,TIDDJ963-M01,9,IN STOCK,,,Silver,,59.00 GBP,34,TRUE,TRUE
Hawes & Curtis,5063755026171,5063755026171,Hawes & Curtis Plum & Navy Micro Floral 1913 Tie,http://www.hawesandcurtis.co.uk/plum-and-navy-micro-floral-1913-tie-tiddj967-k66?utm_source=display&utm_medium=programmatic&utm_campaign=performance&utm_content=rtg,"Bring subtle flair to your tailoring with this plum and navy micro floral silk tie, crafted in Italy. The fine floral pattern adds depth and character, while the smooth silk finish ensures a polished look. A versatile accessory, ideal for both business and formal occasions.  Utilising state-of-the-art techniques, Silk Pro are experts of all things fabric, be it print, jacquard or texture. Suppliers to some of the world's most prestigious brands, all of their fabrics are woven in Como, Italy, the global mecca of luxury silk production.  • 100% Silk • 9cm blade width • 150cm length • Fabric keeper loop to keep tail in place • Full, light lining to maintain tie shape • Please dry clean only","Bring subtle flair to your tailoring with this plum and navy micro floral silk tie, crafted in Italy. The fine floral pattern adds depth and character, while the smooth silk finish ensures a polished look. A versatile accessory, ideal for both business and formal occasions.  Utilising state-of-the-art techniques, Silk Pro are experts of all things fabric, be it print, jacquard or texture. Suppliers to some of the world's most prestigious brands, all of their fabrics are woven in Como, Italy, the global mecca of luxury silk production.  • 100% Silk • 9cm blade width • 150cm length • Fabric keeper loop to keep tail in place • Full, light lining to maintain tie shape • Please dry clean only",19.00 GBP,19.00 GBP,https://handcmediastorage.blob.core.windows.net/productimages/TI/TIDDJ967-K66-206185-1400px-1820px.jpg,Clothing & Accessories > Clothing Accessories > Ties,The Richmond Enclosure>Promotions,,https://handcmediastorage.blob.core.windows.net/productimages/TI/TIDDJ967-K66-206184-1400px-1820px.jpg,FALSE,TIDDJ967-K66,6,IN STOCK,,,Plum/Navy,,49.00 GBP,53,TRUE,TRUE
Hawes & Curtis,5063755026331,5063755026331,Hawes & Curtis Ivory Medallion 1913 Tie,http://www.hawesandcurtis.co.uk/ivory-medallion-1913-tie-tidrj976-h70?utm_source=display&utm_medium=programmatic&utm_campaign=performance&utm_content=rtg,"Made in Italy from luxurious silk, this ivory tie features an modern medallion print, adding a touch of refined sophistication to any ensemble. The subtle pattern and lustrous finish make it an ideal choice for formal occasions or elevating tailored outfits with a classic, elegant flair. Woven in Como, Italy, the global mecca of luxury silk fabrics, our 1913 ties and pocket square are then made by hand down in Naples, home to some of the world's most sophisticated tailoring. • 100% Silk • 9cm blade width • 150cm length • Fabric keeper loop to keep tail in place • Fully lined to maintain tie shape • Please dry clean only","Made in Italy from luxurious silk, this ivory tie features an modern medallion print, adding a touch of refined sophistication to any ensemble. The subtle pattern and lustrous finish make it an ideal choice for formal occasions or elevating tailored outfits with a classic, elegant flair. Woven in Como, Italy, the global mecca of luxury silk fabrics, our 1913 ties and pocket square are then made by hand down in Naples, home to some of the world's most sophisticated tailoring. • 100% Silk • 9cm blade width • 150cm length • Fabric keeper loop to keep tail in place • Fully lined to maintain tie shape • Please dry clean only",19.00 GBP,19.00 GBP,https://handcmediastorage.blob.core.windows.net/productimages/TI/TIDRJ976-H70-209863-1400px-1820px.jpg,Clothing & Accessories > Clothing Accessories > Ties,Accessories>Shoes & Accessories,,https://handcmediastorage.blob.core.windows.net/productimages/TI/TIDRJ976-H70-209864-1400px-1820px.jpg,FALSE,TIDRJ976-H70,7,IN STOCK,,,Ivory,,49.00 GBP,45,TRUE,TRUE
Hawes & Curtis,5063755026348,5063755026348,Hawes & Curtis Champagne Medallion 1913 Tie,http://www.hawesandcurtis.co.uk/champagne-medallion-1913-tie-tidrj977-h31?utm_source=display&utm_medium=programmatic&utm_campaign=performance&utm_content=rtg,"Crafted in Italy from luxurious silk, this champagne tie features an abstract medallion print for a subtle touch of pattern. The soft sheen add depth and elegance, making it a versatile accessory for formal occasions or to elevate tailored outfits with contemporary refinement. Woven in Como, Italy, the global mecca of luxury silk fabrics, our 1913 ties and pocket square are then made by hand down in Naples, home to some of the world's most sophisticated tailoring. • 100% Silk • 9cm blade width • 150cm length • Fabric keeper loop to keep tail in place • Fully lined to maintain tie shape • Please dry clean only","Crafted in Italy from luxurious silk, this champagne tie features an abstract medallion print for a subtle touch of pattern. The soft sheen add depth and elegance, making it a versatile accessory for formal occasions or to elevate tailored outfits with contemporary refinement. Woven in Como, Italy, the global mecca of luxury silk fabrics, our 1913 ties and pocket square are then made by hand down in Naples, home to some of the world's most sophisticated tailoring. • 100% Silk • 9cm blade width • 150cm length • Fabric keeper loop to keep tail in place • Fully lined to maintain tie shape • Please dry clean only",19.00 GBP,19.00 GBP,https://handcmediastorage.blob.core.windows.net/productimages/TI/TIDRJ977-H31-209866-1400px-1820px.jpg,Clothing & Accessories > Clothing Accessories > Ties,Ties>Men's Accessories >Shoes & Accessories,,https://handcmediastorage.blob.core.windows.net/productimages/TI/TIDRJ977-H31-209868-1400px-1820px.jpg,FALSE,TIDRJ977-H31,9,IN STOCK,,,Champagne,,49.00 GBP,35,TRUE,TRUE
Hawes & Curtis,5063056766783,5063056766783,Hawes & Curtis Plain Silver Repp Tie,http://www.hawesandcurtis.co.uk/silver-plain-repp-tie-100percent-silk-tipma861-m01?utm_source=display&utm_medium=programmatic&utm_campaign=performance&utm_content=rtg,"Elevate your style with our plain silver tie, crafted in a repp weave for a diagonal ribbed texture with a refined yet durable finish. Made from premium silk, it offers a sophisticated matte sheen and a structured feel that holds its shape beautifully. With its classic design, this tie seamlessly blends tradition with modern sophistication. • 100% Silk • 8cm blade width • 150cm length • Fabric keeper loop to keep tail in place • Fully lined to maintain tie shape   Please dry clean only","Elevate your style with our plain silver tie, crafted in a repp weave for a diagonal ribbed texture with a refined yet durable finish. Made from premium silk, it offers a sophisticated matte sheen and a structured feel that holds its shape beautifully. With its classic design, this tie seamlessly blends tradition with modern sophistication. • 100% Silk • 8cm blade width • 150cm length • Fabric keeper loop to keep tail in place • Fully lined to maintain tie shape   Please dry clean only",19.00 GBP,19.00 GBP,https://handcmediastorage.blob.core.windows.net/productimages/TI/TIPMA861-M01-207409-1400px-1820px.jpg,Clothing & Accessories > Clothing Accessories > Ties,Gifts>Shoes & Accessories,,https://handcmediastorage.blob.core.windows.net/productimages/TI/TIPMA861-M01-207411-1400px-1820px.jpg,FALSE,TIPMA861-M01,33,IN STOCK,,,Silver,,39.00 GBP,11,TRUE,TRUE
Hawes & Curtis,5059090004974,5059090004974,Hawes & Curtis Light Pink Jacquard Paisley Silk Bow Tie - Ready Tied,http://www.hawesandcurtis.co.uk/mens-light-pink-paisley-ready-tied-bow-tie-100percent-silk-btdsa201-j30?utm_source=display&utm_medium=programmatic&utm_campaign=performance&utm_content=rtg,"Elevating the ordinary bow tie, this light pink jacquard paisley design is a unique adornment. The 2"" bow is made from 100% silk for a naturally luxurious appearance. Easy to style and exuding a timeless aesthetic, it is ready tied for your ease. The adjustable ladder band is made to fit a neck approximately 14"" - 20"". We pride ourselves on offering the finest silk bow ties for your special occasions.• 100% silk • Ready-tied • Adjustable ladder band  Please dry clean only.","Elevating the ordinary bow tie, this light pink jacquard paisley design is a unique adornment. The 2"" bow is made from 100% silk for a naturally luxurious appearance. Easy to style and exuding a timeless aesthetic, it is ready tied for your ease. The adjustable ladder band is made to fit a neck approximately 14"" - 20"". We pride ourselves on offering the finest silk bow ties for your special occasions.• 100% silk • Ready-tied • Adjustable ladder band  Please dry clean only.",5.00 GBP,5.00 GBP,https://handcmediastorage.blob.core.windows.net/productimages/BT/BTDSA201-J30-207596-1400px-1820px.jpg,Clothing & Accessories > Clothing Accessories > Ties,Accessories>Shoes & Accessories,,https://handcmediastorage.blob.core.windows.net/productimages/BT/BTDSA201-J30-207595-1400px-1820px.jpg,FALSE,BTDSA201-J30,22,IN STOCK,,,Light Pink,,35.00 GBP,17,TRUE,TRUE
Hawes & Curtis,5063755185441,5063755185441,Hawes & Curtis Navy Square Medallion 1913 Tie,http://www.hawesandcurtis.co.uk/navy-square-medallion-1913-tie-tiddk308-g01?utm_source=display&utm_medium=programmatic&utm_campaign=performance&utm_content=rtg,"Make a subtle statement with this navy tie, crafted in Italy from pure silk. The intricate geometric pattern adds texture and intrigue, while the deep navy hue keeps it effortlessly versatile. Sharp enough for the boardroom, refined enough for evening events; this tie turns classic dressing into modern craftsmanship.  Woven in Como, Italy, the global mecca of luxury silk fabrics, our 1913 ties and pocket squares are then made by hand down in Naples, home to some of the world's most sophisticated tailoring. • 100% Silk • 9cm blade width • 150cm length • Fabric keeper loop to keep tail in place • Fully lined to maintain tie shape • Please dry clean only","Make a subtle statement with this navy tie, crafted in Italy from pure silk. The intricate geometric pattern adds texture and intrigue, while the deep navy hue keeps it effortlessly versatile. Sharp enough for the boardroom, refined enough for evening events; this tie turns classic dressing into modern craftsmanship.  Woven in Como, Italy, the global mecca of luxury silk fabrics, our 1913 ties and pocket squares are then made by hand down in Naples, home to some of the world's most sophisticated tailoring. • 100% Silk • 9cm blade width • 150cm length • Fabric keeper loop to keep tail in place • Fully lined to maintain tie shape • Please dry clean only",29.00 GBP,29.00 GBP,https://handcmediastorage.blob.core.windows.net/productimages/TI/TIDDK308-G01-213317-1400px-1820px.jpg,Clothing & Accessories > Clothing Accessories > Ties,Ties>Men's Accessories >Shoes & Accessories,,https://handcmediastorage.blob.core.windows.net/productimages/TI/TIDDK308-G01-213316-1400px-1820px.jpg,FALSE,TIDDK308-G01,9,IN STOCK,,,Navy,,59.00 GBP,36,TRUE,TRUE
Hawes & Curtis,5063755185458,5063755185458,Hawes & Curtis Navy Round Medallion 1913 Tie,http://www.hawesandcurtis.co.uk/navy-round-medallion-1913-tie-tiddk309-g01?utm_source=display&utm_medium=programmatic&utm_campaign=performance&utm_content=rtg,"Step beyond standard dressing with this navy round medallion tie. Crafted in Italy from luxurious silk, the subtle circular pattern introduces texture and personality, while the rich navy tone ensures a polished, versatile finish. Sophistication that feels intentional, not forced.  Woven in Como, Italy, the global mecca of luxury silk fabrics, our 1913 ties and pocket squares are then made by hand down in Naples, home to some of the world's most sophisticated tailoring. • 100% Silk • 9cm blade width • 150cm length • Fabric keeper loop to keep tail in place • Fully lined to maintain tie shape • Please dry clean only","Step beyond standard dressing with this navy round medallion tie. Crafted in Italy from luxurious silk, the subtle circular pattern introduces texture and personality, while the rich navy tone ensures a polished, versatile finish. Sophistication that feels intentional, not forced.  Woven in Como, Italy, the global mecca of luxury silk fabrics, our 1913 ties and pocket squares are then made by hand down in Naples, home to some of the world's most sophisticated tailoring. • 100% Silk • 9cm blade width • 150cm length • Fabric keeper loop to keep tail in place • Fully lined to maintain tie shape • Please dry clean only",29.00 GBP,29.00 GBP,https://handcmediastorage.blob.core.windows.net/productimages/TI/TIDDK309-G01-213320-1400px-1820px.jpg,Clothing & Accessories > Clothing Accessories > Ties,Ties>Men's Accessories >Shoes & Accessories,,https://handcmediastorage.blob.core.windows.net/productimages/TI/TIDDK309-G01-213319-1400px-1820px.jpg,FALSE,TIDDK309-G01,8,IN STOCK,,,Navy,,59.00 GBP,40,TRUE,TRUE
Hawes & Curtis,5063755185434,5063755185434,Hawes & Curtis Navy Medallion 1913 Tie,http://www.hawesandcurtis.co.uk/navy-medallion-1913-tie-tiddk307-g01?utm_source=display&utm_medium=programmatic&utm_campaign=performance&utm_content=rtg,"Introduce understated refinement to your wardrobe with this tie, expertly crafted in Italy from pure silk. The intricate medallion pattern adds depth and character, while the smooth silk finish delivers a clean, polished look. Effortlessly versatile, it’s the perfect finishing touch for both business and formal occasions.  Woven in Como, Italy, the global mecca of luxury silk fabrics, our 1913 ties and pocket squares are then made by hand down in Naples, home to some of the world's most sophisticated tailoring. • 100% Silk • 9cm blade width • 150cm length • Fabric keeper loop to keep tail in place • Fully lined to maintain tie shape • Please dry clean only","Introduce understated refinement to your wardrobe with this tie, expertly crafted in Italy from pure silk. The intricate medallion pattern adds depth and character, while the smooth silk finish delivers a clean, polished look. Effortlessly versatile, it’s the perfect finishing touch for both business and formal occasions.  Woven in Como, Italy, the global mecca of luxury silk fabrics, our 1913 ties and pocket squares are then made by hand down in Naples, home to some of the world's most sophisticated tailoring. • 100% Silk • 9cm blade width • 150cm length • Fabric keeper loop to keep tail in place • Fully lined to maintain tie shape • Please dry clean only",29.00 GBP,29.00 GBP,https://handcmediastorage.blob.core.windows.net/productimages/TI/TIDDK307-G01-213313-1400px-1820px.jpg,Clothing & Accessories > Clothing Accessories > Ties,Fathers Day>Promotions,,https://handcmediastorage.blob.core.windows.net/productimages/TI/TIDDK307-G01-213314-1400px-1820px.jpg,FALSE,TIDDK307-G01,18,IN STOCK,,,Navy,,59.00 GBP,22,TRUE,TRUE
Hawes & Curtis,5063755185540,5063755185540,Hawes & Curtis Chocolate Brown Floral 1913 Tie,http://www.hawesandcurtis.co.uk/chocolate-brown-floral-1913-tie-tiddk314-c30?utm_source=display&utm_medium=programmatic&utm_campaign=performance&utm_content=rtg,"Add texture and sophistication with this chocolate brown floral tie. Crafted in Italy from pure silk, the subtle floral pattern adds dimension, while the rich brown shade keeps your look polished and ready for both professional and formal settings.  True masters of the jacquard, Barca is a century-old mill born and based in the foothills of the Italian Alps, a region distinguished by its luxury fabric production.  • 100% Silk • 9cm blade width • 150cm length • Fabric keeper loop to keep tail in place • Fully lined to maintain tie shape • Please dry clean only","Add texture and sophistication with this chocolate brown floral tie. Crafted in Italy from pure silk, the subtle floral pattern adds dimension, while the rich brown shade keeps your look polished and ready for both professional and formal settings.  True masters of the jacquard, Barca is a century-old mill born and based in the foothills of the Italian Alps, a region distinguished by its luxury fabric production.  • 100% Silk • 9cm blade width • 150cm length • Fabric keeper loop to keep tail in place • Fully lined to maintain tie shape • Please dry clean only",29.00 GBP,29.00 GBP,https://handcmediastorage.blob.core.windows.net/productimages/TI/TIDDK314-C30-213343-1400px-1820px.jpg,Clothing & Accessories > Clothing Accessories > Ties,All>1913 Collection>Special Edition>Menswear,,https://handcmediastorage.blob.core.windows.net/productimages/TI/TIDDK314-C30-213342-1400px-1820px.jpg,FALSE,TIDDK314-C30,8,IN STOCK,,,Chocolate,,49.00 GBP,41,TRUE,TRUE
Hawes & Curtis,5063755210860,5063755210860,Hawes & Curtis Black Casual Loafer,http://www.hawesandcurtis.co.uk/black-casual-loafer1-oepca338-a01?utm_source=display&utm_medium=programmatic&utm_campaign=performance&utm_content=rtg,"Meet the loafers you’ll reach for every day. Made from supple Italian nappa leather, they slip on effortlessly and cradle your feet with a cushioned sock for all-day comfort. A refined rubber sole ensures a confident step, while the minimalist silhouette elevates everything from smart tailoring to weekend essentials with understated elegance.• Leather Upper • Leather Lining • Rubber Sole Made in Portugal","Meet the loafers you’ll reach for every day. Made from supple Italian nappa leather, they slip on effortlessly and cradle your feet with a cushioned sock for all-day comfort. A refined rubber sole ensures a confident step, while the minimalist silhouette elevates everything from smart tailoring to weekend essentials with understated elegance.• Leather Upper • Leather Lining • Rubber Sole Made in Portugal",99.00 GBP,99.00 GBP,https://handcmediastorage.blob.core.windows.net/productimages/OE/OEPCA338-A01-214415-1400px-1820px.jpg,Clothing & Accessories > Shoes,Cheltenham>Casualwear>Menswear,,https://handcmediastorage.blob.core.windows.net/productimages/OE/OEPCA338-A01-214419-1400px-1820px.jpg,FALSE,OEPCA338-A01,10,IN STOCK,,,Black,,139.00 GBP,33,TRUE,TRUE
Hawes & Curtis,5063755167539,5063755167539,Hawes & Curtis Orange Regatta Stripe Tie,http://www.hawesandcurtis.co.uk/orange-regatta-stripe-tie-tidmk304-i01?utm_source=display&utm_medium=programmatic&utm_campaign=performance&utm_content=rtg,"Smooth silk meets iconic stripes in this fresh orange and white regatta tie. Heritage-inspired but unapologetically modern, it adds personality and crisp colour to tailored outfits, perfect for those who value effortless style. • 100% Silk • 8cm blade width • 150cm length • Fabric keeper loop to keep tail in place • Fully lined to maintain tie shape   Please dry clean only","Smooth silk meets iconic stripes in this fresh orange and white regatta tie. Heritage-inspired but unapologetically modern, it adds personality and crisp colour to tailored outfits, perfect for those who value effortless style. • 100% Silk • 8cm blade width • 150cm length • Fabric keeper loop to keep tail in place • Fully lined to maintain tie shape   Please dry clean only",19.00 GBP,19.00 GBP,https://handcmediastorage.blob.core.windows.net/productimages/TI/TIDMK304-I01-211756-1400px-1820px.jpg,Clothing & Accessories > Clothing Accessories > Ties,Ties>Men's Accessories >Shoes & Accessories,,https://handcmediastorage.blob.core.windows.net/productimages/TI/TIDMK304-I01-211757-1400px-1820px.jpg,FALSE,TIDMK304-I01,16,IN STOCK,,,Orange,,39.00 GBP,27,TRUE,TRUE
Hawes & Curtis,5063056969191,5063056969191,Hawes & Curtis Caramel Brown Belt,http://www.hawesandcurtis.co.uk/formal-caramel-brown-suede-belt-bepii009-c72?utm_source=display&utm_medium=programmatic&utm_campaign=performance&utm_content=rtg,"A refined staple for smart dressing, this caramel brown suede belt adds sophistication to tailored looks. Expertly crafted from supple, cow suede, it offers both comfort and subtle texture. Finished with a polished silver-tone buckle and minimalist silhouette, it pairs effortlessly with navy or beige tailoring, suit trousers, or dress chinos.  • 30mm width • Italian cow suede upper• Natural Italian nubuck reverse• Italian zamak metal buckle• Hand-stitched keeper loop• Made in Italy in a small, family-run atelier","A refined staple for smart dressing, this caramel brown suede belt adds sophistication to tailored looks. Expertly crafted from supple, cow suede, it offers both comfort and subtle texture. Finished with a polished silver-tone buckle and minimalist silhouette, it pairs effortlessly with navy or beige tailoring, suit trousers, or dress chinos.  • 30mm width • Italian cow suede upper• Natural Italian nubuck reverse• Italian zamak metal buckle• Hand-stitched keeper loop• Made in Italy in a small, family-run atelier",29.00 GBP,29.00 GBP,https://handcmediastorage.blob.core.windows.net/productimages/BE/BEPII009-C72-200575-1400px-1820px.jpg,Clothing & Accessories > Clothing Accessories > Belts,Belts>Men's Accessories >Shoes & Accessories,,https://handcmediastorage.blob.core.windows.net/productimages/BE/BEPII009-C72-200574-1400px-1820px.jpg,FALSE,BEPII009-C72,48,IN STOCK,,,Caramel,,59.00 GBP,8,TRUE,TRUE
Hawes & Curtis,5063755015984,5063755015984,Hawes & Curtis Caramel Chukka Boots,http://www.hawesandcurtis.co.uk/caramel-chukka-boots-oepcj303-c72?utm_source=display&utm_medium=programmatic&utm_campaign=performance&utm_content=rtg,"A modern take on a classic Chukka, these caramel boots are crafted from soft Italian suede for a refined yet relaxed finish. The ankle-high silhouette, clean open-lace design, and lightweight crepe sole combine effortless comfort with subtle grip and resilience. Versatile and stylish, they pair seamlessly with jeans, chinos, or tailored trousers, moving effortlessly from smart-casual days to weekend outings with understated sophistication.• Suede Upper • Leather Lining • Leather Sole with Rubber insert • Rubber Heel  Made in Portugal","A modern take on a classic Chukka, these caramel boots are crafted from soft Italian suede for a refined yet relaxed finish. The ankle-high silhouette, clean open-lace design, and lightweight crepe sole combine effortless comfort with subtle grip and resilience. Versatile and stylish, they pair seamlessly with jeans, chinos, or tailored trousers, moving effortlessly from smart-casual days to weekend outings with understated sophistication.• Suede Upper • Leather Lining • Leather Sole with Rubber insert • Rubber Heel  Made in Portugal",139.00 GBP,139.00 GBP,https://handcmediastorage.blob.core.windows.net/productimages/OE/OEPCJ303-C72-209345-1400px-1820px.jpg,Clothing & Accessories > Shoes,January Edit,,https://handcmediastorage.blob.core.windows.net/productimages/OE/OEPCJ303-C72-209344-1400px-1820px.jpg,FALSE,OEPCJ303-C72,22,IN STOCK,,,Caramel,,169.00 GBP,18,TRUE,TRUE
Hawes & Curtis,5063755185403,5063755185403,Hawes & Curtis Charcoal Irregular Rectangle 1913 Tie,http://www.hawesandcurtis.co.uk/charcoal-irregular-rectangle-1913-tie-tiddk306-f30?utm_source=display&utm_medium=programmatic&utm_campaign=performance&utm_content=rtg,"Bring a sharper edge to classic tailoring with this patterned tie, crafted in Italy from luxurious silk. The textured weave adds subtle depth and character, while the deep charcoal tone keeps the look sleek and versatile. Designed to move effortlessly from boardroom to evening, it pairs seamlessly with a crisp shirt and a well-cut suit for a confident finish.  Utilising state-of-the-art techniques. Silk Pro are experts of all things fabrics, be it print, jacquard or texture. Suppliers to some of the world's most prestigious brands, all of their fabrics are woven in Como, Italy, the global mecca of luxury silk production. • 100% Silk • 9cm blade width • 150cm length • Fabric keeper loop to keep tail in place • Fully lined to maintain tie shape • Please dry clean only","Bring a sharper edge to classic tailoring with this patterned tie, crafted in Italy from luxurious silk. The textured weave adds subtle depth and character, while the deep charcoal tone keeps the look sleek and versatile. Designed to move effortlessly from boardroom to evening, it pairs seamlessly with a crisp shirt and a well-cut suit for a confident finish.  Utilising state-of-the-art techniques. Silk Pro are experts of all things fabrics, be it print, jacquard or texture. Suppliers to some of the world's most prestigious brands, all of their fabrics are woven in Como, Italy, the global mecca of luxury silk production. • 100% Silk • 9cm blade width • 150cm length • Fabric keeper loop to keep tail in place • Fully lined to maintain tie shape • Please dry clean only",29.00 GBP,29.00 GBP,https://handcmediastorage.blob.core.windows.net/productimages/TI/TIDDK306-F30-213311-1400px-1820px.jpg,Clothing & Accessories > Clothing Accessories > Ties,Cheltenham>Casualwear>Menswear,,https://handcmediastorage.blob.core.windows.net/productimages/TI/TIDDK306-F30-213310-1400px-1820px.jpg,FALSE,TIDDK306-F30,18,IN STOCK,,,Charcoal,,59.00 GBP,23,TRUE,TRUE
Hawes & Curtis,5063755019715,5063755019715,Hawes & Curtis Black Belgian Loafer,http://www.hawesandcurtis.co.uk/black-belgian-loafer2-oepsa322-a01?utm_source=display&utm_medium=programmatic&utm_campaign=performance&utm_content=rtg,"An enduring symbol of style, these loafers are crafted from soft black Italian suede in the iconic Belgian silhouette. With clean lines and a streamlined profile, the classic design ensures a sleek look, while the supple suede finish adds a modern feel. The perfect footwear for black-tie and evening occasions.• Suede Leather Upper• Leather Lining• Leather Sole • Rubber Heel  Made in Portugal","An enduring symbol of style, these loafers are crafted from soft black Italian suede in the iconic Belgian silhouette. With clean lines and a streamlined profile, the classic design ensures a sleek look, while the supple suede finish adds a modern feel. The perfect footwear for black-tie and evening occasions.• Suede Leather Upper• Leather Lining• Leather Sole • Rubber Heel  Made in Portugal",139.00 GBP,139.00 GBP,https://handcmediastorage.blob.core.windows.net/productimages/OE/OEPSA322-A01-209026-1400px-1820px.jpg,Clothing & Accessories > Shoes,Fathers Day>Promotions,,https://handcmediastorage.blob.core.windows.net/productimages/OE/OEPSA322-A01-209027-1400px-1820px.jpg,FALSE,OEPSA322-A01,9,IN STOCK,,,Black,,169.00 GBP,37,TRUE,TRUE
Hawes & Curtis,5063755185472,5063755185472,Hawes & Curtis Blue Jacquard Floral 1913 Tie,http://www.hawesandcurtis.co.uk/blue-jacquard-floral-1913-tie-tiddk311-b01?utm_source=display&utm_medium=programmatic&utm_campaign=performance&utm_content=rtg,"Italian silk meets intricate craftsmanship in this floral jacquard tie. The detailed woven pattern adds texture and character, while the sophisticated colour palette keeps it versatile. Perfect for modern professionals seeking a touch of personality in their formal wear.  Woven in Como, Italy, the global mecca of luxury silk fabrics, our 1913 ties and pocket squares are then made by hand down in Naples, home to some of the world's most sophisticated tailoring. • 100% Silk • 9cm blade width • 150cm length • Fabric keeper loop to keep tail in place • Fully lined to maintain tie shape • Please dry clean only","Italian silk meets intricate craftsmanship in this floral jacquard tie. The detailed woven pattern adds texture and character, while the sophisticated colour palette keeps it versatile. Perfect for modern professionals seeking a touch of personality in their formal wear.  Woven in Como, Italy, the global mecca of luxury silk fabrics, our 1913 ties and pocket squares are then made by hand down in Naples, home to some of the world's most sophisticated tailoring. • 100% Silk • 9cm blade width • 150cm length • Fabric keeper loop to keep tail in place • Fully lined to maintain tie shape • Please dry clean only",29.00 GBP,29.00 GBP,https://handcmediastorage.blob.core.windows.net/productimages/TI/TIDDK311-B01-213324-1400px-1820px.jpg,Clothing & Accessories > Clothing Accessories > Ties,Ties>Men's Accessories >Shoes & Accessories,,https://handcmediastorage.blob.core.windows.net/productimages/TI/TIDDK311-B01-213326-1400px-1820px.jpg,FALSE,TIDDK311-B01,25,IN STOCK,,,Blue,,59.00 GBP,16,TRUE,TRUE
Hawes & Curtis,5063056302998,5063056302998,Hawes & Curtis Sage Green Paisley Pocket Square - 100% Silk,http://www.hawesandcurtis.co.uk/sage-green-paisley-pocket-square-100percent-silk-hadsa101-e81?utm_source=display&utm_medium=programmatic&utm_campaign=performance&utm_content=rtg,"An exquisite sage green pocket square crafted from 100% silk, featuring a woven paisley design. It is the perfect accompaniment to your wedding attire and co-ordinating ties are available to complete your look. • 100% silk • 24 X 24cm","An exquisite sage green pocket square crafted from 100% silk, featuring a woven paisley design. It is the perfect accompaniment to your wedding attire and co-ordinating ties are available to complete your look. • 100% silk • 24 X 24cm",5.00 GBP,5.00 GBP,https://handcmediastorage.blob.core.windows.net/productimages/HA/HADSA101-E81-207556-1400px-1820px.jpg,Clothing & Accessories > Clothing Accessories > Pocket Squares,Wedding>Menswear,,https://handcmediastorage.blob.core.windows.net/productimages/HA/HADSA101-E81-207555-1400px-1820px.jpg,FALSE,HADSA101-E81,178,IN STOCK,,,Sage Green,,25.00 GBP,1,TRUE,TRUE
Hawes & Curtis,5063755083563,5063755083563,Hawes & Curtis Silver Dive Watch Cufflinks,http://www.hawesandcurtis.co.uk/silver-dive-watch-round-cufflinks-mcdpj221-m01?utm_source=display&utm_medium=programmatic&utm_campaign=performance&utm_content=rtg,"Silver round cufflinks with clean, modern detailing bring subtle sophistication to any shirt or suit. A playful nod to the world of dive watches, this design brings personality and refinement, making these cufflinks a versatile accessory for both formal occasions and smart-casual settings. • Rhodium coated Brass • Swivel Fitting   Housed in a branded Hawes & Curtis presentation box.","Silver round cufflinks with clean, modern detailing bring subtle sophistication to any shirt or suit. A playful nod to the world of dive watches, this design brings personality and refinement, making these cufflinks a versatile accessory for both formal occasions and smart-casual settings. • Rhodium coated Brass • Swivel Fitting   Housed in a branded Hawes & Curtis presentation box.",19.00 GBP,19.00 GBP,https://handcmediastorage.blob.core.windows.net/productimages/MC/MCDPJ221-M01-208000-1400px-1820px.jpg,Clothing & Accessories > Clothing Accessories > Cufflinks,All Cufflinks>Shoes & Accessories,,https://handcmediastorage.blob.core.windows.net/productimages/MC/MCDPJ221-M01-207999-1400px-1820px.jpg,FALSE,MCDPJ221-M01,7,IN STOCK,,,Silver,,39.00 GBP,46,TRUE,TRUE
Hawes & Curtis,5063755025655,5063755025655,Hawes & Curtis Grey Grenadine 1913 Tie,http://www.hawesandcurtis.co.uk/grey-grenadine-1913-tie-tipda868-f01?utm_source=display&utm_medium=programmatic&utm_campaign=performance&utm_content=rtg,"Add a touch of elegance to your formal attire with this grey grenadine silk tie, expertly crafted in Italy. The textured weave and luxurious sheen make it a perfect choice for special occasions. Pair it with a crisp white shirt and tailored suit for a timeless, sophisticated look.  Woven in a centuries-old technique, our grenadine ties are the pinnacle of luxury. Their gauze-like open weave is delicate and so should be handled with care, reserved only for those most special of occasions. • 100% Silk • 9cm blade width • 150cm length • Fabric keeper loop to keep tail in place • Fully lined to maintain tie shape • Please dry clean only","Add a touch of elegance to your formal attire with this grey grenadine silk tie, expertly crafted in Italy. The textured weave and luxurious sheen make it a perfect choice for special occasions. Pair it with a crisp white shirt and tailored suit for a timeless, sophisticated look.  Woven in a centuries-old technique, our grenadine ties are the pinnacle of luxury. Their gauze-like open weave is delicate and so should be handled with care, reserved only for those most special of occasions. • 100% Silk • 9cm blade width • 150cm length • Fabric keeper loop to keep tail in place • Fully lined to maintain tie shape • Please dry clean only",19.00 GBP,19.00 GBP,https://handcmediastorage.blob.core.windows.net/productimages/TI/TIPDA868-F01-206173-1400px-1820px.jpg,Clothing & Accessories > Clothing Accessories > Ties,Cheltenham>Casualwear>Menswear,,https://handcmediastorage.blob.core.windows.net/productimages/TI/TIPDA868-F01-206172-1400px-1820px.jpg,FALSE,TIPDA868-F01,22,IN STOCK,,,Grey,,49.00 GBP,19,TRUE,TRUE
Hawes & Curtis,5063755026157,5063755026157,Hawes & Curtis Blue Jacquard Geo 1913 Tie,http://www.hawesandcurtis.co.uk/blue-jacquard-geo-1913-tie-tiddj965-b01?utm_source=display&utm_medium=programmatic&utm_campaign=performance&utm_content=rtg,"Add a refined edge to your tailoring with this blue jacquard geometric tie, crafted in Italy from luxurious silk. The intricate jacquard weave creates subtle texture and pattern, while the rich blue tone offers timeless versatility. Perfect for both business and formal occasions, it pairs effortlessly with a crisp shirt and sharp suit.  Utilising state-of-the-art techniques, Silk Pro are experts of all things fabric, be it print, jacquard or texture. Suppliers to some of the world's most prestigious brands, all of their fabrics are woven in Como, Italy, the global mecca of luxury silk production.  • 100% Silk • 9cm blade width • 150cm length • Fabric keeper loop to keep tail in place • Fully lined to maintain tie shape • Please dry clean only","Add a refined edge to your tailoring with this blue jacquard geometric tie, crafted in Italy from luxurious silk. The intricate jacquard weave creates subtle texture and pattern, while the rich blue tone offers timeless versatility. Perfect for both business and formal occasions, it pairs effortlessly with a crisp shirt and sharp suit.  Utilising state-of-the-art techniques, Silk Pro are experts of all things fabric, be it print, jacquard or texture. Suppliers to some of the world's most prestigious brands, all of their fabrics are woven in Como, Italy, the global mecca of luxury silk production.  • 100% Silk • 9cm blade width • 150cm length • Fabric keeper loop to keep tail in place • Fully lined to maintain tie shape • Please dry clean only",29.00 GBP,29.00 GBP,https://handcmediastorage.blob.core.windows.net/productimages/TI/TIDDJ965-B01-205935-1400px-1820px.jpg,Clothing & Accessories > Clothing Accessories > Ties,Ties>Men's Accessories >Shoes & Accessories,,https://handcmediastorage.blob.core.windows.net/productimages/TI/TIDDJ965-B01-205934-1400px-1820px.jpg,FALSE,TIDDJ965-B01,9,IN STOCK,,,Blue,,59.00 GBP,38,TRUE,TRUE
Hawes & Curtis,5059090857860,5059090857860,Hawes & Curtis  Men's Navy Jacquard Paisley Pocket Square - 100% Silk,http://www.hawesandcurtis.co.uk/mens-navy-jacquard-paisley-pocket-square-100percent-silk-hadma007-g01?utm_source=display&utm_medium=programmatic&utm_campaign=performance&utm_content=rtg,This stylish navy jacquard paisley pocket square will instantly brighten up your suit jacket. • Height 24cm x Width 24cm,This stylish navy jacquard paisley pocket square will instantly brighten up your suit jacket. • Height 24cm x Width 24cm,5.00 GBP,5.00 GBP,https://handcmediastorage.blob.core.windows.net/productimages/HA/HADMA007-G01-167155-1400px-1820px.jpg,Clothing & Accessories > Clothing Accessories > Pocket Squares,Fathers Day>Promotions,,https://handcmediastorage.blob.core.windows.net/productimages/HA/HADMA007-G01-167154-1400px-1820px.jpg,FALSE,HADMA007-G01,28,IN STOCK,,,Navy,,25.00 GBP,15,TRUE,TRUE
Hawes & Curtis,5059090790525,5059090790525,Hawes & Curtis 100% Silk Navy Plain Cummerbund,http://www.hawesandcurtis.co.uk/100percent-silk-navy-plain-cummerbund-cupma012-g01?utm_source=display&utm_medium=programmatic&utm_campaign=performance&utm_content=rtg,"This navy cummerbund is made from 100% Silk. Adjustable waistband to fit up to approximately 42"" and is the perfect accessories to finish off your outfit.","This navy cummerbund is made from 100% Silk. Adjustable waistband to fit up to approximately 42"" and is the perfect accessories to finish off your outfit.",15.00 GBP,15.00 GBP,https://handcmediastorage.blob.core.windows.net/productimages/CU/CUPMA012-G01-191479-1400px-1820px.jpg,Clothing & Accessories > Clothing Accessories,Men's Accessories>Menswear,,https://handcmediastorage.blob.core.windows.net/productimages/CU/CUPMA012-G01-191478-1400px-1820px.jpg,FALSE,CUPMA012-G01,14,IN STOCK,,,Navy,,39.00 GBP,28,TRUE,TRUE
Hawes & Curtis,5063056766929,5063056766929,Hawes & Curtis Silver Paisley Tie - 100% Silk,http://www.hawesandcurtis.co.uk/silver-paisley-tie-100percent-silk-tidma862-m01?utm_source=display&utm_medium=programmatic&utm_campaign=performance&utm_content=rtg,"Add a touch of elegance to your attire with this silk tie. Featuring a sophisticated paisley pattern and a refined texture, this tie is perfect for creating a polished and timeless look. Its soft sky blue hue complements formal outfits, making it an ideal choice for your special day or formal occasions. • 100% Silk • 8cm blade width • 150cm length • Fabric keeper loop to keep tail in place • Fully lined to maintain tie shape   Please dry clean only","Add a touch of elegance to your attire with this silk tie. Featuring a sophisticated paisley pattern and a refined texture, this tie is perfect for creating a polished and timeless look. Its soft sky blue hue complements formal outfits, making it an ideal choice for your special day or formal occasions. • 100% Silk • 8cm blade width • 150cm length • Fabric keeper loop to keep tail in place • Fully lined to maintain tie shape   Please dry clean only",19.00 GBP,19.00 GBP,https://handcmediastorage.blob.core.windows.net/productimages/TI/TIDMA862-M01-207516-1400px-1820px.jpg,Clothing & Accessories > Clothing Accessories > Ties,Fathers Day>Promotions,,https://handcmediastorage.blob.core.windows.net/productimages/TI/TIDMA862-M01-207515-1400px-1820px.jpg,FALSE,TIDMA862-M01,47,IN STOCK,,,Silver,,39.00 GBP,9,TRUE,TRUE
Hawes & Curtis,5063755024931,5063755024931,Hawes & Curtis Mint Green Paisley Handkerchief,http://www.hawesandcurtis.co.uk/mint-green-paisley-handkerchief-hadma251-z73?utm_source=display&utm_medium=programmatic&utm_campaign=performance&utm_content=rtg,"Add sophistication to your tailoring with this mint green pocket square. Crafted from premium silk, it boasts a refined sheen and a fluid drape, while the intricate paisley design lends a subtle yet distinguished flair. Pair with sharp suiting for a sleek finish.  • 100% Silk• 28 X 28cm","Add sophistication to your tailoring with this mint green pocket square. Crafted from premium silk, it boasts a refined sheen and a fluid drape, while the intricate paisley design lends a subtle yet distinguished flair. Pair with sharp suiting for a sleek finish.  • 100% Silk• 28 X 28cm",19.00 GBP,19.00 GBP,https://handcmediastorage.blob.core.windows.net/productimages/HA/HADMA251-Z73-207166-1400px-1820px.jpg,Clothing & Accessories > Clothing Accessories,Accessories>Shoes & Accessories,,https://handcmediastorage.blob.core.windows.net/productimages/HA/HADMA251-Z73-207167-1400px-1820px.jpg,FALSE,HADMA251-Z73,151,IN STOCK,,,Mint Green,,25.00 GBP,2,TRUE,TRUE
Hawes & Curtis,5063755025020,5063755025020,Hawes & Curtis Silver Ornate Medallion Geo 1913 Tie,http://www.hawesandcurtis.co.uk/silver-ornate-medallion-geo-1913-tie-tidbi902-m01?utm_source=display&utm_medium=programmatic&utm_campaign=performance&utm_content=rtg,"Distinguished by its ornate medallion geometric pattern, this silver tie showcases the finest Tessitura Attilio Bottinelli silk craftsmanship. The intricate detailing catches light with sophisticated brilliance, while the smooth finish delivers refined luxury. A striking accessory that brings elegance and presence to formal and business attire, perfect for those who value exceptional Italian artistry. Specialists in both weaving and printing since 1931, Bottinelli is a family-run mill born and based in Como, Italy, the global mecca of luxury silk fabrics. Their ties and pocket squares are then made by hand in Naples, home to some of the world's most sophisticated tailoring. • 100% Silk • 9cm blade width • 150cm length • Fabric keeper loop to keep tail in place • Fully lined to maintain tie shape • Please dry clean only","Distinguished by its ornate medallion geometric pattern, this silver tie showcases the finest Tessitura Attilio Bottinelli silk craftsmanship. The intricate detailing catches light with sophisticated brilliance, while the smooth finish delivers refined luxury. A striking accessory that brings elegance and presence to formal and business attire, perfect for those who value exceptional Italian artistry. Specialists in both weaving and printing since 1931, Bottinelli is a family-run mill born and based in Como, Italy, the global mecca of luxury silk fabrics. Their ties and pocket squares are then made by hand in Naples, home to some of the world's most sophisticated tailoring. • 100% Silk • 9cm blade width • 150cm length • Fabric keeper loop to keep tail in place • Fully lined to maintain tie shape • Please dry clean only",19.00 GBP,19.00 GBP,https://handcmediastorage.blob.core.windows.net/productimages/TI/TIDBI902-M01-207214-1400px-1820px.jpg,Clothing & Accessories > Clothing Accessories > Ties,Ties>Men's Accessories >Shoes & Accessories,,https://handcmediastorage.blob.core.windows.net/productimages/TI/TIDBI902-M01-207215-1400px-1820px.jpg,FALSE,TIDBI902-M01,7,IN STOCK,,,Silver,,49.00 GBP,47,TRUE,TRUE
Hawes & Curtis,5063755021510,5063755021510,Hawes & Curtis Chocolate Brown Tennis Trainer,http://www.hawesandcurtis.co.uk/chocolate-trainer-oepca316-c30?utm_source=display&utm_medium=programmatic&utm_campaign=performance&utm_content=rtg,"Crafted from the finest Italian nappa leather, these tennis trainers represent the perfect marriage of athletic heritage and contemporary luxury. The buttery-soft brown leather upper and classic court silhouette maintain that effortless cool factor. Boasting a clean, minimalist design these are a perfect choice with smart-casual looks or dressing down your tailored pieces for everyday wear.• Leather Upper • Leather Lining • Rubber Cup Sole • Extra Cushion Insole Made in Portugal","Crafted from the finest Italian nappa leather, these tennis trainers represent the perfect marriage of athletic heritage and contemporary luxury. The buttery-soft brown leather upper and classic court silhouette maintain that effortless cool factor. Boasting a clean, minimalist design these are a perfect choice with smart-casual looks or dressing down your tailored pieces for everyday wear.• Leather Upper • Leather Lining • Rubber Cup Sole • Extra Cushion Insole Made in Portugal",79.00 GBP,79.00 GBP,https://handcmediastorage.blob.core.windows.net/productimages/OE/OEPCA316-C30-206721-1400px-1820px.jpg,Clothing & Accessories > Shoes,Authum must haves>Promotions,,https://handcmediastorage.blob.core.windows.net/productimages/OE/OEPCA316-C30-206720-1400px-1820px.jpg,FALSE,OEPCA316-C30,21,IN STOCK,,,Chocolate,,139.00 GBP,20,TRUE,TRUE
Hawes & Curtis,5063755198915,5063755198915,Hawes & Curtis Butter Yellow Seersucker Stripe 1913 Tie,http://www.hawesandcurtis.co.uk/butter-yellow-seersucker-stripe-1913-tie-tidbk318-p93?utm_source=display&utm_medium=programmatic&utm_campaign=performance&utm_content=rtg,"A refined tie in buttery yellow seersucker stripes, offering a fresh take on classic texture and colour. Crafted from pure silk by Bottinelli, Italy, it showcases exceptional Italian craftsmanship with a subtle, lustrous finish. The soft yellow tones pair effortlessly with navy or charcoal tailoring, making it a versatile addition to a well-curated wardrobe. Specialists in both weaving and printing since 1931, Bottinelli is a family-run mill born and based in Como, Italy, the global mecca of luxury silk fabrics. Their ties and pocket squares are then made by hand in Naples, home to some of the world's most sophisticated tailoring. • 100% Silk • 9cm blade width • 150cm length • Fabric keeper loop to keep tail in place • Fully lined to maintain tie shape • Please dry clean only","A refined tie in buttery yellow seersucker stripes, offering a fresh take on classic texture and colour. Crafted from pure silk by Bottinelli, Italy, it showcases exceptional Italian craftsmanship with a subtle, lustrous finish. The soft yellow tones pair effortlessly with navy or charcoal tailoring, making it a versatile addition to a well-curated wardrobe. Specialists in both weaving and printing since 1931, Bottinelli is a family-run mill born and based in Como, Italy, the global mecca of luxury silk fabrics. Their ties and pocket squares are then made by hand in Naples, home to some of the world's most sophisticated tailoring. • 100% Silk • 9cm blade width • 150cm length • Fabric keeper loop to keep tail in place • Fully lined to maintain tie shape • Please dry clean only",29.00 GBP,29.00 GBP,https://handcmediastorage.blob.core.windows.net/productimages/TI/TIDBK318-P93-214429-1400px-1820px.jpg,Clothing & Accessories > Clothing Accessories > Ties,Summer Ball Outfits,,https://handcmediastorage.blob.core.windows.net/productimages/TI/TIDBK318-P93-214430-1400px-1820px.jpg,FALSE,TIDBK318-P93,11,IN STOCK,,,Butter Yellow,,49.00 GBP,31,TRUE,TRUE
Hawes & Curtis,5063755184482,5063755184482,Hawes & Curtis Light Grey Knit Tie,http://www.hawesandcurtis.co.uk/light-grey-knit-tie-tidmi889-f42?utm_source=display&utm_medium=programmatic&utm_campaign=performance&utm_content=rtg,"Breathe easy style into your summer wardrobe with this linen tie, where airy texture meets understated polish. Crafted from premium linen, its soft knit drapes naturally, adding dimension without fuss. A versatile accent designed to elevate both tailored and relaxed warm-weather looks.• 100% Linen• 8cm blade width • 150cm length  Please dry clean only","Breathe easy style into your summer wardrobe with this linen tie, where airy texture meets understated polish. Crafted from premium linen, its soft knit drapes naturally, adding dimension without fuss. A versatile accent designed to elevate both tailored and relaxed warm-weather looks.• 100% Linen• 8cm blade width • 150cm length  Please dry clean only",12.00 GBP,12.00 GBP,https://handcmediastorage.blob.core.windows.net/productimages/TI/TIDMI889-F42-214043-1400px-1820px.jpg,Clothing & Accessories > Clothing Accessories > Ties,Warm Weather Linen,,https://handcmediastorage.blob.core.windows.net/productimages/TI/TIDMI889-F42-214042-1400px-1820px.jpg,FALSE,TIDMI889-F42,14,IN STOCK,,,Light Grey,,39.00 GBP,29,TRUE,TRUE
Hawes & Curtis,5063056809848,5063056809848,Hawes & Curtis Beige Chunky Monk Strap Shoe,http://www.hawesandcurtis.co.uk/beige-suede-chunky-monk-strap-shoe-oepci205-h20?utm_source=display&utm_medium=programmatic&utm_campaign=performance&utm_content=rtg,"Crafted from Italian beige suede, this chunky monk strap shoe has a soft, velvety texture for luxurious appeal. Designed with a chunky silhouette, they feature a lightweight and durable XL Extralite sole for superior comfort. The bold silhouette is complemented by a sleek buckle detail, adding a refined touch to its rugged charm. Ideal for pairing with both tailored and casual looks.• Suede Upper • Leather Lining • Rubber XL Extralite Sole   Made in Portugal","Crafted from Italian beige suede, this chunky monk strap shoe has a soft, velvety texture for luxurious appeal. Designed with a chunky silhouette, they feature a lightweight and durable XL Extralite sole for superior comfort. The bold silhouette is complemented by a sleek buckle detail, adding a refined touch to its rugged charm. Ideal for pairing with both tailored and casual looks.• Suede Upper • Leather Lining • Rubber XL Extralite Sole   Made in Portugal",99.00 GBP,99.00 GBP,https://handcmediastorage.blob.core.windows.net/productimages/OE/OEPCI205-H20-200016-1400px-1820px.jpg,Clothing & Accessories > Shoes,Cheltenham>Casualwear>Menswear,,https://handcmediastorage.blob.core.windows.net/productimages/OE/OEPCI205-H20-200017-1400px-1820px.jpg,FALSE,OEPCI205-H20,12,IN STOCK,,,Beige,,169.00 GBP,30,TRUE,TRUE
Hawes & Curtis,5063056968422,5063056968422,Hawes & Curtis Olive Plaited Belt,http://www.hawesandcurtis.co.uk/olive-plaited-stretch-belt-bedra007-e50?utm_source=display&utm_medium=programmatic&utm_campaign=performance&utm_content=rtg,"Replace your plain leather belt with this olive green plaited belt, carefully crafted for a durable style. Engineered with a flexible weave using polypropylene for durability and elastodiene for a comfortable stretch. This belt is the perfect accessory to effortlessly elevate your wardrobe, adding a refined yet rustic charm to your look.• 35mm width • 100% Leather trims • 70% Polypropylene, 30% Elastodiene","Replace your plain leather belt with this olive green plaited belt, carefully crafted for a durable style. Engineered with a flexible weave using polypropylene for durability and elastodiene for a comfortable stretch. This belt is the perfect accessory to effortlessly elevate your wardrobe, adding a refined yet rustic charm to your look.• 35mm width • 100% Leather trims • 70% Polypropylene, 30% Elastodiene",19.00 GBP,19.00 GBP,https://handcmediastorage.blob.core.windows.net/productimages/BE/BEDRA007-E50-200538-1400px-1820px.jpg,Clothing & Accessories > Clothing Accessories > Belts,Gifts>Shoes & Accessories,,https://handcmediastorage.blob.core.windows.net/productimages/BE/BEDRA007-E50-200540-1400px-1820px.jpg,FALSE,BEDRA007-E50,46,IN STOCK,,,Olive,,39.00 GBP,10,TRUE,TRUE
Hawes & Curtis,5063755261404,5063755261404,Hawes & Curtis Navy Linen Baker Boy Hat,http://www.hawesandcurtis.co.uk/navy-linen-baker-boy-hat-hhpdk004-g01?utm_source=display&utm_medium=programmatic&utm_campaign=performance&utm_content=rtg,"The baker boy hat, made in pure linen. A panelled crown and structured peak give this navy linen hat a shape that's both classic and effortless to wear. A silky quilted lining ensures a clean, comfortable feel all day long. Our baker boy hats pair particularly well with one of our linen suits for a polished, head-to-toe look; whether you're dressing for a summer wedding, a garden party, or a day at the races.  • 100% Linen  Hat Sizes: Small - 55 cm Medium - 57 cm Large - 59 cm","The baker boy hat, made in pure linen. A panelled crown and structured peak give this navy linen hat a shape that's both classic and effortless to wear. A silky quilted lining ensures a clean, comfortable feel all day long. Our baker boy hats pair particularly well with one of our linen suits for a polished, head-to-toe look; whether you're dressing for a summer wedding, a garden party, or a day at the races.  • 100% Linen  Hat Sizes: Small - 55 cm Medium - 57 cm Large - 59 cm",29.00 GBP,29.00 GBP,https://handcmediastorage.blob.core.windows.net/productimages/HH/HHPDK004-G01-215930-1400px-1820px.jpg,Clothing & Accessories > Clothing Accessories > Hats,Accessories>Shoes & Accessories,,https://handcmediastorage.blob.core.windows.net/productimages/HH/HHPDK004-G01-215928-1400px-1820px.jpg,FALSE,HHPDK004-G01,11,IN STOCK,,,Navy,,49.00 GBP,32,TRUE,TRUE
Hawes & Curtis,5063755210495,5063755210495,Hawes & Curtis Black Driving Shoe,http://www.hawesandcurtis.co.uk/black-driving-shoe-oepak333-a01?utm_source=display&utm_medium=programmatic&utm_campaign=performance&utm_content=rtg,"A driving shoe rooted in Italian tradition, rendered in smooth, fine-grained leather that strikes the perfect balance between polish and ease. Classic moccasin-style stitching and a flexible rubber sole make it as comfortable as it is refined - reach for it with tailored chinos or a linen suit when the occasion calls for something considered but relaxed. • Leather Upper • Leather Lining • Rubber Sole   Made in Portugal Size Note: For the best fit, we recommend sizing up if you fall between sizes, as is typical with slip-on styles.","A driving shoe rooted in Italian tradition, rendered in smooth, fine-grained leather that strikes the perfect balance between polish and ease. Classic moccasin-style stitching and a flexible rubber sole make it as comfortable as it is refined - reach for it with tailored chinos or a linen suit when the occasion calls for something considered but relaxed. • Leather Upper • Leather Lining • Rubber Sole   Made in Portugal Size Note: For the best fit, we recommend sizing up if you fall between sizes, as is typical with slip-on styles.",99.00 GBP,99.00 GBP,https://handcmediastorage.blob.core.windows.net/productimages/OE/OEPAK333-A01-215916-1400px-1820px.jpg,Clothing & Accessories > Shoes,Summer Edit,,https://handcmediastorage.blob.core.windows.net/productimages/OE/OEPAK333-A01-215919-1400px-1820px.jpg,FALSE,OEPAK333-A01,7,IN STOCK,,,Black,,139.00 GBP,48,TRUE,TRUE
Hawes & Curtis,5063056770483,5063056770483,Hawes & Curtis Silver Plain Repp Pocket Square,http://www.hawesandcurtis.co.uk/silver-repp-pocket-square-100percent-silk-hapma250-m01?utm_source=display&utm_medium=programmatic&utm_campaign=performance&utm_content=rtg,"Elevate your style with this luxurious silver repp silk pocket square, crafted from premium silk for a rich texture and subtle sheen. Its timeless design adds sophistication to any suit or blazer, making it a versatile accessory for both formal and casual occasions. • 100% silk • 28 X 28cm","Elevate your style with this luxurious silver repp silk pocket square, crafted from premium silk for a rich texture and subtle sheen. Its timeless design adds sophistication to any suit or blazer, making it a versatile accessory for both formal and casual occasions. • 100% silk • 28 X 28cm",19.00 GBP,19.00 GBP,https://handcmediastorage.blob.core.windows.net/productimages/HA/HAPMA250-M01-200387-1400px-1820px.jpg,Clothing & Accessories > Clothing Accessories > Pocket Squares,Fathers Day>Promotions,,https://handcmediastorage.blob.core.windows.net/productimages/HA/HAPMA250-M01-200388-1400px-1820px.jpg,FALSE,HAPMA250-M01,141,IN STOCK,,,Silver,,25.00 GBP,3,TRUE,TRUE
Hawes & Curtis,5063056815993,5063056815993,Hawes & Curtis Silver Bulldog Cufflinks,http://www.hawesandcurtis.co.uk/silver-bulldog-cufflinks-mcpti200-m01?utm_source=display&utm_medium=programmatic&utm_campaign=performance&utm_content=rtg,"These cufflinks capture the strong, determined spirit of one of the most iconic dog breeds. Perfect for animal lovers or those looking to add some personality to their outfit, these cufflinks bring a playful yet sophisticated touch to both formal and casual looks. • Rhodium coated Brass • Swivel Fitting  Housed in a branded Hawes & Curtis presentation box.","These cufflinks capture the strong, determined spirit of one of the most iconic dog breeds. Perfect for animal lovers or those looking to add some personality to their outfit, these cufflinks bring a playful yet sophisticated touch to both formal and casual looks. • Rhodium coated Brass • Swivel Fitting  Housed in a branded Hawes & Curtis presentation box.",19.00 GBP,19.00 GBP,https://handcmediastorage.blob.core.windows.net/productimages/MC/MCPTI200-M01-200255-1400px-1820px.jpg,Clothing & Accessories > Clothing Accessories > Cufflinks,All Cufflinks>Shoes & Accessories,,,FALSE,MCPTI200-M01,7,IN STOCK,,,Silver,,39.00 GBP,49,TRUE,TRUE
Hawes & Curtis,5063755185588,5063755185588,Hawes & Curtis Navy & Purple Jacquard Geo 1913 Tie,http://www.hawesandcurtis.co.uk/navy-and-purple-jacquard-geo-1913-tie-tiddk315-g14?utm_source=display&utm_medium=programmatic&utm_campaign=performance&utm_content=rtg,"Bring sophisticated detail to your outfits with this navy and purple jacquard geometric tie, expertly crafted in Italy from luxurious silk. The woven pattern introduces texture and character, while the navy and purple color palette ensures a modern finish.   Utilising state-of-the-art techniques. Silk Pro are experts of all things fabrics, be it print, jacquard or texture. Suppliers to some of the world's most prestigious brands, all of their fabrics are woven in Como, Italy, the global mecca of luxury silk production. • 100% Silk • 9cm blade width • 150cm length • Fabric keeper loop to keep tail in place • Fully lined to maintain tie shape • Please dry clean only","Bring sophisticated detail to your outfits with this navy and purple jacquard geometric tie, expertly crafted in Italy from luxurious silk. The woven pattern introduces texture and character, while the navy and purple color palette ensures a modern finish.   Utilising state-of-the-art techniques. Silk Pro are experts of all things fabrics, be it print, jacquard or texture. Suppliers to some of the world's most prestigious brands, all of their fabrics are woven in Como, Italy, the global mecca of luxury silk production. • 100% Silk • 9cm blade width • 150cm length • Fabric keeper loop to keep tail in place • Fully lined to maintain tie shape • Please dry clean only",29.00 GBP,29.00 GBP,https://handcmediastorage.blob.core.windows.net/productimages/TI/TIDDK315-G14-213347-1400px-1820px.jpg,Clothing & Accessories > Clothing Accessories > Ties,The Richmond Enclosure>Promotions,,https://handcmediastorage.blob.core.windows.net/productimages/TI/TIDDK315-G14-213346-1400px-1820px.jpg,FALSE,TIDDK315-G14,8,IN STOCK,,,Navy/Purple,,59.00 GBP,42,TRUE,TRUE
Hawes & Curtis,5063755167713,5063755167713,Hawes & Curtis White Pocket Square - Duck Egg Blue Border,http://www.hawesandcurtis.co.uk/white-pocket-square-with-duck-egg-blue-border-hapma252-z76?utm_source=display&utm_medium=programmatic&utm_campaign=performance&utm_content=rtg,"This pristine white pocket square is edged with a delicate duck egg blue trim, creating a quiet yet striking contrast. Woven from smooth, lustrous silk, it features a subtle Hawes & Curtis crest, a refined nod to heritage. Its clean, classic design completes any tailored ensemble with subtle refinement. • 100% silk • 28 X 28cm","This pristine white pocket square is edged with a delicate duck egg blue trim, creating a quiet yet striking contrast. Woven from smooth, lustrous silk, it features a subtle Hawes & Curtis crest, a refined nod to heritage. Its clean, classic design completes any tailored ensemble with subtle refinement. • 100% silk • 28 X 28cm",19.00 GBP,19.00 GBP,https://handcmediastorage.blob.core.windows.net/productimages/HA/HAPMA252-Z76-211761-1400px-1820px.jpg,Clothing & Accessories > Clothing Accessories > Pocket Squares,Men's Accessories>Menswear,,https://handcmediastorage.blob.core.windows.net/productimages/HA/HAPMA252-Z76-211762-1400px-1820px.jpg,FALSE,HAPMA252-Z76,32,IN STOCK,,,Duck Egg Blue,,25.00 GBP,12,TRUE,TRUE
Hawes & Curtis,5063056817553,5063056817553,Hawes & Curtis White Jacquard Paisley Silk Bow Tie - Ready Tied,http://www.hawesandcurtis.co.uk/white-jacquard-paisley-silk-bow-tie-ready-tied-btdma005-n01?utm_source=display&utm_medium=programmatic&utm_campaign=performance&utm_content=rtg,"A timeless accessory with effortless class, this white ready-tied bow tie is crafted from pure silk and features an elegant paisley pattern for a refined finish. Perfect for weddings and formal events, its classic design adds subtle texture and sophistication. • 100% silk • Ready-tied • Adjustable ladder band  Please dry clean only","A timeless accessory with effortless class, this white ready-tied bow tie is crafted from pure silk and features an elegant paisley pattern for a refined finish. Perfect for weddings and formal events, its classic design adds subtle texture and sophistication. • 100% silk • Ready-tied • Adjustable ladder band  Please dry clean only",5.00 GBP,5.00 GBP,https://handcmediastorage.blob.core.windows.net/productimages/BT/BTDMA005-N01-202309-1400px-1820px.jpg,Clothing & Accessories > Clothing Accessories > Ties,Fathers Day>Promotions,,https://handcmediastorage.blob.core.windows.net/productimages/BT/BTDMA005-N01-202308-1400px-1820px.jpg,FALSE,BTDMA005-N01,92,IN STOCK,,,White,,35.00 GBP,4,TRUE,TRUE
Hawes & Curtis,5063056811995,5063056811995,Hawes & Curtis Tan Oxford Shoe,http://www.hawesandcurtis.co.uk/tan-leather-oxford-shoe-oeppa001-z03?utm_source=display&utm_medium=programmatic&utm_campaign=performance&utm_content=rtg,"A true classic, these formal tan shoes are the epitome of timeless style. Crafted from Spanish Polido calf leather, it features the signature closed-lacing system and sleek silhouette that define the Oxford design. A rubber insert on the sole adds comfort and slip resistance, making it as practical as it is polished. • Leather Upper • Leather Lining • Leather Sole with Rubber insert • Rubber Heel  Made in Portugal","A true classic, these formal tan shoes are the epitome of timeless style. Crafted from Spanish Polido calf leather, it features the signature closed-lacing system and sleek silhouette that define the Oxford design. A rubber insert on the sole adds comfort and slip resistance, making it as practical as it is polished. • Leather Upper • Leather Lining • Leather Sole with Rubber insert • Rubber Heel  Made in Portugal",139.00 GBP,139.00 GBP,https://handcmediastorage.blob.core.windows.net/productimages/OE/OEPPA001-Z03-199965-1400px-1820px.jpg,Clothing & Accessories > Shoes,Summer Ball Outfits,,https://handcmediastorage.blob.core.windows.net/productimages/OE/OEPPA001-Z03-199961-1400px-1820px.jpg,FALSE,OEPPA001-Z03,20,IN STOCK,,,Tan,,169.00 GBP,21,TRUE,TRUE
Hawes & Curtis,5063056812770,5063056812770,Hawes & Curtis Brown Derby Lace Up Shoe,http://www.hawesandcurtis.co.uk/brown-derby-lace-up-shoe-oepca006-c01?utm_source=display&utm_medium=programmatic&utm_campaign=performance&utm_content=rtg,"Exuding sophistication, these brown derby shoes are a staple for any wardrobe. Crafted from Spanish Polido calf leather, they feature an open-lace design that combines comfort with classic style for a roomier fit. Perfect for both formal occasions and smart-casual settings, these shoes offer enduring elegance and everyday wearability.• Leather Upper • Leather Lining• Leather Sole• Leather Sole with Rubber insert Made in Portugal","Exuding sophistication, these brown derby shoes are a staple for any wardrobe. Crafted from Spanish Polido calf leather, they feature an open-lace design that combines comfort with classic style for a roomier fit. Perfect for both formal occasions and smart-casual settings, these shoes offer enduring elegance and everyday wearability.• Leather Upper • Leather Lining• Leather Sole• Leather Sole with Rubber insert Made in Portugal",99.00 GBP,99.00 GBP,https://handcmediastorage.blob.core.windows.net/productimages/OE/OEPCA006-C01-200197-1400px-1820px.jpg,Clothing & Accessories > Shoes,Cheltenham>Casualwear>Menswear,,https://handcmediastorage.blob.core.windows.net/productimages/OE/OEPCA006-C01-200195-1400px-1820px.jpg,FALSE,OEPCA006-C01,7,IN STOCK,,,Brown,,169.00 GBP,50,TRUE,TRUE
Hawes & Curtis,5063056817683,5063056817683,Hawes & Curtis Off White Spun Silk Large Bow Tie - Ready Tied,http://www.hawesandcurtis.co.uk/off-white-spun-silk-large-bow-tie-ready-tied-btpma013-n33?utm_source=display&utm_medium=programmatic&utm_campaign=performance&utm_content=rtg,"A must in every man's wardrobe for festive occasions, this off-white oversized bow tie is crafted from spun silk, offering a soft texture and elegant drape. A standout choice for weddings and formal events, it adds a refined touch with timeless charm. The adjustable ladder band is designed to fit neck sizes approximately 14""-20"". • 100% Silk• Ready-tied • Adjustable ladder band   Please dry clean only","A must in every man's wardrobe for festive occasions, this off-white oversized bow tie is crafted from spun silk, offering a soft texture and elegant drape. A standout choice for weddings and formal events, it adds a refined touch with timeless charm. The adjustable ladder band is designed to fit neck sizes approximately 14""-20"". • 100% Silk• Ready-tied • Adjustable ladder band   Please dry clean only",5.00 GBP,5.00 GBP,https://handcmediastorage.blob.core.windows.net/productimages/BT/BTPMA013-N33-200531-1400px-1820px.jpg,Clothing & Accessories > Clothing Accessories > Ties,Eveningwear>Men's Accessories >Shoes & Accessories,,https://handcmediastorage.blob.core.windows.net/productimages/BT/BTPMA013-N33-200530-1400px-1820px.jpg,FALSE,BTPMA013-N33,92,IN STOCK,,,White,,29.00 GBP,5,TRUE,TRUE
Hawes & Curtis,5063755083532,5063755083532,Hawes & Curtis Red & Silver Textured Round Cufflinks,http://www.hawesandcurtis.co.uk/silver-round-cufflinks4-mcdpj218-m01?utm_source=display&utm_medium=programmatic&utm_campaign=performance&utm_content=rtg,"Combining bold detail with refined elegance, these silver-toned cufflinks feature a centred brecciated jasper stone framed by a textured border. The rich red tones of the semi-precious stone contrast beautifully with the gold setting, making them a distinctive accessory for formal occasions. • Rhodium coated Brass • Brecciated Jasper Stone• Swivel Fitting   Housed in a branded Hawes & Curtis presentation box.","Combining bold detail with refined elegance, these silver-toned cufflinks feature a centred brecciated jasper stone framed by a textured border. The rich red tones of the semi-precious stone contrast beautifully with the gold setting, making them a distinctive accessory for formal occasions. • Rhodium coated Brass • Brecciated Jasper Stone• Swivel Fitting   Housed in a branded Hawes & Curtis presentation box.",19.00 GBP,19.00 GBP,https://handcmediastorage.blob.core.windows.net/productimages/MC/MCDPJ218-M01-208008-1400px-1820px.jpg,Clothing & Accessories > Clothing Accessories > Cufflinks,Gifts>Shoes & Accessories,,https://handcmediastorage.blob.core.windows.net/productimages/MC/MCDPJ218-M01-208007-1400px-1820px.jpg,FALSE,MCDPJ218-M01,6,IN STOCK,,,Silver,,49.00 GBP,54,TRUE,TRUE
Hawes & Curtis,5063755198878,5063755198878,Hawes & Curtis Champagne Ticking Stripe 1913 Tie,http://www.hawesandcurtis.co.uk/champagne-ticking-stripe-1913-tie-tidbk316-h31?utm_source=display&utm_medium=programmatic&utm_campaign=performance&utm_content=rtg,"Designed for the discerning dresser, this soft champagne tie showcases the finest Tessitura Attilio Bottinelli silk craftsmanship. The intricate detailing catches light with sophisticated brilliance, while the smooth finish delivers refined luxury. A striking striped accessory that brings quiet sophistication to formal and business attire, perfect for those who value exceptional Italian artistry. Specialists in both weaving and printing since 1931, Bottinelli is a family-run mill born and based in Como, Italy, the global mecca of luxury silk fabrics. Their ties and pocket squares are then made by hand in Naples, home to some of the world's most sophisticated tailoring. • 100% Silk • 9cm blade width • 150cm length • Fabric keeper loop to keep tail in place • Fully lined to maintain tie shape • Please dry clean only","Designed for the discerning dresser, this soft champagne tie showcases the finest Tessitura Attilio Bottinelli silk craftsmanship. The intricate detailing catches light with sophisticated brilliance, while the smooth finish delivers refined luxury. A striking striped accessory that brings quiet sophistication to formal and business attire, perfect for those who value exceptional Italian artistry. Specialists in both weaving and printing since 1931, Bottinelli is a family-run mill born and based in Como, Italy, the global mecca of luxury silk fabrics. Their ties and pocket squares are then made by hand in Naples, home to some of the world's most sophisticated tailoring. • 100% Silk • 9cm blade width • 150cm length • Fabric keeper loop to keep tail in place • Fully lined to maintain tie shape • Please dry clean only",29.00 GBP,29.00 GBP,https://handcmediastorage.blob.core.windows.net/productimages/TI/TIDBK316-H31-212880-1400px-1820px.jpg,Clothing & Accessories > Clothing Accessories > Ties,Men's Accessories>Menswear,,https://handcmediastorage.blob.core.windows.net/productimages/TI/TIDBK316-H31-212879-1400px-1820px.jpg,FALSE,TIDBK316-H31,17,IN STOCK,,,Champagne,,49.00 GBP,25,TRUE,TRUE
Hawes & Curtis,5063755198922,5063755198922,Hawes & Curtis Mint Geometric 1913 Tie,http://www.hawesandcurtis.co.uk/mint-geometric-1913-tie-tidbj956-e70?utm_source=display&utm_medium=programmatic&utm_campaign=performance&utm_content=rtg,"A sophisticated tie featuring a geometric pattern against subtle mint tones. Crafted from pure silk by Bottinelli, Italy, this piece showcases exceptional Italian craftsmanship with a lustrous finish. The rich mint colourway pairs beautifully with navy or charcoal tones, making it a versatile addition to any wardrobe. Specialists in both weaving and printing since 1931, Bottinelli is a family-run mill born and based in Como, Italy, the global mecca of luxury silk fabrics. Their ties and pocket squares are then made by hand in Naples, home to some of the world's most sophisticated tailoring. • 100% Silk • 9cm blade width • 150cm length • Fabric keeper loop to keep tail in place • Fully lined to maintain tie shape • Please dry clean only","A sophisticated tie featuring a geometric pattern against subtle mint tones. Crafted from pure silk by Bottinelli, Italy, this piece showcases exceptional Italian craftsmanship with a lustrous finish. The rich mint colourway pairs beautifully with navy or charcoal tones, making it a versatile addition to any wardrobe. Specialists in both weaving and printing since 1931, Bottinelli is a family-run mill born and based in Como, Italy, the global mecca of luxury silk fabrics. Their ties and pocket squares are then made by hand in Naples, home to some of the world's most sophisticated tailoring. • 100% Silk • 9cm blade width • 150cm length • Fabric keeper loop to keep tail in place • Fully lined to maintain tie shape • Please dry clean only",29.00 GBP,29.00 GBP,https://handcmediastorage.blob.core.windows.net/productimages/TI/TIDBJ956-E70-212892-1400px-1820px.jpg,Clothing & Accessories > Clothing Accessories > Ties,Fathers Day>Promotions,,https://handcmediastorage.blob.core.windows.net/productimages/TI/TIDBJ956-E70-212893-1400px-1820px.jpg,FALSE,TIDBJ956-E70,8,IN STOCK,,,Mint,,49.00 GBP,43,TRUE,TRUE
Hawes & Curtis,5063755198939,5063755198939,Hawes & Curtis Navy & Green Medallion Geo 1913 Tie,http://www.hawesandcurtis.co.uk/navy-and-green-medallion-geo-1913-tie-tidbi899-g07?utm_source=display&utm_medium=programmatic&utm_campaign=performance&utm_content=rtg,"Make a statement with this navy and green tie, expertly crafted from luxurious fuji silk by Tessitura Attilio Bottinelli. The bold medallion geometric pattern and vibrant colour pairing adds confidence to any look. Rich texture and intricate detailing create depth and sophistication, making this a standout accessory for those who appreciate exceptional craftsmanship. Specialists in both weaving and printing since 1931, Bottinelli is a family-run mill born and based in Como, Italy, the global mecca of luxury silk fabrics. Their ties and pocket squares are then made by hand in Naples, home to some of the world's most sophisticated tailoring. • 100% Silk • 9cm blade width • 150cm length • Fabric keeper loop to keep tail in place • Fully lined to maintain tie shape • Please dry clean only","Make a statement with this navy and green tie, expertly crafted from luxurious fuji silk by Tessitura Attilio Bottinelli. The bold medallion geometric pattern and vibrant colour pairing adds confidence to any look. Rich texture and intricate detailing create depth and sophistication, making this a standout accessory for those who appreciate exceptional craftsmanship. Specialists in both weaving and printing since 1931, Bottinelli is a family-run mill born and based in Como, Italy, the global mecca of luxury silk fabrics. Their ties and pocket squares are then made by hand in Naples, home to some of the world's most sophisticated tailoring. • 100% Silk • 9cm blade width • 150cm length • Fabric keeper loop to keep tail in place • Fully lined to maintain tie shape • Please dry clean only",29.00 GBP,29.00 GBP,https://handcmediastorage.blob.core.windows.net/productimages/TI/TIDBI899-G07-212896-1400px-1820px.jpg,Clothing & Accessories > Clothing Accessories > Ties,Cheltenham>Casualwear>Menswear,,https://handcmediastorage.blob.core.windows.net/productimages/TI/TIDBI899-G07-212895-1400px-1820px.jpg,FALSE,TIDBI899-G07,7,IN STOCK,,,Navy/Green,,49.00 GBP,51,TRUE,TRUE
Hawes & Curtis,5063056968989,5063056968989,Hawes & Curtis Tan Belt,http://www.hawesandcurtis.co.uk/tan-contemporary-formal-leather-belt-bepii008-z03?utm_source=display&utm_medium=programmatic&utm_campaign=performance&utm_content=rtg,"An indispensable staple in any wardrobe, this tan belt combines classic style with enduring quality. Crafted from smooth, calf leather and finished with a timeless silver-tone buckle, it offers a polished, versatile look that complements tailored suits and dress trousers effortlessly. • 30mm width • Italian calf leather upper• Natural Italian nubuck reverse• Italian zamak metal buckle• Hand-stitched keeper loop• Made in Italy in a small, family-run atelier","An indispensable staple in any wardrobe, this tan belt combines classic style with enduring quality. Crafted from smooth, calf leather and finished with a timeless silver-tone buckle, it offers a polished, versatile look that complements tailored suits and dress trousers effortlessly. • 30mm width • Italian calf leather upper• Natural Italian nubuck reverse• Italian zamak metal buckle• Hand-stitched keeper loop• Made in Italy in a small, family-run atelier",29.00 GBP,29.00 GBP,https://handcmediastorage.blob.core.windows.net/productimages/BE/BEPII008-Z03-200560-1400px-1820px.jpg,Clothing & Accessories > Clothing Accessories > Belts,Casualwear>Menswear,,https://handcmediastorage.blob.core.windows.net/productimages/BE/BEPII008-Z03-200559-1400px-1820px.jpg,FALSE,BEPII008-Z03,29,IN STOCK,,,Tan,,59.00 GBP,13,TRUE,TRUE
Hawes & Curtis,5063755210655,5063755210655,Hawes & Curtis Champagne Irregular Oval 1913 Tie,http://www.hawesandcurtis.co.uk/champagne-irregular-oval-1913-tie-tidbk317-c50?utm_source=display&utm_medium=programmatic&utm_campaign=performance&utm_content=rtg,"Rendered in a delicate champagne hue, this tie features an irregular oval motif that speaks to subtle artistry. Woven from Tessitura Attilio Bottinelli’s silk, its lustrous surface catches the light beautifully. An accessory of distinction, it lends effortless elegance to formal and business attire, embodying the quiet mastery of Italian craftsmanship. Specialists in both weaving and printing since 1931, Bottinelli is a family-run mill born and based in Como, Italy, the global mecca of luxury silk fabrics. Their ties and pocket squares are then made by hand in Naples, home to some of the world's most sophisticated tailoring. • 100% Silk • 9cm blade width • 150cm length • Fabric keeper loop to keep tail in place • Fully lined to maintain tie shape • Please dry clean only","Rendered in a delicate champagne hue, this tie features an irregular oval motif that speaks to subtle artistry. Woven from Tessitura Attilio Bottinelli’s silk, its lustrous surface catches the light beautifully. An accessory of distinction, it lends effortless elegance to formal and business attire, embodying the quiet mastery of Italian craftsmanship. Specialists in both weaving and printing since 1931, Bottinelli is a family-run mill born and based in Como, Italy, the global mecca of luxury silk fabrics. Their ties and pocket squares are then made by hand in Naples, home to some of the world's most sophisticated tailoring. • 100% Silk • 9cm blade width • 150cm length • Fabric keeper loop to keep tail in place • Fully lined to maintain tie shape • Please dry clean only",29.00 GBP,29.00 GBP,https://handcmediastorage.blob.core.windows.net/productimages/TI/TIDBK317-C50-212898-1400px-1820px.jpg,Clothing & Accessories > Clothing Accessories > Ties,The Richmond Enclosure>Promotions,,https://handcmediastorage.blob.core.windows.net/productimages/TI/TIDBK317-C50-212897-1400px-1820px.jpg,FALSE,TIDBK317-C50,18,IN STOCK,,,Taupe,,49.00 GBP,24,TRUE,TRUE
Hawes & Curtis,5063755167454,5063755167454,Hawes & Curtis Sage Green Tonal Stripe Tie,http://www.hawesandcurtis.co.uk/sage-green-tonal-stripe-tie-tidmk302-e81?utm_source=display&utm_medium=programmatic&utm_campaign=performance&utm_content=rtg,"A sage green silk tie that blends timeless elegance with modern style. Its subtle stripes add depth and texture without overpowering the look. Ideal for formal occasions or special events, it complements tailored outfits with understated sophistication. • 100% Silk • 8cm blade width • 150cm length • Fabric keeper loop to keep tail in place • Fully lined to maintain tie shape   Please dry clean only","A sage green silk tie that blends timeless elegance with modern style. Its subtle stripes add depth and texture without overpowering the look. Ideal for formal occasions or special events, it complements tailored outfits with understated sophistication. • 100% Silk • 8cm blade width • 150cm length • Fabric keeper loop to keep tail in place • Fully lined to maintain tie shape   Please dry clean only",12.00 GBP,12.00 GBP,https://handcmediastorage.blob.core.windows.net/productimages/TI/TIDMK302-E81-211728-1400px-1820px.jpg,Clothing & Accessories > Clothing Accessories > Ties,Fathers Day>Promotions,,https://handcmediastorage.blob.core.windows.net/productimages/TI/TIDMK302-E81-211727-1400px-1820px.jpg,FALSE,TIDMK302-E81,17,IN STOCK,,,Sage Green,,39.00 GBP,26,TRUE,TRUE
Hawes & Curtis,5063755198861,5063755198861,Hawes & Curtis Vanilla 1913 Mélange Linen Tie,http://www.hawesandcurtis.co.uk/vanilla-linen-1913-tie-tipak319-h81?utm_source=display&utm_medium=programmatic&utm_campaign=performance&utm_content=rtg,"Bring a fresh, sun-washed feel to seasonal dressing with this vanilla toned tie, crafted from mélange linen by Solbiati in Italy. Woven with a subtle interplay of fibres, the fabric boasts a softly textured, naturally variegated character. Lightweight and effortlessly composed, it balances polish with a laid-back sensibility for your wardrobe.   Woven in Biella, Italy, home to the world's most luxurious fabric mills, our 1913 ties are made from the same premium linen as our 1913 tailoring, making them the perfect add-on for summer weddings and events. The ties are then made by hand in Puglia, guaranteeing luxury for those most special of occasions. • 100% Linen• 9cm blade width  • 150cm length • Fabric keeper loop to keep tail in place • Fully lined to maintain tie shape • Please dry clean only","Bring a fresh, sun-washed feel to seasonal dressing with this vanilla toned tie, crafted from mélange linen by Solbiati in Italy. Woven with a subtle interplay of fibres, the fabric boasts a softly textured, naturally variegated character. Lightweight and effortlessly composed, it balances polish with a laid-back sensibility for your wardrobe.   Woven in Biella, Italy, home to the world's most luxurious fabric mills, our 1913 ties are made from the same premium linen as our 1913 tailoring, making them the perfect add-on for summer weddings and events. The ties are then made by hand in Puglia, guaranteeing luxury for those most special of occasions. • 100% Linen• 9cm blade width  • 150cm length • Fabric keeper loop to keep tail in place • Fully lined to maintain tie shape • Please dry clean only",29.00 GBP,29.00 GBP,https://handcmediastorage.blob.core.windows.net/productimages/TI/TIPAK319-H81-215018-1400px-1820px.jpg,Clothing & Accessories > Clothing Accessories > Ties,Ties>Men's Accessories >Shoes & Accessories,,https://handcmediastorage.blob.core.windows.net/productimages/TI/TIPAK319-H81-215020-1400px-1820px.jpg,FALSE,TIPAK319-H81,9,IN STOCK,,,Beige,,49.00 GBP,39,TRUE,TRUE
