prclient,prid,pridfiltered,prid_filtered,prname,prurl,prshortdescription,prdescription,prdisplayprice,prprice,primageurl,prcategory,prsubcategory,prcreatedon,pralternativeurl,prbestseller,prsku,pravailablequantity,pravailability,prquantitysold,prsize,prcolor,prcountry,prfromprice,prposition,isactive,isdefault,pronsale
Kurt Geiger London,5895561979,5895561979,5895561979,meena eagle slide,https://www.kurtgeiger.us/women/shoes/sandals/slides/meena-eagle-gold-synthetic-kurt-geiger-london-5895561979?utm_source=display&utm_medium=programmatic&utm_campaign=performance&utm_content=rtg,This pair of Meena Eagle Slide sandals feature a metallic gold upper with overstitch quilting design. There is a gold eagle head sat on top of the foot strap.Material: SyntheticStyle number: 5895561979,This pair of Meena Eagle Slide sandals feature a metallic gold upper with overstitch quilting design. There is a gold eagle head sat on top of the foot strap.Material: SyntheticStyle number: 5895561979,98.00,98.00,https://kg-static-cache.s3.amazonaws.com/catalog/product/cache/thumbnail/2000x2000/5/8/5895561979_20.jpg?v=1&width=800,Womens> Shoes>  Sandals,Womens> Shoes>  Sandals,02/09/2026,https://kg-static-cache.s3.amazonaws.com/catalog/product/cache/thumbnail/2000x2000/5/8/5895561979_20.jpg?v=1&width=800,TRUE,,673,IN STOCK,,,Metallic,,,24,TRUE,TRUE,FALSE
Kurt Geiger London,8650300979,8650300979,8650300979,meena eagle slide,https://www.kurtgeiger.us/women/shoes/sandals/slides/meena-eagle-drench-black-synthetic-kurt-geiger-london-8650300979?utm_source=display&utm_medium=programmatic&utm_campaign=performance&utm_content=rtg,This Meena Eagle sandal arrives in a black slide on style. The wide strap is quilted and topped with black metal eagle head with crystals to create a drench effect.Material: Leather alternativeMoulded footbedStyle number: 8650300979,This Meena Eagle sandal arrives in a black slide on style. The wide strap is quilted and topped with black metal eagle head with crystals to create a drench effect.Material: Leather alternativeMoulded footbedStyle number: 8650300979,98.00,98.00,https://kg-static-cache.s3.amazonaws.com/catalog/product/cache/thumbnail/2000x2000/8/6/8650300979_20.jpg?v=1&width=800,Womens> Shoes>  Sandals,Womens> Shoes>  Sandals,02/09/2026,https://kg-static-cache.s3.amazonaws.com/catalog/product/cache/thumbnail/2000x2000/8/6/8650300979_20.jpg?v=1&width=800,TRUE,,8198,IN STOCK,,,BLACK,,,2,TRUE,TRUE,FALSE
Kurt Geiger London,5602800109,5602800109,5602800109,kensington 17 drench bag,https://www.kurtgeiger.us/women/bags/shoulder-bags/kensington-dr-17-black-leather-kurt-geiger-london-5602800109?utm_source=display&utm_medium=programmatic&utm_campaign=performance&utm_content=rtg,"This drench edition of the Kensington 17 purse is crafted from a black leather with three rows of overstitch quilting. There is a black eagle head sat on the front flap.3.9in (H), 6.6in (L), 1.9in(D)Strap length: 25.5inBlack chain cross body strapTwo magnetic snap closures under front flapBlack branded plate on the backMaterial: LeatherStyle number: 5602800109","This drench edition of the Kensington 17 purse is crafted from a black leather with three rows of overstitch quilting. There is a black eagle head sat on the front flap.3.9in (H), 6.6in (L), 1.9in(D)Strap length: 25.5inBlack chain cross body strapTwo magnetic snap closures under front flapBlack branded plate on the backMaterial: LeatherStyle number: 5602800109",188.00,188.00,https://kg-static-cache.s3.amazonaws.com/catalog/product/cache/thumbnail/2000x2000/5/6/5602800109_20.jpg?v=1&width=800,Womens> Bags>  Crossbody,Womens> Bags>  Crossbody,02/09/2026,https://kg-static-cache.s3.amazonaws.com/catalog/product/cache/thumbnail/2000x2000/5/6/5602800109_20.jpg?v=1&width=800,TRUE,,1941,IN STOCK,,,BLACK,,,16,TRUE,TRUE,FALSE
Kurt Geiger London,3036240609,3036240609,3036240609,mini fabric kensington bag,https://www.kurtgeiger.us/women/bags/mini/fabric-mini-kensington-v-beige-fabric-kurt-geiger-london-3036240609?utm_source=display&utm_medium=programmatic&utm_campaign=performance&utm_content=rtg,"The Fabric Mini Kensington is crafted from a houndstooth fabric topped with brass crystals. The antiqued brass Eagle head features crystals and black bead eyes on the front fap.&nbsp;5.5in (H), 7.9in (L), 2.4in (D)Strap drop cross body: 47.2inStrap drop shoulder: 30.3inAntiqued brass chain strapDuo magnetic snap closure hidden under flapAntiqued brass branded plate on the backCan fit phones up to 7 inchesSmall internal lining pocketPlease take extra care when styling this piece with delicate fabricsOuter: Houndstooth fabricInterior: Monogrammed interior liningStyle number: 3036240609","The Fabric Mini Kensington is crafted from a houndstooth fabric topped with brass crystals. The antiqued brass Eagle head features crystals and black bead eyes on the front fap.&nbsp;5.5in (H), 7.9in (L), 2.4in (D)Strap drop cross body: 47.2inStrap drop shoulder: 30.3inAntiqued brass chain strapDuo magnetic snap closure hidden under flapAntiqued brass branded plate on the backCan fit phones up to 7 inchesSmall internal lining pocketPlease take extra care when styling this piece with delicate fabricsOuter: Houndstooth fabricInterior: Monogrammed interior liningStyle number: 3036240609",188.00,188.00,https://kg-static-cache.s3.amazonaws.com/catalog/product/cache/thumbnail/2000x2000/3/0/3036240609_20.jpg?v=1&width=800,Womens> Bags> Crossbody,Womens> Bags> Crossbody,02/09/2026,https://kg-static-cache.s3.amazonaws.com/catalog/product/cache/thumbnail/2000x2000/3/0/3036240609_20.jpg?v=1&width=800,TRUE,,918,IN STOCK,,,Nude,,,18,TRUE,TRUE,FALSE
Kurt Geiger London,5613469619,5613469619,5613469619,kurt runner,https://www.kurtgeiger.us/women/shoes/sneakers/kurt-runner-multi-other-fabric-leather-kurt-geiger-london-5613469619?utm_source=display&utm_medium=programmatic&utm_campaign=performance&utm_content=rtg,This pair of Kurt Runner is crafted from a floral printed fabric with clear sequin embellishment. The front laces up with gold eyelets. There is a silver tag detail with a gold eagle head sat on top.Material: FabricStyle number: 5613469619,This pair of Kurt Runner is crafted from a floral printed fabric with clear sequin embellishment. The front laces up with gold eyelets. There is a silver tag detail with a gold eagle head sat on top.Material: FabricStyle number: 5613469619,198.00,198.00,https://kg-static-cache.s3.amazonaws.com/catalog/product/cache/thumbnail/2000x2000/5/6/5613469619_20.jpg?v=1&width=800,Womens> Shoes,Womens> Shoes,02/09/2026,https://kg-static-cache.s3.amazonaws.com/catalog/product/cache/thumbnail/2000x2000/5/6/5613469619_20.jpg?v=1&width=800,TRUE,,567,IN STOCK,,,Multi-Coloured,,,25,TRUE,TRUE,FALSE
Kurt Geiger London,1470400109,1470400109,1470400109,leather kensington bag,https://www.kurtgeiger.us/women/bags/shoulder-bags/leather-kensington-x-bag-black-leather-kurt-geiger-london?utm_source=display&utm_medium=programmatic&utm_campaign=performance&utm_content=rtg,"The Leather Kensington Bag is crafted from soft lambskin leather combining both weave and chevron patterns. The antiqued brass Eagle head features opaque brass crystals and black crystal eyes on the front flap.6.7in (H), 10.2in (L), 3.1in (D)Strap drop cross body: 43.7inStrap drop shoulder: 25.2inAntiqued brass chain strap with two padded leather insertsDuo magnetic snap closure hidden under flapGold foil embossed logo on the backCan fit phones up to 7 inchesTwo interior compartments with small internal lining pocketOuter: Lambskin leatherInterior: Monogrammed interior liningStyle number:&nbsp;1470400109","The Leather Kensington Bag is crafted from soft lambskin leather combining both weave and chevron patterns. The antiqued brass Eagle head features opaque brass crystals and black crystal eyes on the front flap.6.7in (H), 10.2in (L), 3.1in (D)Strap drop cross body: 43.7inStrap drop shoulder: 25.2inAntiqued brass chain strap with two padded leather insertsDuo magnetic snap closure hidden under flapGold foil embossed logo on the backCan fit phones up to 7 inchesTwo interior compartments with small internal lining pocketOuter: Lambskin leatherInterior: Monogrammed interior liningStyle number:&nbsp;1470400109",278.00,278.00,https://kg-static-cache.s3.amazonaws.com/catalog/product/cache/thumbnail/2000x2000/1/4/1470400109_20.jpg?v=1&width=800,Womens> Bags> Shoulder,Womens> Bags> Shoulder,02/09/2026,https://kg-static-cache.s3.amazonaws.com/catalog/product/cache/thumbnail/2000x2000/1/4/1470400109_20.jpg?v=1&width=800,TRUE,,696,IN STOCK,,,BLACK,,,23,TRUE,TRUE,FALSE
Kurt Geiger London,4372810109,4372810109,4372810109,mini leather kensington bag,https://www.kurtgeiger.us/women/bags/crossbody-bags/leather-mini-kensington-white-leather-kurt-geiger-london-4372810109?utm_source=display&utm_medium=programmatic&utm_campaign=performance&utm_content=rtg,"The Leather Mini Kensington purse is crafted from a white leather with overstitch quilting combining both weave and chevron patterns. The antiqued brass eagle head sits on the front flap.&nbsp;5.5in (H), 7.9in (L), 2.4in (D)Strap drop cross body: 47.2inStrap drop shoulder: 30.3inAntiqued brass metal chain strapDuo magnetic snap closure hidden under flapAntiqued silver branded plate on the back&nbsp;Can fit phones up to 7 inchesSmall internal lining pocketOuter: LeatherInterior: Monogrammed interior liningStyle number: 4372810109","The Leather Mini Kensington purse is crafted from a white leather with overstitch quilting combining both weave and chevron patterns. The antiqued brass eagle head sits on the front flap.&nbsp;5.5in (H), 7.9in (L), 2.4in (D)Strap drop cross body: 47.2inStrap drop shoulder: 30.3inAntiqued brass metal chain strapDuo magnetic snap closure hidden under flapAntiqued silver branded plate on the back&nbsp;Can fit phones up to 7 inchesSmall internal lining pocketOuter: LeatherInterior: Monogrammed interior liningStyle number: 4372810109",218.00,218.00,https://kg-static-cache.s3.amazonaws.com/catalog/product/cache/thumbnail/2000x2000/4/3/4372810109_20.jpg?v=1&width=800,Womens> Bags>  Mini Bag,Womens> Bags>  Mini Bag,02/09/2026,https://kg-static-cache.s3.amazonaws.com/catalog/product/cache/thumbnail/2000x2000/4/3/4372810109_20.jpg?v=1&width=800,TRUE,,892,IN STOCK,,,WHITE,,,19,TRUE,TRUE,FALSE
Kurt Geiger London,9548688669,9548688669,9548688669,micro kensington bag,https://www.kurtgeiger.us/women/bags/crossbody-bags/micro-kensington-denim-denim-kurt-geiger-london-9548688669?utm_source=display&utm_medium=programmatic&utm_campaign=performance&utm_content=rtg,"The Micro Kensington Purse is crafted from a denim fabric with acid wash weave design. The antiqued brass eagle head features crystals on the front flap.&nbsp;2.7in (H), 3.9in (L), 0.7in (D)Strap drop cross body: 48.4inAntiqued brass chain strapTwo pop closures under flapAntiqued brass branded plate on the backCan fit classic credit cardsOuter: DenimInterior: Monogrammed interior liningStyle number:&nbsp;9548688669","The Micro Kensington Purse is crafted from a denim fabric with acid wash weave design. The antiqued brass eagle head features crystals on the front flap.&nbsp;2.7in (H), 3.9in (L), 0.7in (D)Strap drop cross body: 48.4inAntiqued brass chain strapTwo pop closures under flapAntiqued brass branded plate on the backCan fit classic credit cardsOuter: DenimInterior: Monogrammed interior liningStyle number:&nbsp;9548688669",88.00,88.00,https://kg-static-cache.s3.amazonaws.com/catalog/product/cache/thumbnail/2000x2000/9/5/9548688669_21.jpg?v=1&width=800,Womens> Bags>  Crossbody,Womens> Bags>  Crossbody,02/09/2026,https://kg-static-cache.s3.amazonaws.com/catalog/product/cache/thumbnail/2000x2000/9/5/9548688669_21.jpg?v=1&width=800,TRUE,,6299,IN STOCK,,,Blue,,,3,TRUE,TRUE,FALSE
Kurt Geiger London,6318979999,6318979999,6318979999,kensington slippers,https://www.kurtgeiger.us/women/shoes/flats/kensington-slippers-green-other-others-kurt-geiger-london-6318979999?utm_source=display&utm_medium=programmatic&utm_campaign=performance&utm_content=rtg,This pair of Kensington Slippers feature a green shearling style faux fur upper with a gold crystal embellished eagle head sat on the toe. The lining is in a blue faux shearling.Material: FabricStyle number: 6318979999,This pair of Kensington Slippers feature a green shearling style faux fur upper with a gold crystal embellished eagle head sat on the toe. The lining is in a blue faux shearling.Material: FabricStyle number: 6318979999,98.00,98.00,https://kg-static-cache.s3.amazonaws.com/catalog/product/cache/thumbnail/2000x2000/6/3/6318979999_20.jpg?v=1&width=800,Womens> Shoes>  Slippers,Womens> Shoes>  Slippers,02/09/2026,https://kg-static-cache.s3.amazonaws.com/catalog/product/cache/thumbnail/2000x2000/6/3/6318979999_20.jpg?v=1&width=800,TRUE,,2957,IN STOCK,,,GREEN,,,11,TRUE,TRUE,FALSE
Kurt Geiger London,7400288669,7400288669,7400288669,meena eagle slide,https://www.kurtgeiger.us/women/shoes/sandals/slides/meena-eagle-denim-denim-kurt-geiger-london-7400288669?utm_source=display&utm_medium=programmatic&utm_campaign=performance&utm_content=rtg,The Meena Eagle sandal arrives in a denim slide on style. The strap features a bleached weave effect and an antiqued brass eagle head on the top.Material: TextileMoulded footbedStyle number: 7400288669,The Meena Eagle sandal arrives in a denim slide on style. The strap features a bleached weave effect and an antiqued brass eagle head on the top.Material: TextileMoulded footbedStyle number: 7400288669,98.00,98.00,https://kg-static-cache.s3.amazonaws.com/catalog/product/cache/thumbnail/2000x2000/7/4/7400288669_20.jpg?v=1&width=800,Womens> Shoes>  Sandals,Womens> Shoes>  Sandals,02/09/2026,https://kg-static-cache.s3.amazonaws.com/catalog/product/cache/thumbnail/2000x2000/7/4/7400288669_20.jpg?v=1&width=800,TRUE,,2281,IN STOCK,,,Blue,,,15,TRUE,TRUE,FALSE
Kurt Geiger London,6318998999,6318998999,6318998999,kensington slippers,https://www.kurtgeiger.us/women/shoes/slippers/kensington-slippers-pink-others-kurt-geiger-london-6318998999?utm_source=display&utm_medium=programmatic&utm_campaign=performance&utm_content=rtg,The Kurt Geiger Kensington Slippers feature a bright fuchsia faux fur upper. There is a crystal embellished eagle head sat on top of the closed toe.&nbsp;Material: Faux FurStyle number: 6318998999,The Kurt Geiger Kensington Slippers feature a bright fuchsia faux fur upper. There is a crystal embellished eagle head sat on top of the closed toe.&nbsp;Material: Faux FurStyle number: 6318998999,98.00,98.00,https://kg-static-cache.s3.amazonaws.com/catalog/product/cache/thumbnail/2000x2000/6/3/6318998999_20.jpg?v=1&width=800,Womens> Shoes,Womens> Shoes,02/09/2026,https://kg-static-cache.s3.amazonaws.com/catalog/product/cache/thumbnail/2000x2000/6/3/6318998999_20.jpg?v=1&width=800,TRUE,,3101,IN STOCK,,,PINK,,,10,TRUE,TRUE,FALSE
Kurt Geiger London,9548600999,9548600999,9548600999,micro kensington drench bag,https://www.kurtgeiger.us/women/bags/crossbody-bags/micro-kensington-black-others-kurt-geiger-london-9548600999?utm_source=display&utm_medium=programmatic&utm_campaign=performance&utm_content=rtg,"The Micro Kensington is crafted from a faux lambskin leather with signature parquet padded overstitch quilt with three rows of weave pattern. The black egle head features crystals and black bead eyes on the front flap.&nbsp;2.8in (H), 3.9in (L), 0.8in (D)Strap drop cross body: 48.4inBlack metal chain strapMagnetic snap closure hidden under flapBlack metal branded plate on the backCan fit classic credit cardsOuter: Faux leatherInterior: Monogrammed interior liningStyle number:&nbsp;9548600999","The Micro Kensington is crafted from a faux lambskin leather with signature parquet padded overstitch quilt with three rows of weave pattern. The black egle head features crystals and black bead eyes on the front flap.&nbsp;2.8in (H), 3.9in (L), 0.8in (D)Strap drop cross body: 48.4inBlack metal chain strapMagnetic snap closure hidden under flapBlack metal branded plate on the backCan fit classic credit cardsOuter: Faux leatherInterior: Monogrammed interior liningStyle number:&nbsp;9548600999",88.00,88.00,https://kg-static-cache.s3.amazonaws.com/catalog/product/cache/thumbnail/2000x2000/9/5/9548600999_20.jpg?v=1&width=800,Womens> Bags>  Crossbody,Womens> Bags>  Crossbody,02/09/2026,https://kg-static-cache.s3.amazonaws.com/catalog/product/cache/thumbnail/2000x2000/9/5/9548600999_20.jpg?v=1&width=800,TRUE,,14445,IN STOCK,,,BLACK,,,1,TRUE,TRUE,FALSE
Kurt Geiger London,9546600609,9546600609,9546600609,mini crystal kensington bag,https://www.kurtgeiger.us/women/bags/shoulder-bags/fabric-mini-kensington-black-fabric-kurt-geiger-london-9546600609?utm_source=display&utm_medium=programmatic&utm_campaign=performance&utm_content=rtg,"The Fabric Mini Kensington purse is crafted from a black fabric with crystal embellishment in the Kensington quilting pattern. The black Eagle head features crystals and black bead eyes on the front flap.&nbsp;5.5in (H), 7.9in (L), 2.4in (D)Strap drop cross body: 47.2inStrap drop shoulder: 30.3inBlack chain strapDuo magnetic snap closure hidden under flapBlack metal branded plate on the backCan fit phones up to 7 inchesSmall internal lining pocketPlease take extra care when styling this piece with delicate fabricsOuter: FabricInterior: Monogrammed interior liningStyle number: 9546600609","The Fabric Mini Kensington purse is crafted from a black fabric with crystal embellishment in the Kensington quilting pattern. The black Eagle head features crystals and black bead eyes on the front flap.&nbsp;5.5in (H), 7.9in (L), 2.4in (D)Strap drop cross body: 47.2inStrap drop shoulder: 30.3inBlack chain strapDuo magnetic snap closure hidden under flapBlack metal branded plate on the backCan fit phones up to 7 inchesSmall internal lining pocketPlease take extra care when styling this piece with delicate fabricsOuter: FabricInterior: Monogrammed interior liningStyle number: 9546600609",188.00,188.00,https://kg-static-cache.s3.amazonaws.com/catalog/product/cache/thumbnail/2000x2000/9/5/9546600609_20.jpg?v=1&width=800,Womens> Bags>  Crossbody,Womens> Bags>  Crossbody,02/09/2026,https://kg-static-cache.s3.amazonaws.com/catalog/product/cache/thumbnail/2000x2000/9/5/9546600609_20.jpg?v=1&width=800,TRUE,,5618,IN STOCK,,,BLACK,,,4,TRUE,TRUE,FALSE
Kurt Geiger London,7386000109,7386000109,7386000109,xxl kensington drench bag,https://www.kurtgeiger.us/women/bags/shoulder-bags/xxl-kensington-drench-black-leather-kurt-geiger-london?utm_source=display&utm_medium=programmatic&utm_campaign=performance&utm_content=rtg,"The Extra Large Kensington Drench Purse is crafted from a soft lambskin leather with signature parquet padded overstitch quilt with three rows of weave pattern. The black metal Eagle head features jet black crystals and black crystal eyes on the front flap.&nbsp;9.4in (H), 15in (L), 5.5in (D)Strap drop cross body: 42inStrap drop shoulder: 25.5inBlack metal chain strap with two padded leather insertsDuo magnetic snap closure hidden under flapSilver foil embossed logo on the backCan fit phones up to 7 inchesTwo interior compartments with small internal lining pocketOuter: Lambskin leatherInterior: Monogrammed interior liningStyle number:&nbsp;7386000109","The Extra Large Kensington Drench Purse is crafted from a soft lambskin leather with signature parquet padded overstitch quilt with three rows of weave pattern. The black metal Eagle head features jet black crystals and black crystal eyes on the front flap.&nbsp;9.4in (H), 15in (L), 5.5in (D)Strap drop cross body: 42inStrap drop shoulder: 25.5inBlack metal chain strap with two padded leather insertsDuo magnetic snap closure hidden under flapSilver foil embossed logo on the backCan fit phones up to 7 inchesTwo interior compartments with small internal lining pocketOuter: Lambskin leatherInterior: Monogrammed interior liningStyle number:&nbsp;7386000109",348.00,348.00,https://kg-static-cache.s3.amazonaws.com/catalog/product/cache/thumbnail/2000x2000/7/3/7386000109_20.jpg?v=1&width=800,Womens> Bags> Crossbody,Womens> Bags> Crossbody,02/09/2026,https://kg-static-cache.s3.amazonaws.com/catalog/product/cache/thumbnail/2000x2000/7/3/7386000109_20.jpg?v=1&width=800,TRUE,,411,IN STOCK,,,BLACK,,,28,TRUE,TRUE,FALSE
Kurt Geiger London,6318953999,6318953999,6318953999,kensington slippers,https://www.kurtgeiger.us/women/shoes/flats/kensington-slippers-pale-pink-others-kurt-geiger-london-6318953999?utm_source=display&utm_medium=programmatic&utm_campaign=performance&utm_content=rtg,This pair of Kensington Slippers feature a pale pink furry shearling style faux fur upper with a gold crystal embellished eagle head sat on the toe. The lining is in a pale pink faux shearling.Material: FabricStyle number: 6318953999,This pair of Kensington Slippers feature a pale pink furry shearling style faux fur upper with a gold crystal embellished eagle head sat on the toe. The lining is in a pale pink faux shearling.Material: FabricStyle number: 6318953999,98.00,98.00,https://kg-static-cache.s3.amazonaws.com/catalog/product/cache/thumbnail/2000x2000/6/3/6318953999_20.jpg?v=1&width=800,Womens> Shoes,Womens> Shoes,02/09/2026,https://kg-static-cache.s3.amazonaws.com/catalog/product/cache/thumbnail/2000x2000/6/3/6318953999_20.jpg?v=1&width=800,TRUE,,2864,IN STOCK,,,Pink,,,14,TRUE,TRUE,FALSE
Kurt Geiger London,7376600109,7376600109,7376600109,mini kensington drench bag,https://www.kurtgeiger.us/women/bags/shoulder-bags/mini-kensington-drench-black-leather-kurt-geiger-london?utm_source=display&utm_medium=programmatic&utm_campaign=performance&utm_content=rtg,"The Mini Kensington Drench Purse is crafted from a soft lambskin leather with signature parquet padded overstitch quilt with three rows of weave pattern. The black metal Eagle head features jet black crystals and black crystal eyes on the front flap.&nbsp;5.5in (H), 7.9in (L), 2.4in (D)Strap drop cross body: 47.2inStrap drop shoulder: 30.3inBlack metal chain strapDuo magnetic snap closure hidden under flapSilver foil embossed logo on the backCan fit phones up to 7 inchesSmall internal lining pocketOuter: Lambskin leatherInterior: Monogrammed interior liningStyle Number: 7376600109","The Mini Kensington Drench Purse is crafted from a soft lambskin leather with signature parquet padded overstitch quilt with three rows of weave pattern. The black metal Eagle head features jet black crystals and black crystal eyes on the front flap.&nbsp;5.5in (H), 7.9in (L), 2.4in (D)Strap drop cross body: 47.2inStrap drop shoulder: 30.3inBlack metal chain strapDuo magnetic snap closure hidden under flapSilver foil embossed logo on the backCan fit phones up to 7 inchesSmall internal lining pocketOuter: Lambskin leatherInterior: Monogrammed interior liningStyle Number: 7376600109",218.00,218.00,https://kg-static-cache.s3.amazonaws.com/catalog/product/cache/thumbnail/2000x2000/7/3/7376600109_20.jpg?v=1&width=800,Womens> Bags> Crossbody,Womens> Bags> Crossbody,02/09/2026,https://kg-static-cache.s3.amazonaws.com/catalog/product/cache/thumbnail/2000x2000/7/3/7376600109_20.jpg?v=1&width=800,TRUE,,4225,IN STOCK,,,BLACK,,,7,TRUE,TRUE,FALSE
Kurt Geiger London,8885588669,8885588669,8885588669,mini denim kensington bag,https://www.kurtgeiger.us/women/bags/mini/mini-kensington-soft-bag-denim-denim-kurt-geiger-london-8885588669?utm_source=display&utm_medium=programmatic&utm_campaign=performance&utm_content=rtg,"This Mini Kensington purse is crafted from an acid wash denim in weave print. The antiqued brass eagle head features crystals on the front flap.5.5in (H), 7.9in (L), 2.4in (D)Strap drop cross body: 47.2inStrap drop shoulder: 30.3inAntiqued brass chain strapDuo magnetic snap closure hidden under flapAntiqued brass branded metal plate on the backCan fit phones up to 7 inchesSmall internal lining pocketMaterial: DenimInterior: Monogrammed interior liningStyle number: 8885588669","This Mini Kensington purse is crafted from an acid wash denim in weave print. The antiqued brass eagle head features crystals on the front flap.5.5in (H), 7.9in (L), 2.4in (D)Strap drop cross body: 47.2inStrap drop shoulder: 30.3inAntiqued brass chain strapDuo magnetic snap closure hidden under flapAntiqued brass branded metal plate on the backCan fit phones up to 7 inchesSmall internal lining pocketMaterial: DenimInterior: Monogrammed interior liningStyle number: 8885588669",148.00,148.00,https://kg-static-cache.s3.amazonaws.com/catalog/product/cache/thumbnail/2000x2000/8/8/8885588669_20.jpg?v=1&width=800,Womens> Bags>  Crossbody,Womens> Bags>  Crossbody,02/09/2026,https://kg-static-cache.s3.amazonaws.com/catalog/product/cache/thumbnail/2000x2000/8/8/8885588669_20.jpg?v=1&width=800,TRUE,,5398,IN STOCK,,,Blue,,,5,TRUE,TRUE,FALSE
Kurt Geiger London,5785841109,5785841109,5785841109,macro kensington bag,https://www.kurtgeiger.us/women/bags/shoulder-bags/macro-kensington-bone-leather-kurt-geiger-london-5785841109?utm_source=display&utm_medium=programmatic&utm_campaign=performance&utm_content=rtg,"The Macro Drench Kensington Bag is crafted from a soft lambskin leather with overstitch quilting. The extra large antiqued brass metal eagle head features crystals and black eyes on the front flap.&nbsp;32cm (H), 49cm (L), 14cm (D)Strap drop cross body: 103cmStrap drop shoulder: 65cmAntiqued brass shoulder strap with two padded leather insertsDuo magnetic snap closure hidden under flapAntiqued brass branded metal plate on the backTwo interior compartments with small internal lining pocketOuter: Lambskin leatherInterior: Monogrammed interior liningStyle number:&nbsp;5785841109","The Macro Drench Kensington Bag is crafted from a soft lambskin leather with overstitch quilting. The extra large antiqued brass metal eagle head features crystals and black eyes on the front flap.&nbsp;32cm (H), 49cm (L), 14cm (D)Strap drop cross body: 103cmStrap drop shoulder: 65cmAntiqued brass shoulder strap with two padded leather insertsDuo magnetic snap closure hidden under flapAntiqued brass branded metal plate on the backTwo interior compartments with small internal lining pocketOuter: Lambskin leatherInterior: Monogrammed interior liningStyle number:&nbsp;5785841109",578.00,578.00,https://kg-static-cache.s3.amazonaws.com/catalog/product/cache/thumbnail/2000x2000/5/7/5785841109_20.jpg?v=1&width=800,Womens> Bags>  Shoulder,Womens> Bags>  Shoulder,02/09/2026,https://kg-static-cache.s3.amazonaws.com/catalog/product/cache/thumbnail/2000x2000/5/7/5785841109_20.jpg?v=1&width=800,TRUE,,77,IN STOCK,,,White,,,30,TRUE,TRUE,FALSE
Kurt Geiger London,7400200979,7400200979,7400200979,meena eagle slide,https://www.kurtgeiger.us/women/shoes/sandals/slides/meena-eagle-black-synthetic-kurt-geiger-london?utm_source=display&utm_medium=programmatic&utm_campaign=performance&utm_content=rtg,The Meena Eagle sandal arrives in a black slide on style. The strap is quilted and topped with antiqued brass Eagle head.Material: TextileMoulded footbedStyle number: 7400200979,The Meena Eagle sandal arrives in a black slide on style. The strap is quilted and topped with antiqued brass Eagle head.Material: TextileMoulded footbedStyle number: 7400200979,98.00,98.00,https://kg-static-cache.s3.amazonaws.com/catalog/product/cache/thumbnail/2000x2000/7/4/7400200979_20.jpg?v=1&width=800,Womens> Shoes> Sandals,Womens> Shoes> Sandals,02/09/2026,https://kg-static-cache.s3.amazonaws.com/catalog/product/cache/thumbnail/2000x2000/7/4/7400200979_20.jpg?v=1&width=800,TRUE,,4955,IN STOCK,,,BLACK,,,6,TRUE,TRUE,FALSE
Kurt Geiger London,6318991999,6318991999,6318991999,kensington slippers,https://www.kurtgeiger.us/women/shoes/flats/kensington-slippers-orange-others-kurt-geiger-london-6318991999?utm_source=display&utm_medium=programmatic&utm_campaign=performance&utm_content=rtg,This pair of Kensington Slippers feature a orange shearling style faux fur upper with a gold crystal embellished eagle head sat on the toe. The lining is in a blue faux shearling.Material: FabricStyle number: 6318991999,This pair of Kensington Slippers feature a orange shearling style faux fur upper with a gold crystal embellished eagle head sat on the toe. The lining is in a blue faux shearling.Material: FabricStyle number: 6318991999,98.00,98.00,https://kg-static-cache.s3.amazonaws.com/catalog/product/cache/thumbnail/2000x2000/6/3/6318991999_20.jpg?v=1&width=800,Womens> Shoes>  Slippers,Womens> Shoes>  Slippers,02/09/2026,https://kg-static-cache.s3.amazonaws.com/catalog/product/cache/thumbnail/2000x2000/6/3/6318991999_20.jpg?v=1&width=800,TRUE,,2943,IN STOCK,,,ORANGE,,,12,TRUE,TRUE,FALSE
Kurt Geiger London,9540501609,9540501609,9540501609,small shoreditch bow bag,https://www.kurtgeiger.us/women/bags/shoulder-bags/shoreditch-sm-cross-body-black-white-fabric-kurt-geiger-london-9540501609?utm_source=display&utm_medium=programmatic&utm_campaign=performance&utm_content=rtg,"The Small Shoreditch Cross Body is crafted from a soft black velvet. The front flap is topped with crystal embellished bow with a silver Eagle head in the centre.5.3in (H), 7.8in (L), 2.3in (D)Strap drop: 50inSilver chain strap fed through two crystal bridgesDuo magnetic snap closure hidden under flapSilver branded plate on the backExterior flat pocket on the backCan fit phones up to 7 inchesInterior divided into two main compartmentsInterior pocket with removable mirrorOuter: LeatherInterior: Faux leather liningStyle number: 9540501609","The Small Shoreditch Cross Body is crafted from a soft black velvet. The front flap is topped with crystal embellished bow with a silver Eagle head in the centre.5.3in (H), 7.8in (L), 2.3in (D)Strap drop: 50inSilver chain strap fed through two crystal bridgesDuo magnetic snap closure hidden under flapSilver branded plate on the backExterior flat pocket on the backCan fit phones up to 7 inchesInterior divided into two main compartmentsInterior pocket with removable mirrorOuter: LeatherInterior: Faux leather liningStyle number: 9540501609",288.00,288.00,https://kg-static-cache.s3.amazonaws.com/catalog/product/cache/thumbnail/2000x2000/9/5/9540501609_20.jpg?v=1&width=800,Womens> Bags>  Crossbody,Womens> Bags>  Crossbody,02/09/2026,https://kg-static-cache.s3.amazonaws.com/catalog/product/cache/thumbnail/2000x2000/9/5/9540501609_20.jpg?v=1&width=800,TRUE,,1370,IN STOCK,,,Black,,,17,TRUE,TRUE,FALSE
Kurt Geiger London,7146300109,7146300109,7146300109,kensington heart bag,https://www.kurtgeiger.us/women/bags/crossbody-bags/kensington-heart-x-body-black-leather-kurt-geiger-london-7146300109?utm_source=display&utm_medium=programmatic&utm_campaign=performance&utm_content=rtg,"The Kensington Heart Bag is crafted from a soft lambskin leather with weave patterns. The antiqued silver Eagle head features silver crystals and black bead eyes on the front flap.&nbsp;5.9in (H), 6.6in (L), 2.1in (D)Strap drop cross body: 51.1inAntiqued silver chain strapAntiqued silver branded plate on the backOuter: Lambskin leatherInterior: Monogrammed interior liningStyle number: 7146300109","The Kensington Heart Bag is crafted from a soft lambskin leather with weave patterns. The antiqued silver Eagle head features silver crystals and black bead eyes on the front flap.&nbsp;5.9in (H), 6.6in (L), 2.1in (D)Strap drop cross body: 51.1inAntiqued silver chain strapAntiqued silver branded plate on the backOuter: Lambskin leatherInterior: Monogrammed interior liningStyle number: 7146300109",188.00,188.00,https://kg-static-cache.s3.amazonaws.com/catalog/product/cache/thumbnail/2000x2000/7/1/7146300109_20.jpg?v=1&width=800,Womens> Bags> Crossbody,Womens> Bags> Crossbody,02/09/2026,https://kg-static-cache.s3.amazonaws.com/catalog/product/cache/thumbnail/2000x2000/7/1/7146300109_20.jpg?v=1&width=800,TRUE,,4205,IN STOCK,,,BLACK,,,9,TRUE,TRUE,FALSE
Kurt Geiger London,8496100309,8496100309,8496100309,kensington flat sandal,https://www.kurtgeiger.us/women/shoes/sandals/slides/kensington-flat-sandal-black-patent-kurt-geiger-london?utm_source=display&utm_medium=programmatic&utm_campaign=performance&utm_content=rtg,"The Kensington Flat Sandal, an addition to the Kensington Collection, is crafted from a patent leather with overstitch quilt in a weave pattern. The gold Eagle head features gold crystals and black bead eyes on the strap.Material: Patent leatherStyle number: 8496100309","The Kensington Flat Sandal, an addition to the Kensington Collection, is crafted from a patent leather with overstitch quilt in a weave pattern. The gold Eagle head features gold crystals and black bead eyes on the strap.Material: Patent leatherStyle number: 8496100309",148.00,148.00,https://kg-static-cache.s3.amazonaws.com/catalog/product/cache/thumbnail/2000x2000/8/4/8496100309_20.jpg?v=1&width=800,Womens> Shoes> Sandals,Womens> Shoes> Sandals,02/09/2026,https://kg-static-cache.s3.amazonaws.com/catalog/product/cache/thumbnail/2000x2000/8/4/8496100309_20.jpg?v=1&width=800,TRUE,,543,IN STOCK,,,BLACK,,,26,TRUE,TRUE,FALSE
Kurt Geiger London,7146388669,7146388669,7146388669,kensington heart bag,https://www.kurtgeiger.us/women/bags/shoulder-bags/kensington-heart-x-body-denim-denim-kurt-geiger-london-7146388669?utm_source=display&utm_medium=programmatic&utm_campaign=performance&utm_content=rtg,"The Kensington Heart Purse is crafted from a bleached denim in a woven effect. The antiqued brass eagle head features crystals and black bead eyes on the front.5.9in (H), 6.6in (L), 2.1in (D)Strap drop cross body: 51.1inAntiqued brass chain strapAntiqued brass zip closureAntiqued brass branded plate on the backOuter: DenimInterior: Monogrammed interior liningStyle number: 7146388669","The Kensington Heart Purse is crafted from a bleached denim in a woven effect. The antiqued brass eagle head features crystals and black bead eyes on the front.5.9in (H), 6.6in (L), 2.1in (D)Strap drop cross body: 51.1inAntiqued brass chain strapAntiqued brass zip closureAntiqued brass branded plate on the backOuter: DenimInterior: Monogrammed interior liningStyle number: 7146388669",148.00,148.00,https://kg-static-cache.s3.amazonaws.com/catalog/product/cache/thumbnail/2000x2000/7/1/7146388669_20.jpg?v=1&width=800,Womens> Bags>  Crossbody,Womens> Bags>  Crossbody,02/09/2026,https://kg-static-cache.s3.amazonaws.com/catalog/product/cache/thumbnail/2000x2000/7/1/7146388669_20.jpg?v=1&width=800,TRUE,,420,IN STOCK,,,Blue,,,27,TRUE,TRUE,FALSE
Kurt Geiger London,6290005109,6290005109,6290005109,kensington 17 bag,https://www.kurtgeiger.us/women/bags/shoulder-bags/kensington-17-black-combination-leather-kurt-geiger-london-6290005109?utm_source=display&utm_medium=programmatic&utm_campaign=performance&utm_content=rtg,"This Kensington 17 bag is crafted from a black leather with overstitched quilting in a chevron and weave pattern. There is an antiqued brass eagle head sat on the front flap.10cm (H), 17cm (L), 5cm (D)Strap length: 65cmAntiqued brass metal chain cross body strapTwo magnetic snap closures under front flapAntiqued brass branded plate on the backMaterial: LeatherStyle number: 6290005109","This Kensington 17 bag is crafted from a black leather with overstitched quilting in a chevron and weave pattern. There is an antiqued brass eagle head sat on the front flap.10cm (H), 17cm (L), 5cm (D)Strap length: 65cmAntiqued brass metal chain cross body strapTwo magnetic snap closures under front flapAntiqued brass branded plate on the backMaterial: LeatherStyle number: 6290005109",188.00,188.00,https://kg-static-cache.s3.amazonaws.com/catalog/product/cache/thumbnail/2000x2000/6/2/6290005109_20.jpg?v=1&width=800,Womens> Bags>  Crossbody,Womens> Bags>  Crossbody,02/09/2026,https://kg-static-cache.s3.amazonaws.com/catalog/product/cache/thumbnail/2000x2000/6/2/6290005109_20.jpg?v=1&width=800,TRUE,,42,IN STOCK,,,Black,,,31,TRUE,TRUE,FALSE
Kurt Geiger London,5579400109,5579400109,5579400109,pickle drench shoulder bag,https://www.kurtgeiger.us/women/bags/shoulder-bags/pickle-shoulder-bag-dr-black-leather-kurt-geiger-london-5579400109?utm_source=display&utm_medium=programmatic&utm_campaign=performance&utm_content=rtg,"This Pickle Drench Shoulder Purse is crafted from a soft black lambskin leather with three rows of overstitch quilting. There is a black metal eagle head with crystals sat on the front flap.3.9in (H), 7.8in (L), 2.3in (D)Strap length cross body: 50.3inStrap length shoulder: 21.6inWith two removable straps, this purse can be worn in multiple ways including as a wristlet, across the body, on the shoulder and as a clutchMagnetic flap closure under the flapCan fit phones up to 7inchesMaterial: LeatherStyle number: 5579400109","This Pickle Drench Shoulder Purse is crafted from a soft black lambskin leather with three rows of overstitch quilting. There is a black metal eagle head with crystals sat on the front flap.3.9in (H), 7.8in (L), 2.3in (D)Strap length cross body: 50.3inStrap length shoulder: 21.6inWith two removable straps, this purse can be worn in multiple ways including as a wristlet, across the body, on the shoulder and as a clutchMagnetic flap closure under the flapCan fit phones up to 7inchesMaterial: LeatherStyle number: 5579400109",158.00,158.00,https://kg-static-cache.s3.amazonaws.com/catalog/product/cache/thumbnail/2000x2000/5/5/5579400109_20.jpg?v=1&width=800,Womens> Bags>  Shoulder,Womens> Bags>  Shoulder,02/09/2026,https://kg-static-cache.s3.amazonaws.com/catalog/product/cache/thumbnail/2000x2000/5/5/5579400109_20.jpg?v=1&width=800,TRUE,,181,IN STOCK,,,BLACK,,,29,TRUE,TRUE,FALSE
Kurt Geiger London,7387500109,7387500109,7387500109,kensington drench bag,https://www.kurtgeiger.us/women/bags/shoulder-bags/kensington-bag-drench-black-leather-kurt-geiger-london?utm_source=display&utm_medium=programmatic&utm_campaign=performance&utm_content=rtg,"The Kensington Drench Bag is crafted from a soft lambskin leather with signature parquet padded overstitch quilt with three rows of weave pattern. The black metal Eagle head features jet black crystals and black crystal eyes on the front flap.&nbsp;6.7in (H), 10.2in (L), 3.1in (D)Strap drop cross body: 43.7inStrap drop shoulder: 25.2inBlack metal chain strap with two padded leather insertsDuo magnetic snap closure hidden under flapSilver foil embossed logo on the backCan fit phones up to 7 inchesTwo interior compartments with small internal lining pocketOuter: Lambskin leatherInterior: Monogrammed interior liningStyle number: 7387500109","The Kensington Drench Bag is crafted from a soft lambskin leather with signature parquet padded overstitch quilt with three rows of weave pattern. The black metal Eagle head features jet black crystals and black crystal eyes on the front flap.&nbsp;6.7in (H), 10.2in (L), 3.1in (D)Strap drop cross body: 43.7inStrap drop shoulder: 25.2inBlack metal chain strap with two padded leather insertsDuo magnetic snap closure hidden under flapSilver foil embossed logo on the backCan fit phones up to 7 inchesTwo interior compartments with small internal lining pocketOuter: Lambskin leatherInterior: Monogrammed interior liningStyle number: 7387500109",278.00,278.00,https://kg-static-cache.s3.amazonaws.com/catalog/product/cache/thumbnail/2000x2000/7/3/7387500109_20.jpg?v=1&width=800,Womens> Bags> Shoulder,Womens> Bags> Shoulder,02/09/2026,https://kg-static-cache.s3.amazonaws.com/catalog/product/cache/thumbnail/2000x2000/7/3/7387500109_20.jpg?v=1&width=800,TRUE,,2877,IN STOCK,,,BLACK,,,13,TRUE,TRUE,FALSE
Kurt Geiger London,5579200109,5579200109,5579200109,pickle shoulder bag,https://www.kurtgeiger.us/women/bags/shoulder-bags/pickle-shoulder-bag-black-leather-kurt-geiger-london-5579200109?utm_source=display&utm_medium=programmatic&utm_campaign=performance&utm_content=rtg,"This Pickle Shoulder Bag is crafted from a soft black lambskin leather with overstitch quilting detail. There is an antiqued brass metal eagle head with crystals sat on the front flap.10cm (H), 20cm (L), 6cm (D)Strap length cross body: 128cmStrap length shoulder: 55cmWith two removable straps, this bag can be worn in multiple ways including as a wristlet, across the body, on the shoulder and as a clutchOptional leather cross body strapMagnetic flap closure under the flapZip closureCan fit phones up to 7inchesMaterial: LeatherStyle number: 5579200109","This Pickle Shoulder Bag is crafted from a soft black lambskin leather with overstitch quilting detail. There is an antiqued brass metal eagle head with crystals sat on the front flap.10cm (H), 20cm (L), 6cm (D)Strap length cross body: 128cmStrap length shoulder: 55cmWith two removable straps, this bag can be worn in multiple ways including as a wristlet, across the body, on the shoulder and as a clutchOptional leather cross body strapMagnetic flap closure under the flapZip closureCan fit phones up to 7inchesMaterial: LeatherStyle number: 5579200109",158.00,158.00,https://kg-static-cache.s3.amazonaws.com/catalog/product/cache/thumbnail/2000x2000/5/5/5579200109_20.jpg?v=1&width=800,Womens> Bags>  Shoulder,Womens> Bags>  Shoulder,02/09/2026,https://kg-static-cache.s3.amazonaws.com/catalog/product/cache/thumbnail/2000x2000/5/5/5579200109_20.jpg?v=1&width=800,TRUE,,746,IN STOCK,,,BLACK,,,22,TRUE,TRUE,FALSE
Kurt Geiger London,5585399999,5585399999,5585399999,small jelly tote bag,https://www.kurtgeiger.us/women/bags/tote-bags/jelly-sm-tote-bag-other-others-kurt-geiger-london-5585399999?utm_source=display&utm_medium=programmatic&utm_campaign=performance&utm_content=rtg,"This Small Jelly Tote Purse is crafted from a clear vinyl jelly mesh fabric. There is an inner pouch in a rainbow diamond fabric matching the satin scarf wrapped around the handle.7.8in (H), 10.2in (L), 4.3in (D)Strap length: 51inOptional cross body strapPink pebble grain tabKURT branding on the front&nbsp;Can fit phones up to 6inchesMaterial: VinylStyle number: 5585399999","This Small Jelly Tote Purse is crafted from a clear vinyl jelly mesh fabric. There is an inner pouch in a rainbow diamond fabric matching the satin scarf wrapped around the handle.7.8in (H), 10.2in (L), 4.3in (D)Strap length: 51inOptional cross body strapPink pebble grain tabKURT branding on the front&nbsp;Can fit phones up to 6inchesMaterial: VinylStyle number: 5585399999",198.00,198.00,https://kg-static-cache.s3.amazonaws.com/catalog/product/cache/thumbnail/2000x2000/5/5/5585399999_20.jpg?v=1&width=800,Womens> Bags>  Tote,Womens> Bags>  Tote,02/09/2026,https://kg-static-cache.s3.amazonaws.com/catalog/product/cache/thumbnail/2000x2000/5/5/5585399999_20.jpg?v=1&width=800,TRUE,,823,IN STOCK,,,,,,20,TRUE,TRUE,FALSE
Kurt Geiger London,7146369109,7146369109,7146369109,kensington heart bag,https://www.kurtgeiger.us/women/bags/crossbody-bags/kensington-heart-x-body-multiother-leather-kurt-geiger-london?utm_source=display&utm_medium=programmatic&utm_campaign=performance&utm_content=rtg,"The Kensington Heart Bag is crafted from a metallic laminated pebble grain cow leather in the iconic diagonal rainbow sewn stripe pattern. The antiqued silver Eagle head features rainbow colored crystals and black bead eyes on the front.5.9in (H), 6.6in (L), 2.1in (D)Strap drop cross body: 51.1inAntiqued silver chain strapDuo magnetic snap closure hidden under flapAntiqued silver branded plate on the backOuter: Pebble grain cow leatherInterior: Monogrammed interior liningStyle number: 7146369109","The Kensington Heart Bag is crafted from a metallic laminated pebble grain cow leather in the iconic diagonal rainbow sewn stripe pattern. The antiqued silver Eagle head features rainbow colored crystals and black bead eyes on the front.5.9in (H), 6.6in (L), 2.1in (D)Strap drop cross body: 51.1inAntiqued silver chain strapDuo magnetic snap closure hidden under flapAntiqued silver branded plate on the backOuter: Pebble grain cow leatherInterior: Monogrammed interior liningStyle number: 7146369109",188.00,188.00,https://kg-static-cache.s3.amazonaws.com/catalog/product/cache/thumbnail/2000x2000/7/1/7146369109_20.jpg?v=1&width=800,Womens> Bags> Crossbody,Womens> Bags> Crossbody,02/09/2026,https://kg-static-cache.s3.amazonaws.com/catalog/product/cache/thumbnail/2000x2000/7/1/7146369109_20.jpg?v=1&width=800,TRUE,,4219,IN STOCK,,,Multi-Coloured,,,8,TRUE,TRUE,FALSE
Kurt Geiger London,8894900109,8894900109,8894900109,small kensington drench camera bag,https://www.kurtgeiger.us/women/bags/crossbody-bags/kensington-sm-camera-drch-black-leather-kurt-geiger-london?utm_source=display&utm_medium=programmatic&utm_campaign=performance&utm_content=rtg,"The Kensington Small Camera Drench is crafted from a soft lambskin leather with signature parquet padded overstitch quilt with three rows of weave pattern. The black metal Eagle head features jet black crystals and black crystal eyes on the front flap.&nbsp;4.7in (H), 7.4in (L), 2.3in (D)Strap drop: 42.5inAdjustable black woven cross body strapBranded black metal zipper pull with leather tab detailBlack metal branded plate on the backExterior flat pocket on the backCan fit phones up to 7 inchesSmall internal lining pocketOuter: Lambskin leatherInterior: Monogrammed interior liningStyle number: 8894900109","The Kensington Small Camera Drench is crafted from a soft lambskin leather with signature parquet padded overstitch quilt with three rows of weave pattern. The black metal Eagle head features jet black crystals and black crystal eyes on the front flap.&nbsp;4.7in (H), 7.4in (L), 2.3in (D)Strap drop: 42.5inAdjustable black woven cross body strapBranded black metal zipper pull with leather tab detailBlack metal branded plate on the backExterior flat pocket on the backCan fit phones up to 7 inchesSmall internal lining pocketOuter: Lambskin leatherInterior: Monogrammed interior liningStyle number: 8894900109",198.00,198.00,https://kg-static-cache.s3.amazonaws.com/catalog/product/cache/thumbnail/2000x2000/8/8/8894900109_20.jpg?v=1&width=800,Womens> Bags> Shoulder,Womens> Bags> Shoulder,02/09/2026,https://kg-static-cache.s3.amazonaws.com/catalog/product/cache/thumbnail/2000x2000/8/8/8894900109_20.jpg?v=1&width=800,TRUE,,781,IN STOCK,,,BLACK,,,21,TRUE,TRUE,FALSE
