prclient,prid,prid_filtered,pridfiltered,prname,prurl,prshortdescription,prdescription,prdisplayprice,prprice,primageurl,prcategory,prsubcategory,prcreatedon,pralternativeurl,prbestseller,prsku,pravailablequantity,pravailability,prquantitysold,prsize,prcolor,prcountry,prfromprice,prposition,isactive,isdefault,pronsale
Kg Kurt Geiger,5823124109,5823124109,5823124109,KG Kurt Geiger Women's Flats Blush Leather Marnie,https://www.shoeaholics.com/women/shoes/flats/marnie-blush-leather-kg-kurt-geiger-5823124109?utm_source=display&utm_medium=programmatic&utm_campaign=performance&utm_content=rtg,"Blush Slip On Flat Loafer, Blush","Blush Slip On Flat Loafer, Blush",39.00,149.00,https://kg-static-cache.s3.amazonaws.com/catalog/product/cache/thumbnail/1622x1622/5/8/5823124109.jpg?v=1&width=800,Women > Shoes > Flats,Women > Shoes > Flats,10/09/2026,,FALSE,,9,IN STOCK,,,Blush,,,131,TRUE,TRUE,TRUE
Steve Madden,5865339979,5865339979,5865339979,Steve Madden Grove Brown,https://www.shoeaholics.com/women/shoes/flats/grove2-0-tor-brown-other-synthetic-steve-madden-5865339979?utm_source=display&utm_medium=programmatic&utm_campaign=performance&utm_content=rtg,"Womens Steve Madden Grove Brown """", 7 Uk","Womens Steve Madden Grove Brown """", 7 Uk",59.00,80.00,https://kg-static-cache.s3.amazonaws.com/catalog/product/cache/thumbnail/1622x1622/5/8/5865339979.jpg?v=1&width=800,Women > Shoes > Flats,Women > Shoes > Flats,10/09/2026,,FALSE,,40,IN STOCK,,,,,,82,TRUE,TRUE,TRUE
Carvela,6423000979,6423000979,6423000979,Carvela Women's Flats Black Synthetic Sky Bow,https://www.shoeaholics.com/women/shoes/flats/sky-bow-black-synthetic-carvela-6423000979?utm_source=display&utm_medium=programmatic&utm_campaign=performance&utm_content=rtg,"Womens Carvela Sky Bow Flat """", 5 Uk, Black","Womens Carvela Sky Bow Flat """", 5 Uk, Black",89.00,129.00,https://kg-static-cache.s3.amazonaws.com/catalog/product/cache/thumbnail/1622x1622/6/4/6423000979.jpg?v=1&width=800,Women > Shoes > Flats,Women > Shoes > Flats,10/09/2026,,FALSE,,183,IN STOCK,,,Black,,,29,TRUE,TRUE,TRUE
Carvela,5279648309,5279648309,5279648309,Carvela Women's Loafer Camel Patent Noce,https://www.shoeaholics.com/women/shoes/flats/noce-loafer-camel-patent-carvela-5279648309?utm_source=display&utm_medium=programmatic&utm_campaign=performance&utm_content=rtg,"Patent Camel Slip On Loafer, Camel","Patent Camel Slip On Loafer, Camel",29.00,99.00,https://kg-static-cache.s3.amazonaws.com/catalog/product/cache/thumbnail/1622x1622/5/2/5279648309.jpg?v=1&width=800,Women > Shoes > Flats,Women > Shoes > Flats,10/09/2026,,FALSE,,22,IN STOCK,,,Tan,,,101,TRUE,TRUE,TRUE
Kg Kurt Geiger,6297300309,6297300309,6297300309,Kg Kurt Geiger Mila Loafer,https://www.shoeaholics.com/women/shoes/flats/mila-black-patent-kg-kurt-geiger-6297300309?utm_source=display&utm_medium=programmatic&utm_campaign=performance&utm_content=rtg,"Womens Kg Kurt Geiger Mila Loafer """", 9 Uk, Black","Womens Kg Kurt Geiger Mila Loafer """", 9 Uk, Black",89.00,129.00,https://kg-static-cache.s3.amazonaws.com/catalog/product/cache/thumbnail/1622x1622/6/2/6297300309.jpg?v=1&width=800,Women > Shoes > Flats,Women > Shoes > Flats,10/09/2026,,FALSE,,256,IN STOCK,,,Black,,,10,TRUE,TRUE,TRUE
Kg Kurt Geiger,5711741109,5711741109,5711741109,KG Kurt Geiger Women's Bone Leather Nora,https://www.shoeaholics.com/women/shoes/flats/nora-bone-leather-kg-kurt-geiger-5711741109?utm_source=display&utm_medium=programmatic&utm_campaign=performance&utm_content=rtg,"Bone Leather Ballet Flat, Bone","Bone Leather Ballet Flat, Bone",79.00,129.00,https://kg-static-cache.s3.amazonaws.com/catalog/product/cache/thumbnail/1622x1622/5/7/5711741109.jpg?v=1&width=800,Women > Shoes > Flats,Women > Shoes > Flats,10/09/2026,,FALSE,,50,IN STOCK,,,White,,,80,TRUE,TRUE,TRUE
Carvela,5897800109,5897800109,5897800109,Carvela Snap Wide Fit,https://www.shoeaholics.com/women/shoes/flats/snap-wide-fit-black-leather-carvela-5897800109?utm_source=display&utm_medium=programmatic&utm_campaign=performance&utm_content=rtg,"Womens Carvela Snap Wide Fit """", 4 Uk, Black","Womens Carvela Snap Wide Fit """", 4 Uk, Black",79.00,139.00,https://kg-static-cache.s3.amazonaws.com/catalog/product/cache/thumbnail/1622x1622/5/8/5897800109.jpg?v=1&width=800,Women > Shoes > Flats,Women > Shoes > Flats,10/09/2026,,FALSE,,42,IN STOCK,,,Black,,,81,TRUE,TRUE,TRUE
Kg Kurt Geiger,5922850829,5922850829,5922850829,KG Kurt Geiger Women's Flats Red Synthetic Nauru,https://www.shoeaholics.com/women/shoes/flats/nauru-red-polyurethane-kg-kurt-geiger-5922850829?utm_source=display&utm_medium=programmatic&utm_campaign=performance&utm_content=rtg,"Red Mesh Ballet Flats, Red","Red Mesh Ballet Flats, Red",59.00,79.00,https://kg-static-cache.s3.amazonaws.com/catalog/product/cache/thumbnail/1622x1622/5/9/5922850829.jpg?v=1&width=800,Women > Shoes > Flats,Women > Shoes > Flats,10/09/2026,,FALSE,,10,IN STOCK,,,Red,,,127,TRUE,TRUE,TRUE
Carvela,5710310109,5710310109,5710310109,Carvela Women's Flat Loafer White Leather Fiasco,https://www.shoeaholics.com/women/shoes/flats/fiasco-white-leather-carvela-5710310109?utm_source=display&utm_medium=programmatic&utm_campaign=performance&utm_content=rtg,"White Slip On Loafer, White","White Slip On Loafer, White",49.00,119.00,https://kg-static-cache.s3.amazonaws.com/catalog/product/cache/thumbnail/1622x1622/5/7/5710310109.jpg?v=1&width=800,Women > Shoes > Flats,Women > Shoes > Flats,10/09/2026,,FALSE,,7,IN STOCK,,,White,,,139,TRUE,TRUE,TRUE
Kg Kurt Geiger,5823105019,5823105019,5823105019,KG Kurt Geiger Women's Flats Black Combination Marnie,https://www.shoeaholics.com/women/shoes/flats/marnie-black-combination-leather-other-kg-kurt-geiger-5823105019?utm_source=display&utm_medium=programmatic&utm_campaign=performance&utm_content=rtg,"Black Leather Slip On Loafer, Black","Black Leather Slip On Loafer, Black",109.00,149.00,https://kg-static-cache.s3.amazonaws.com/catalog/product/cache/thumbnail/1622x1622/5/8/5823105019.jpg?v=1&width=800,Women > Shoes > Flats,Women > Shoes > Flats,10/09/2026,,FALSE,,166,IN STOCK,,,Black,,,36,TRUE,TRUE,TRUE
Kg Kurt Geiger,5823161109,5823161109,5823161109,KG Kurt Geiger Women's Flats Gold Leather Marnie,https://www.shoeaholics.com/women/shoes/flats/marnie-gold-leather-kg-kurt-geiger-5823161109?utm_source=display&utm_medium=programmatic&utm_campaign=performance&utm_content=rtg,"Gold Leather Marnie Flat Loafer, Gold","Gold Leather Marnie Flat Loafer, Gold",39.00,149.00,https://kg-static-cache.s3.amazonaws.com/catalog/product/cache/thumbnail/1622x1622/5/8/5823161109.jpg?v=1&width=800,Women > Shoes > Flats,Women > Shoes > Flats,10/09/2026,,FALSE,,13,IN STOCK,,,Metallic,,,121,TRUE,TRUE,TRUE
Kg Kurt Geiger,6297484309,6297484309,6297484309,KG Kurt Geiger Women's Flats Navy Patent Muse,https://www.shoeaholics.com/women/shoes/flats/muse-navy-patent-kg-kurt-geiger-6297484309?utm_source=display&utm_medium=programmatic&utm_campaign=performance&utm_content=rtg,"Navy Slip On Loafer, Navy","Navy Slip On Loafer, Navy",79.00,119.00,https://kg-static-cache.s3.amazonaws.com/catalog/product/cache/thumbnail/1622x1622/6/2/6297484309.jpg?v=1&width=800,Women > Shoes > Flats,Women > Shoes > Flats,10/09/2026,,FALSE,,126,IN STOCK,,,Blue,,,49,TRUE,TRUE,TRUE
Carvela,6385930799,6385930799,6385930799,Carvela Senza Slip On,https://www.shoeaholics.com/women/shoes/flats/senza-brown-suedette-carvela-6385930799?utm_source=display&utm_medium=programmatic&utm_campaign=performance&utm_content=rtg,"Womens Carvela Senza Slip On """", 5 Uk, Brown","Womens Carvela Senza Slip On """", 5 Uk, Brown",89.00,129.00,https://kg-static-cache.s3.amazonaws.com/catalog/product/cache/thumbnail/1622x1622/6/3/6385930799.jpg?v=1&width=800,Women > Shoes > Flats,Women > Shoes > Flats,10/09/2026,,FALSE,,174,IN STOCK,,,Brown,,,32,TRUE,TRUE,TRUE
Kurt Geiger London,5387799069,5387799069,5387799069,Kurt Geiger Women's Flats Other Synthetic Embroidered,https://www.shoeaholics.com/women/shoes/flats/embroidered-slipper-other-fabric-other-kurt-geiger-london-5387799069?utm_source=display&utm_medium=programmatic&utm_campaign=performance&utm_content=rtg,"Womens Kurt Geiger London Embroidered Slipper """", 2 Uk","Womens Kurt Geiger London Embroidered Slipper """", 2 Uk",49.00,189.00,https://kg-static-cache.s3.amazonaws.com/catalog/product/cache/thumbnail/1622x1622/5/3/5387799069.jpg?v=1&width=800,Women > Shoes > Flats,Women > Shoes > Flats,10/09/2026,,FALSE,,9,IN STOCK,,,,,,132,TRUE,TRUE,TRUE
Kg Kurt Geiger,6297400799,6297400799,6297400799,KG Kurt Geiger Women's Flats Black Suedette Muse,https://www.shoeaholics.com/women/shoes/flats/muse-black-suedette-kg-kurt-geiger-6297400799?utm_source=display&utm_medium=programmatic&utm_campaign=performance&utm_content=rtg,"Black Microsuede Bow Slip On Loafer, Black","Black Microsuede Bow Slip On Loafer, Black",79.00,119.00,https://kg-static-cache.s3.amazonaws.com/catalog/product/cache/thumbnail/1622x1622/6/2/6297400799.jpg?v=1&width=800,Women > Shoes > Flats,Women > Shoes > Flats,10/09/2026,,FALSE,,233,IN STOCK,,,Black,,,12,TRUE,TRUE,TRUE
Carvela,5303003589,5303003589,5303003589,Carvela Women's Flats Brown Other Leather Avola,https://www.shoeaholics.com/women/shoes/flats/avola-loafer-black-brown-pony-carvela-5303003589?utm_source=display&utm_medium=programmatic&utm_campaign=performance&utm_content=rtg,"Womens Carvela Avola Loafer """", 3 Uk, Black Brown","Womens Carvela Avola Loafer """", 3 Uk, Black Brown",39.00,139.00,https://kg-static-cache.s3.amazonaws.com/catalog/product/cache/thumbnail/1622x1622/5/3/5303003589.jpg?v=1&width=800,Women > Shoes > Flats,Women > Shoes > Flats,10/09/2026,,FALSE,,15,IN STOCK,,,Black,,,119,TRUE,TRUE,TRUE
Kg Kurt Geiger,5823100109,5823100109,5823100109,KG Kurt Geiger Women's Flats Black Leather Marnie,https://www.shoeaholics.com/women/shoes/flats/marnie-black-leather-kg-kurt-geiger-5823100109?utm_source=display&utm_medium=programmatic&utm_campaign=performance&utm_content=rtg,"Black Leather Chain Loafer, Black","Black Leather Chain Loafer, Black",79.00,149.00,https://kg-static-cache.s3.amazonaws.com/catalog/product/cache/thumbnail/1622x1622/5/8/5823100109.jpg?v=1&width=800,Women > Shoes > Flats,Women > Shoes > Flats,10/09/2026,,FALSE,,180,IN STOCK,,,Black,,,31,TRUE,TRUE,TRUE
Kg Kurt Geiger,6297330209,6297330209,6297330209,Kg Kurt Geiger Mila Loafer,https://www.shoeaholics.com/women/shoes/flats/mila-brown-suede-kg-kurt-geiger-6297330209?utm_source=display&utm_medium=programmatic&utm_campaign=performance&utm_content=rtg,"Womens Kg Kurt Geiger Mila Loafer """", 6 Uk, Brown","Womens Kg Kurt Geiger Mila Loafer """", 6 Uk, Brown",89.00,129.00,https://kg-static-cache.s3.amazonaws.com/catalog/product/cache/thumbnail/1622x1622/6/2/6297330209.jpg?v=1&width=800,Women > Shoes > Flats,Women > Shoes > Flats,10/09/2026,,FALSE,,274,IN STOCK,,,Brown,,,7,TRUE,TRUE,TRUE
Steve Madden,5952009449,5952009449,5952009449,Steve Madden Ridgeview Beige Raffia,https://www.shoeaholics.com/women/shoes/flats/ridgeview-380-black-other-raffia-steve-madden-5952009449?utm_source=display&utm_medium=programmatic&utm_campaign=performance&utm_content=rtg,"Womens Steve Madden Ridgeview Beige Raffia """", 6 Uk","Womens Steve Madden Ridgeview Beige Raffia """", 6 Uk",69.00,100.00,https://kg-static-cache.s3.amazonaws.com/catalog/product/cache/thumbnail/1622x1622/5/9/5952009449.jpg?v=1&width=800,Women > Shoes > Flats,Women > Shoes > Flats,10/09/2026,,FALSE,,40,IN STOCK,,,,,,83,TRUE,TRUE,TRUE
Carvela,6285684309,6285684309,6285684309,Carvela Ambra Loafer Navy Patent Slip On Loafer,https://www.shoeaholics.com/women/shoes/flats/ambra-navy-patent-carvela-6285684309?utm_source=display&utm_medium=programmatic&utm_campaign=performance&utm_content=rtg,"Navy Patent Slip On Loafer, Navy","Navy Patent Slip On Loafer, Navy",79.00,119.00,https://kg-static-cache.s3.amazonaws.com/catalog/product/cache/thumbnail/1622x1622/6/2/6285684309.jpg?v=1&width=800,Women > Shoes > Flats,Women > Shoes > Flats,10/09/2026,,FALSE,,138,IN STOCK,,,Blue,,,44,TRUE,TRUE,TRUE
Kurt Geiger London,6313600209,6313600209,6313600209,Kurt Geiger Women's Sandals Black Suede Bromley,https://www.shoeaholics.com/women/shoes/flats/bromley-chunky-mule-black-suede-kurt-geiger-london-6313600209?utm_source=display&utm_medium=programmatic&utm_campaign=performance&utm_content=rtg,"Womens Kurt Geiger London Bromley Chunky Mule """", 5 Uk, Black","Womens Kurt Geiger London Bromley Chunky Mule """", 5 Uk, Black",99.00,159.00,https://kg-static-cache.s3.amazonaws.com/catalog/product/cache/thumbnail/1622x1622/6/3/6313600209.jpg?v=1&width=800,Women > Shoes > Flats,Women > Shoes > Flats,10/09/2026,,FALSE,,87,IN STOCK,,,Black,,,65,TRUE,TRUE,TRUE
Kurt Geiger London,6490739609,6490739609,6490739609,Kurt Geiger London Kingsley Slipper,https://www.shoeaholics.com/women/shoes/flats/kingsley-slipper-brown-other-fabric-kurt-geiger-london-6490739609?utm_source=display&utm_medium=programmatic&utm_campaign=performance&utm_content=rtg,"Womens Kurt Geiger London Kingsley Slipper """", 6 Uk","Womens Kurt Geiger London Kingsley Slipper """", 6 Uk",69.00,99.00,https://kg-static-cache.s3.amazonaws.com/catalog/product/cache/thumbnail/1622x1622/6/4/6490739609.jpg?v=1&width=800,Women > Shoes > Flats,Women > Shoes > Flats,10/09/2026,,FALSE,,267,IN STOCK,,,,,,8,TRUE,TRUE,TRUE
Steve Madden,5942000109,5942000109,5942000109,Steve Madden Samual Black Leather,https://www.shoeaholics.com/women/shoes/flats/samual-366-black-leather-steve-madden-5942000109?utm_source=display&utm_medium=programmatic&utm_campaign=performance&utm_content=rtg,"Womens Steve Madden Samual Black Leather """", 5 Uk, Black","Womens Steve Madden Samual Black Leather """", 5 Uk, Black",120.00,150.00,https://kg-static-cache.s3.amazonaws.com/catalog/product/cache/thumbnail/1622x1622/5/9/5942000109.jpg?v=1&width=800,Women > Shoes > Flats,Women > Shoes > Flats,10/09/2026,,FALSE,,11,IN STOCK,,,Black,,,126,TRUE,TRUE,TRUE
Steve Madden,6007800109,6007800109,6007800109,Steve Madden Eurry Black,https://www.shoeaholics.com/women/shoes/flats/eurry-017-black-leather-steve-madden-6007800109?utm_source=display&utm_medium=programmatic&utm_campaign=performance&utm_content=rtg,"Womens Steve Madden Eurry Black """", 6 Uk, Black","Womens Steve Madden Eurry Black """", 6 Uk, Black",120.00,220.00,https://kg-static-cache.s3.amazonaws.com/catalog/product/cache/thumbnail/1622x1622/6/0/6007800109.jpg?v=1&width=800,Women > Shoes > Flats,Women > Shoes > Flats,10/09/2026,,FALSE,,28,IN STOCK,,,Black,,,91,TRUE,TRUE,TRUE
Dolce Vita,5934232209,5934232209,5934232209,Dolce Vita Mikel 230,https://www.shoeaholics.com/women/shoes/flats/mikel-230-mid-brown-suede-dolce-vita-5934232209?utm_source=display&utm_medium=programmatic&utm_campaign=performance&utm_content=rtg,"Womens Dolce Vita Mikel 230 """", 5 Uk, Mid Brown","Womens Dolce Vita Mikel 230 """", 5 Uk, Mid Brown",69.00,170.00,https://kg-static-cache.s3.amazonaws.com/catalog/product/cache/thumbnail/1622x1622/5/9/5934232209.jpg?v=1&width=800,Women > Shoes > Flats,Women > Shoes > Flats,10/09/2026,,FALSE,,27,IN STOCK,,,Brown,,,92,TRUE,TRUE,TRUE
Kg Kurt Geiger,5823141109,5823141109,5823141109,KG Kurt Geiger Women's Flats Bone Leather Marnie,https://www.shoeaholics.com/women/shoes/flats/marnie-bone-leather-kg-kurt-geiger-5823141109?utm_source=display&utm_medium=programmatic&utm_campaign=performance&utm_content=rtg,"Bone Leather Slip On Loafer, Bone","Bone Leather Slip On Loafer, Bone",79.00,149.00,https://kg-static-cache.s3.amazonaws.com/catalog/product/cache/thumbnail/1622x1622/5/8/5823141109.jpg?v=1&width=800,Women > Shoes > Flats,Women > Shoes > Flats,10/09/2026,,FALSE,,190,IN STOCK,,,White,,,27,TRUE,TRUE,TRUE
Steve Madden,6232300979,6232300979,6232300979,Steve Madden Katja Black,https://www.shoeaholics.com/women/shoes/flats/katja-black-black-synthetic-steve-madden-6232300979?utm_source=display&utm_medium=programmatic&utm_campaign=performance&utm_content=rtg,"Womens Steve Madden Katja Black """", 5 Uk, Black","Womens Steve Madden Katja Black """", 5 Uk, Black",140.00,190.00,https://kg-static-cache.s3.amazonaws.com/catalog/product/cache/thumbnail/1622x1622/6/2/6232300979.jpg?v=1&width=800,Women > Shoes > Flats,Women > Shoes > Flats,10/09/2026,,FALSE,,20,IN STOCK,,,Black,,,106,TRUE,TRUE,TRUE
Kurt Geiger London,5757339209,5757339209,5757339209,Kurt Geiger Women's Flats Brown Other Suede Greenwich,https://www.shoeaholics.com/women/shoes/flats/greenwich-moccasin-brown-other-suede-kurt-geiger-london-5757339209?utm_source=display&utm_medium=programmatic&utm_campaign=performance&utm_content=rtg,"Womens Kurt Geiger London Greenwich Moccasin """", 5 Uk","Womens Kurt Geiger London Greenwich Moccasin """", 5 Uk",99.00,159.00,https://kg-static-cache.s3.amazonaws.com/catalog/product/cache/thumbnail/1622x1622/5/7/5757339209.jpg?v=1&width=800,Women > Shoes > Flats,Women > Shoes > Flats,10/09/2026,,FALSE,,96,IN STOCK,,,,,,61,TRUE,TRUE,TRUE
Steve Madden,6166200109,6166200109,6166200109,Steve Madden Nada Mule Black,https://www.shoeaholics.com/women/shoes/flats/nada-184-black-leather-steve-madden-6166200109?utm_source=display&utm_medium=programmatic&utm_campaign=performance&utm_content=rtg,"Womens Steve Madden Nada Mule Black """", 4 Uk, Black","Womens Steve Madden Nada Mule Black """", 4 Uk, Black",49.00,140.00,https://kg-static-cache.s3.amazonaws.com/catalog/product/cache/thumbnail/1622x1622/6/1/6166200109.jpg?v=1&width=800,Women > Shoes > Flats,Women > Shoes > Flats,10/09/2026,,FALSE,,9,IN STOCK,,,Black,,,133,TRUE,TRUE,TRUE
Carvela,6030000309,6030000309,6030000309,Carvela Women's Flats. Black Chunky Tassel,https://www.shoeaholics.com/women/shoes/flats/snap-chunky-tassel-black-patent-carvela-6030000309?utm_source=display&utm_medium=programmatic&utm_campaign=performance&utm_content=rtg,"Black Patent Slip On Loafer, Black","Black Patent Slip On Loafer, Black",99.00,149.00,https://kg-static-cache.s3.amazonaws.com/catalog/product/cache/thumbnail/1622x1622/6/0/6030000309.jpg?v=1&width=800,Women > Shoes > Flats,Women > Shoes > Flats,10/09/2026,,FALSE,,99,IN STOCK,,,Black,,,59,TRUE,TRUE,TRUE
Carvela,6295400409,6295400409,6295400409,Carvela Women's Flats Black Croc Synthetic Valentina,https://www.shoeaholics.com/women/shoes/flats/valentina-black-croc-print-carvela-6295400409?utm_source=display&utm_medium=programmatic&utm_campaign=performance&utm_content=rtg,"Croc Embossed Loafer, Black","Croc Embossed Loafer, Black",79.00,119.00,https://kg-static-cache.s3.amazonaws.com/catalog/product/cache/thumbnail/1622x1622/6/2/6295400409.jpg?v=1&width=800,Women > Shoes > Flats,Women > Shoes > Flats,10/09/2026,,FALSE,,208,IN STOCK,,,Black,,,21,TRUE,TRUE,TRUE
Carvela,6295400979,6295400979,6295400979,Kurt Geiger Women's Heels Black Synthetic Velentina,https://www.shoeaholics.com/women/shoes/flats/valentina-black-synthetic-carvela-6295400979?utm_source=display&utm_medium=programmatic&utm_campaign=performance&utm_content=rtg,"Black Horsebit Chain Loafer, Black","Black Horsebit Chain Loafer, Black",79.00,119.00,https://kg-static-cache.s3.amazonaws.com/catalog/product/cache/thumbnail/1622x1622/6/2/6295400979.jpg?v=1&width=800,Women > Shoes > Flats,Women > Shoes > Flats,10/09/2026,,FALSE,,226,IN STOCK,,,Black,,,16,TRUE,TRUE,TRUE
Carvela,6295454409,6295454409,6295454409,Carvela Women's Loafers Wine Croc Print Valentina,https://www.shoeaholics.com/women/shoes/flats/valentina-wine-croc-print-carvela-6295454409?utm_source=display&utm_medium=programmatic&utm_campaign=performance&utm_content=rtg,"Wine Croc Slip On Loafer, Wine","Wine Croc Slip On Loafer, Wine",79.00,119.00,https://kg-static-cache.s3.amazonaws.com/catalog/product/cache/thumbnail/1622x1622/6/2/6295454409.jpg?v=1&width=800,Women > Shoes > Flats,Women > Shoes > Flats,10/09/2026,,FALSE,,102,IN STOCK,,,Red,,,57,TRUE,TRUE,TRUE
Carvela,5515810979,5515810979,5515810979,Carvela Women's Slippers White Synthetic Jackpot,https://www.shoeaholics.com/women/shoes/flats/jackpot-fur-slipper-white-synthetic-carvela-5515810979?utm_source=display&utm_medium=programmatic&utm_campaign=performance&utm_content=rtg,"White Soft Faux Fur Slipper, White","White Soft Faux Fur Slipper, White",39.00,69.00,https://kg-static-cache.s3.amazonaws.com/catalog/product/cache/thumbnail/1622x1622/5/5/5515810979.jpg?v=1&width=800,Women > Shoes > Flats,Women > Shoes > Flats,10/09/2026,,FALSE,,118,IN STOCK,,,White,,,51,TRUE,TRUE,TRUE
Kurt Geiger London,6313647209,6313647209,6313647209,Kurt Geiger Women's Mule Taupe Suede Bromley,https://www.shoeaholics.com/women/shoes/flats/bromley-chunky-mule-taupe-suede-kurt-geiger-london-6313647209?utm_source=display&utm_medium=programmatic&utm_campaign=performance&utm_content=rtg,"Womens Kurt Geiger London Bromley Chunky Mule """", 6 Uk, Taupe","Womens Kurt Geiger London Bromley Chunky Mule """", 6 Uk, Taupe",99.00,159.00,https://kg-static-cache.s3.amazonaws.com/catalog/product/cache/thumbnail/1622x1622/6/3/6313647209.jpg?v=1&width=800,Women > Shoes > Flats,Women > Shoes > Flats,10/09/2026,,FALSE,,79,IN STOCK,,,Taupe,,,67,TRUE,TRUE,TRUE
Carvela,6285500109,6285500109,6285500109,Carvela Women's Heels Black Leather Loretta,https://www.shoeaholics.com/women/shoes/flats/loretta-black-leather-carvela-6285500109?utm_source=display&utm_medium=programmatic&utm_campaign=performance&utm_content=rtg,"Black Slip On Loafer, Black","Black Slip On Loafer, Black",89.00,129.00,https://kg-static-cache.s3.amazonaws.com/catalog/product/cache/thumbnail/1622x1622/6/2/6285500109.jpg?v=1&width=800,Women > Shoes > Flats,Women > Shoes > Flats,10/09/2026,,FALSE,,196,IN STOCK,,,Black,,,24,TRUE,TRUE,TRUE
Carvela,5976000979,5976000979,5976000979,Carvela Women's Flats Black Synthetic Gelina,https://www.shoeaholics.com/women/shoes/flats/gelina-flat-black-synthetic-carvela-5976000979?utm_source=display&utm_medium=programmatic&utm_campaign=performance&utm_content=rtg,"Black Caged Flat, Black","Black Caged Flat, Black",69.00,69.00,https://kg-static-cache.s3.amazonaws.com/catalog/product/cache/thumbnail/1622x1622/5/9/5976000979.jpg?v=1&width=800,Women > Shoes > Flats,Women > Shoes > Flats,10/09/2026,,FALSE,,6,IN STOCK,,,Black,,,142,TRUE,TRUE,FALSE
Kg Kurt Geiger,6296554109,6296554109,6296554109,KG Kurt Geiger Women's Flats Wine Leather Tasha,https://www.shoeaholics.com/women/shoes/flats/tasha-tassel-wine-leather-kg-kurt-geiger-6296554109?utm_source=display&utm_medium=programmatic&utm_campaign=performance&utm_content=rtg,"Wine Leather Tasha Tassel, Wine","Wine Leather Tasha Tassel, Wine",109.00,149.00,https://kg-static-cache.s3.amazonaws.com/catalog/product/cache/thumbnail/1622x1622/6/2/6296554109.jpg?v=1&width=800,Women > Shoes > Flats,Women > Shoes > Flats,10/09/2026,,FALSE,,279,IN STOCK,,,Red,,,6,TRUE,TRUE,TRUE
Kg Kurt Geiger,6375800979,6375800979,6375800979,KG Kurt Geiger Women's Heels Black Synthetic Molten,https://www.shoeaholics.com/women/shoes/flats/molten-black-synthetic-kg-kurt-geiger-6375800979?utm_source=display&utm_medium=programmatic&utm_campaign=performance&utm_content=rtg,"Womens Kg Kurt Geiger Molten """", 5 Uk, Black","Womens Kg Kurt Geiger Molten """", 5 Uk, Black",69.00,99.00,https://kg-static-cache.s3.amazonaws.com/catalog/product/cache/thumbnail/1622x1622/6/3/6375800979.jpg?v=1&width=800,Women > Shoes > Flats,Women > Shoes > Flats,10/09/2026,,FALSE,,152,IN STOCK,,,Black,,,42,TRUE,TRUE,TRUE
Steve Madden,5806100109,5806100109,5806100109,Steve Madden Langsten Black,https://www.shoeaholics.com/women/shoes/flats/langsten-cn-013-black-leather-steve-madden-5806100109?utm_source=display&utm_medium=programmatic&utm_campaign=performance&utm_content=rtg,"Womens Steve Madden Langsten Black """", 5 Uk, Black","Womens Steve Madden Langsten Black """", 5 Uk, Black",130.00,160.00,https://kg-static-cache.s3.amazonaws.com/catalog/product/cache/thumbnail/1622x1622/5/8/5806100109.jpg?v=1&width=800,Women > Shoes > Flats,Women > Shoes > Flats,10/09/2026,,FALSE,,101,IN STOCK,,,Black,,,58,TRUE,TRUE,TRUE
Carvela,6285547209,6285547209,6285547209,Carvela Women's Flat Taupe Suede Loretta,https://www.shoeaholics.com/women/shoes/flats/loretta-taupe-suede-carvela-6285547209?utm_source=display&utm_medium=programmatic&utm_campaign=performance&utm_content=rtg,"Taupe Suede Loafer, Taupe","Taupe Suede Loafer, Taupe",89.00,129.00,https://kg-static-cache.s3.amazonaws.com/catalog/product/cache/thumbnail/1622x1622/6/2/6285547209.jpg?v=1&width=800,Women > Shoes > Flats,Women > Shoes > Flats,10/09/2026,,FALSE,,88,IN STOCK,,,Taupe,,,64,TRUE,TRUE,TRUE
Kg Kurt Geiger,5139200309,5139200309,5139200309,KG Kurt Geiger Women's Flats Black Patent Morly,https://www.shoeaholics.com/women/shoes/flats/morly-slip-on-black-patent-kg-kurt-geiger-5139200309?utm_source=display&utm_medium=programmatic&utm_campaign=performance&utm_content=rtg,"Patent Slip On Loafer, Black","Patent Slip On Loafer, Black",79.00,129.00,https://kg-static-cache.s3.amazonaws.com/catalog/product/cache/thumbnail/1622x1622/5/1/5139200309.jpg?v=1&width=800,Women > Shoes > Flats,Women > Shoes > Flats,10/09/2026,,FALSE,,79,IN STOCK,,,Black,,,68,TRUE,TRUE,TRUE
Steve Madden,4924136449,4924136449,4924136449,Steve Madden Alara Tan,https://www.shoeaholics.com/women/shoes/flats/alara-csw-tan-combination-raffia-steve-madden-4924136449?utm_source=display&utm_medium=programmatic&utm_campaign=performance&utm_content=rtg,"Womens Steve Madden Alara Tan """", 5 Uk, Tan","Womens Steve Madden Alara Tan """", 5 Uk, Tan",89.00,130.00,https://kg-static-cache.s3.amazonaws.com/catalog/product/cache/thumbnail/1622x1622/4/9/4924136449.jpg?v=1&width=800,Women > Shoes > Flats,Women > Shoes > Flats,10/09/2026,,FALSE,,15,IN STOCK,,,Tan,,,120,TRUE,TRUE,TRUE
Carvela,5007830209,5007830209,5007830209,Carvela Women's Loafers Brown Suede Vista,https://www.shoeaholics.com/women/shoes/flats/vista-loafer-brown-suede-carvela-5007830209?utm_source=display&utm_medium=programmatic&utm_campaign=performance&utm_content=rtg,"Womens Carvela Vista Loafer """", 4 Uk, Brown","Womens Carvela Vista Loafer """", 4 Uk, Brown",49.00,169.00,https://kg-static-cache.s3.amazonaws.com/catalog/product/cache/thumbnail/1622x1622/5/0/5007830209.jpg?v=1&width=800,Women > Shoes > Flats,Women > Shoes > Flats,10/09/2026,,FALSE,,56,IN STOCK,,,Brown,,,76,TRUE,TRUE,TRUE
Steve Madden,5141430029,5141430029,5141430029,Steve Madden Leni Brown,https://www.shoeaholics.com/women/shoes/flats/leni-839-brown-suede-other-steve-madden-5141430029?utm_source=display&utm_medium=programmatic&utm_campaign=performance&utm_content=rtg,"Womens Steve Madden Leni Brown """", 6 Uk, Brown","Womens Steve Madden Leni Brown """", 6 Uk, Brown",99.00,120.00,https://kg-static-cache.s3.amazonaws.com/catalog/product/cache/thumbnail/1622x1622/5/1/5141430029.jpg?v=1&width=800,Women > Shoes > Flats,Women > Shoes > Flats,10/09/2026,,FALSE,,22,IN STOCK,,,Brown,,,102,TRUE,TRUE,TRUE
Steve Madden,4831710069,4831710069,4831710069,Steve Madden Mash White,https://www.shoeaholics.com/women/shoes/flats/mash-104-white-fabric-other-steve-madden-4831710069?utm_source=display&utm_medium=programmatic&utm_campaign=performance&utm_content=rtg,"Womens Steve Madden Mash White """", 5 Uk, White","Womens Steve Madden Mash White """", 5 Uk, White",69.00,90.00,https://kg-static-cache.s3.amazonaws.com/catalog/product/cache/thumbnail/1622x1622/4/8/4831710069.jpg?v=1&width=800,Women > Shoes > Flats,Women > Shoes > Flats,10/09/2026,,FALSE,,59,IN STOCK,,,White,,,74,TRUE,TRUE,TRUE
Kg Kurt Geiger,4809000069,4809000069,4809000069,KG Kurt Geiger Women's Loafers Black Fabric Other Million,https://www.shoeaholics.com/women/shoes/flats/million-black-fabric-other-kg-kurt-geiger-4809000069?utm_source=display&utm_medium=programmatic&utm_campaign=performance&utm_content=rtg,"Black Microsuede Loafer, Black","Black Microsuede Loafer, Black",79.00,119.00,https://kg-static-cache.s3.amazonaws.com/catalog/product/cache/thumbnail/1622x1622/4/8/4809000069.jpg?v=1&width=800,Women > Shoes > Flats,Women > Shoes > Flats,10/09/2026,,FALSE,,391,IN STOCK,,,Black,,,2,TRUE,TRUE,TRUE
Steve Madden,4831731609,4831731609,4831731609,Steve Madden Mash Dark Brown,https://www.shoeaholics.com/women/shoes/flats/mash-de1-dark-brown-fabric-steve-madden-4831731609?utm_source=display&utm_medium=programmatic&utm_campaign=performance&utm_content=rtg,"Womens Steve Madden Mash Dark Brown """", 6 Uk, Dark Brown","Womens Steve Madden Mash Dark Brown """", 6 Uk, Dark Brown",69.00,90.00,https://kg-static-cache.s3.amazonaws.com/catalog/product/cache/thumbnail/1622x1622/4/8/4831731609.jpg?v=1&width=800,Women > Shoes > Flats,Women > Shoes > Flats,10/09/2026,,FALSE,,16,IN STOCK,,,Brown,,,118,TRUE,TRUE,TRUE
Kg Kurt Geiger,5139030209,5139030209,5139030209,Kg Kurt Geiger Tasha Loafer,https://www.shoeaholics.com/women/shoes/flats/tasha-loafer2-brown-suede-kg-kurt-geiger-5139030209?utm_source=display&utm_medium=programmatic&utm_campaign=performance&utm_content=rtg,"Womens Kg Kurt Geiger Tasha Loafer """", 7 Uk, Brown","Womens Kg Kurt Geiger Tasha Loafer """", 7 Uk, Brown",89.00,149.00,https://kg-static-cache.s3.amazonaws.com/catalog/product/cache/thumbnail/1622x1622/5/1/5139030209.jpg?v=1&width=800,Women > Shoes > Flats,Women > Shoes > Flats,10/09/2026,,FALSE,,138,IN STOCK,,,Brown,,,45,TRUE,TRUE,TRUE
Carvela,4946900639,4946900639,4946900639,Carvela Women's Brogue Black Synthetic Sky,https://www.shoeaholics.com/women/shoes/flats/sky-brogue-black-fabric-patent-carvela-4946900639?utm_source=display&utm_medium=programmatic&utm_campaign=performance&utm_content=rtg,"Patent Microsuede Brogue, Black","Patent Microsuede Brogue, Black",59.00,119.00,https://kg-static-cache.s3.amazonaws.com/catalog/product/cache/thumbnail/1622x1622/4/9/4946900639.jpg?v=1&width=800,Women > Shoes > Flats,Women > Shoes > Flats,10/09/2026,,FALSE,,196,IN STOCK,,,Black,,,25,TRUE,TRUE,TRUE
Carvela,5007800109,5007800109,5007800109,Carvela Women's Loafers Black Flat Formal Vista Loafer,https://www.shoeaholics.com/women/shoes/flats/vista-loafer-black-leather-carvela-5007800109?utm_source=display&utm_medium=programmatic&utm_campaign=performance&utm_content=rtg,"Womens Carvela Vista Loafer """", 9 Uk, Black","Womens Carvela Vista Loafer """", 9 Uk, Black",49.00,169.00,https://kg-static-cache.s3.amazonaws.com/catalog/product/cache/thumbnail/1622x1622/5/0/5007800109.jpg?v=1&width=800,Women > Shoes > Flats,Women > Shoes > Flats,10/09/2026,,FALSE,,26,IN STOCK,,,Black,,,93,TRUE,TRUE,TRUE
Kg Kurt Geiger,4809030799,4809030799,4809030799,KG Kurt Geiger Women's Loafers Brown Suedette Million,https://www.shoeaholics.com/women/shoes/flats/million-brown-suedette-kg-kurt-geiger-4809030799?utm_source=display&utm_medium=programmatic&utm_campaign=performance&utm_content=rtg,"Brown Suedette Slip On Loafer, Brown","Brown Suedette Slip On Loafer, Brown",79.00,119.00,https://kg-static-cache.s3.amazonaws.com/catalog/product/cache/thumbnail/1622x1622/4/8/4809030799.jpg?v=1&width=800,Women > Shoes > Flats,Women > Shoes > Flats,10/09/2026,,FALSE,,164,IN STOCK,,,Brown,,,39,TRUE,TRUE,TRUE
Kurt Geiger London,5088400209,5088400209,5088400209,Kurt Geiger Women's Flats Black Suede Kingsley,https://www.shoeaholics.com/women/shoes/flats/kingsley-pointed-flat-black-suede-kurt-geiger-london-5088400209?utm_source=display&utm_medium=programmatic&utm_campaign=performance&utm_content=rtg,"Black Suede Ballet Flat, Black","Black Suede Ballet Flat, Black",99.00,179.00,https://kg-static-cache.s3.amazonaws.com/catalog/product/cache/thumbnail/1622x1622/5/0/5088400209.jpg?v=1&width=800,Women > Shoes > Flats,Women > Shoes > Flats,10/09/2026,,FALSE,,665,IN STOCK,,,Black,,,1,TRUE,TRUE,TRUE
Steve Madden,5141431109,5141431109,5141431109,Steve Madden Leni Dark Brown,https://www.shoeaholics.com/women/shoes/flats/leni-205-dark-brown-leather-steve-madden-5141431109?utm_source=display&utm_medium=programmatic&utm_campaign=performance&utm_content=rtg,"Womens Steve Madden Leni Dark Brown """", 6 Uk, Dark Brown","Womens Steve Madden Leni Dark Brown """", 6 Uk, Dark Brown",99.00,120.00,https://kg-static-cache.s3.amazonaws.com/catalog/product/cache/thumbnail/1622x1622/5/1/5141431109.jpg?v=1&width=800,Women > Shoes > Flats,Women > Shoes > Flats,10/09/2026,,FALSE,,57,IN STOCK,,,Brown,,,75,TRUE,TRUE,TRUE
Steve Madden,4261500969,4261500969,4261500969,Steve Madden Rejoice Black Embellished,https://www.shoeaholics.com/women/shoes/flats/rejoice-mr-001-black-jewelled-steve-madden-4261500969?utm_source=display&utm_medium=programmatic&utm_campaign=performance&utm_content=rtg,"Womens Steve Madden Rejoice Black Embellished """", 5 Uk, Black","Womens Steve Madden Rejoice Black Embellished """", 5 Uk, Black",69.00,120.00,https://kg-static-cache.s3.amazonaws.com/catalog/product/cache/thumbnail/1622x1622/4/2/4261500969.jpg?v=1&width=800,Women > Shoes > Flats,Women > Shoes > Flats,10/09/2026,,FALSE,,7,IN STOCK,,,Black,,,140,TRUE,TRUE,TRUE
Kurt Geiger London,5088430209,5088430209,5088430209,Kurt Geiger London Kingsley Pointed Flat,https://www.shoeaholics.com/women/shoes/flats/kingsley-pointed-flat-brown-suede-kurt-geiger-london-5088430209?utm_source=display&utm_medium=programmatic&utm_campaign=performance&utm_content=rtg,"Womens Kurt Geiger London Kingsley Pointed Flat """", 6 Uk, Brown","Womens Kurt Geiger London Kingsley Pointed Flat """", 6 Uk, Brown",99.00,159.00,https://kg-static-cache.s3.amazonaws.com/catalog/product/cache/thumbnail/1622x1622/5/0/5088430209.jpg?v=1&width=800,Women > Shoes > Flats,Women > Shoes > Flats,10/09/2026,,FALSE,,114,IN STOCK,,,Brown,,,53,TRUE,TRUE,TRUE
Carvela,5149730209,5149730209,5149730209,Carvela Women's Brown Suede Snap Chunky,https://www.shoeaholics.com/women/shoes/flats/snap-chunky-brown-suede-carvela-5149730209?utm_source=display&utm_medium=programmatic&utm_campaign=performance&utm_content=rtg,"Womens Carvela Snap Chunky Loafer """", 6 Uk, Brown","Womens Carvela Snap Chunky Loafer """", 6 Uk, Brown",89.00,149.00,https://kg-static-cache.s3.amazonaws.com/catalog/product/cache/thumbnail/1622x1622/5/1/5149730209.jpg?v=1&width=800,Women > Shoes > Flats,Women > Shoes > Flats,10/09/2026,,FALSE,,128,IN STOCK,,,Brown,,,48,TRUE,TRUE,TRUE
Kg Kurt Geiger,4267300109,4267300109,4267300109,KG Kurt Geiger Women's Flats Black Leather Slip On Marty,https://www.shoeaholics.com/women/shoes/flats/marty-black-leather-kg-kurt-geiger-4267300109?utm_source=display&utm_medium=programmatic&utm_campaign=performance&utm_content=rtg,"Womens Kg Kurt Geiger Marty Loafer """", 3 Uk, Black","Womens Kg Kurt Geiger Marty Loafer """", 3 Uk, Black",49.00,139.00,https://kg-static-cache.s3.amazonaws.com/catalog/product/cache/thumbnail/1622x1622/4/2/4267300109.jpg?v=1&width=800,Women > Shoes > Flats,Women > Shoes > Flats,10/09/2026,,FALSE,,9,IN STOCK,,,Black,,,134,TRUE,TRUE,TRUE
Kg Kurt Geiger,5138200109,5138200109,5138200109,KG Kurt Geiger Women's Flats Black Leather Molly,https://www.shoeaholics.com/women/shoes/flats/molly-black-leather-kg-kurt-geiger-5138200109?utm_source=display&utm_medium=programmatic&utm_campaign=performance&utm_content=rtg,"Womens Kg Kurt Geiger Molly Loafer """", 6 Uk, Black","Womens Kg Kurt Geiger Molly Loafer """", 6 Uk, Black",79.00,149.00,https://kg-static-cache.s3.amazonaws.com/catalog/product/cache/thumbnail/1622x1622/5/1/5138200109.jpg?v=1&width=800,Women > Shoes > Flats,Women > Shoes > Flats,10/09/2026,,FALSE,,230,IN STOCK,,,Black,,,14,TRUE,TRUE,TRUE
Steve Madden,4924100449,4924100449,4924100449,Steve Madden Alara Black,https://www.shoeaholics.com/women/shoes/flats/alara-001-black-raffia-steve-madden-4924100449?utm_source=display&utm_medium=programmatic&utm_campaign=performance&utm_content=rtg,"Womens Steve Madden Alara Black """", 6 Uk, Black","Womens Steve Madden Alara Black """", 6 Uk, Black",89.00,130.00,https://kg-static-cache.s3.amazonaws.com/catalog/product/cache/thumbnail/1622x1622/4/9/4924100449.jpg?v=1&width=800,Women > Shoes > Flats,Women > Shoes > Flats,10/09/2026,,FALSE,,60,IN STOCK,,,Black,,,73,TRUE,TRUE,TRUE
Carvela,5149754109,5149754109,5149754109,Carvela Women's Flats Wine Leather Snap,https://www.shoeaholics.com/women/shoes/flats/snap-chunky-wine-leather-carvela-5149754109?utm_source=display&utm_medium=programmatic&utm_campaign=performance&utm_content=rtg,"Patent Wine Leather Slip On Loafer, Wine","Patent Wine Leather Slip On Loafer, Wine",89.00,149.00,https://kg-static-cache.s3.amazonaws.com/catalog/product/cache/thumbnail/1622x1622/5/1/5149754109.jpg?v=1&width=800,Women > Shoes > Flats,Women > Shoes > Flats,10/09/2026,,FALSE,,327,IN STOCK,,,Red,,,4,TRUE,TRUE,TRUE
Kg Kurt Geiger,5139000109,5139000109,5139000109,KG Kurt Geiger Women's Loafers Black Leather Tasha,https://www.shoeaholics.com/women/shoes/flats/tasha-loafer2-black-leather-kg-kurt-geiger-5139000109?utm_source=display&utm_medium=programmatic&utm_campaign=performance&utm_content=rtg,"Black Leather Horsebit Chain Loafer, Black","Black Leather Horsebit Chain Loafer, Black",89.00,149.00,https://kg-static-cache.s3.amazonaws.com/catalog/product/cache/thumbnail/1622x1622/5/1/5139000109.jpg?v=1&width=800,Women > Shoes > Flats,Women > Shoes > Flats,10/09/2026,,FALSE,,377,IN STOCK,,,Black,,,3,TRUE,TRUE,TRUE
Kg Kurt Geiger,5139347829,5139347829,5139347829,KG Kurt Geiger Women's Taupe Loafer Suede Needed,https://www.shoeaholics.com/women/shoes/flats/needed-taupe-polyurethane-kg-kurt-geiger-5139347829?utm_source=display&utm_medium=programmatic&utm_campaign=performance&utm_content=rtg,"Beige Suede Slip On Loafer, Taupe","Beige Suede Slip On Loafer, Taupe",79.00,119.00,https://kg-static-cache.s3.amazonaws.com/catalog/product/cache/thumbnail/1622x1622/5/1/5139347829.jpg?v=1&width=800,Women > Shoes > Flats,Women > Shoes > Flats,10/09/2026,,FALSE,,213,IN STOCK,,,Taupe,,,18,TRUE,TRUE,TRUE
Steve Madden,5144831209,5144831209,5144831209,Steve Madden Sianna Dark Brown,https://www.shoeaholics.com/women/shoes/flats/shay-brow-dark-brown-suede-steve-madden-5144831209?utm_source=display&utm_medium=programmatic&utm_campaign=performance&utm_content=rtg,"Womens Steve Madden Sianna Dark Brown """", 4 Uk, Dark Brown","Womens Steve Madden Sianna Dark Brown """", 4 Uk, Dark Brown",120.00,120.00,https://kg-static-cache.s3.amazonaws.com/catalog/product/cache/thumbnail/1622x1622/5/1/5144831209.jpg?v=1&width=800,Women > Shoes > Flats,Women > Shoes > Flats,10/09/2026,,FALSE,,23,IN STOCK,,,Brown,,,100,TRUE,TRUE,FALSE
Kurt Geiger London,3417135289,3417135289,3417135289,Kurt Geiger Women's Flats Dark Brown Suede Chelsea,https://www.shoeaholics.com/women/shoes/flats/chelsea-point-slip-on-dark-brown-combination-suede-other-print-kurt-geiger-london-3417135289?utm_source=display&utm_medium=programmatic&utm_campaign=performance&utm_content=rtg,"Womens Kurt Geiger London Chelsea Point Slip On Flat """", 3 Uk, Dark Brown Combination","Womens Kurt Geiger London Chelsea Point Slip On Flat """", 3 Uk, Dark Brown Combination",59.00,189.00,https://kg-static-cache.s3.amazonaws.com/catalog/product/cache/thumbnail/1622x1622/3/4/3417135289.jpg?v=1&width=800,Women > Shoes > Flats,Women > Shoes > Flats,10/09/2026,,FALSE,,10,IN STOCK,,,Brown,,,128,TRUE,TRUE,TRUE
Carvela,5149705109,5149705109,5149705109,Carvela Women's Flats Black Combination Synthetic Snap Chunky,https://www.shoeaholics.com/women/shoes/flats/snap-chunky-black-combination-leather-carvela-5149705109?utm_source=display&utm_medium=programmatic&utm_campaign=performance&utm_content=rtg,"Patent Black Loafer, Black","Patent Black Loafer, Black",89.00,149.00,https://kg-static-cache.s3.amazonaws.com/catalog/product/cache/thumbnail/1622x1622/5/1/5149705109.jpg?v=1&width=800,Women > Shoes > Flats,Women > Shoes > Flats,10/09/2026,,FALSE,,76,IN STOCK,,,Black,,,70,TRUE,TRUE,TRUE
Steve Madden,4924140449,4924140449,4924140449,Steve Madden Women's Flats Beige Raffia Alara,https://www.shoeaholics.com/women/shoes/flats/alara-380-beige-raffia-steve-madden-4924140449?utm_source=display&utm_medium=programmatic&utm_campaign=performance&utm_content=rtg,"Womens Steve Madden Alara Flat """", 8 Uk, Beige","Womens Steve Madden Alara Flat """", 8 Uk, Beige",89.00,130.00,https://kg-static-cache.s3.amazonaws.com/catalog/product/cache/thumbnail/1622x1622/4/9/4924140449.jpg?v=1&width=800,Women > Shoes > Flats,Women > Shoes > Flats,10/09/2026,,FALSE,,38,IN STOCK,,,Nude,,,85,TRUE,TRUE,TRUE
Kurt Geiger London,5259900109,5259900109,5259900109,Kurt Geiger Women's Loafers Black Leather Kingsley,https://www.shoeaholics.com/women/shoes/flats/kingsley-heel-loafer-black-leather-kurt-geiger-london-5259900109?utm_source=display&utm_medium=programmatic&utm_campaign=performance&utm_content=rtg,"Black Leather Block Heeled Loafer, Black","Black Leather Block Heeled Loafer, Black",109.00,189.00,https://kg-static-cache.s3.amazonaws.com/catalog/product/cache/thumbnail/1622x1622/5/2/5259900109.jpg?v=1&width=800,Women > Shoes > Flats,Women > Shoes > Flats,10/09/2026,,FALSE,,114,IN STOCK,,,Black,,,54,TRUE,TRUE,TRUE
Carvela,5149700109,5149700109,5149700109,Carvela Women's Loafers Black Leather Snap,https://www.shoeaholics.com/women/shoes/flats/snap-chunky-black-leather-carvela-5149700109?utm_source=display&utm_medium=programmatic&utm_campaign=performance&utm_content=rtg,"Black Leather Slip On Loafer, Black","Black Leather Slip On Loafer, Black",89.00,149.00,https://kg-static-cache.s3.amazonaws.com/catalog/product/cache/thumbnail/1622x1622/5/1/5149700109.jpg?v=1&width=800,Women > Shoes > Flats,Women > Shoes > Flats,10/09/2026,,FALSE,,166,IN STOCK,,,Black,,,37,TRUE,TRUE,TRUE
Steve Madden,5141400109,5141400109,5141400109,Steve Madden Leni Black Patent,https://www.shoeaholics.com/women/shoes/flats/leni-184-black-leather-steve-madden-5141400109?utm_source=display&utm_medium=programmatic&utm_campaign=performance&utm_content=rtg,"Womens Steve Madden Leni Black Patent """", 5 Uk, Black","Womens Steve Madden Leni Black Patent """", 5 Uk, Black",99.00,120.00,https://kg-static-cache.s3.amazonaws.com/catalog/product/cache/thumbnail/1622x1622/5/1/5141400109.jpg?v=1&width=800,Women > Shoes > Flats,Women > Shoes > Flats,10/09/2026,,FALSE,,35,IN STOCK,,,Black,,,86,TRUE,TRUE,TRUE
Carvela,5008100979,5008100979,5008100979,Carvela Women's Formal Black Brogue Strada,https://www.shoeaholics.com/women/shoes/flats/strada-brogue-black-synthetic-carvela-5008100979?utm_source=display&utm_medium=programmatic&utm_campaign=performance&utm_content=rtg,"Formal Brogue, Black","Formal Brogue, Black",49.00,169.00,https://kg-static-cache.s3.amazonaws.com/catalog/product/cache/thumbnail/1622x1622/5/0/5008100979.jpg?v=1&width=800,Women > Shoes > Flats,Women > Shoes > Flats,10/09/2026,,FALSE,,22,IN STOCK,,,Black,,,103,TRUE,TRUE,TRUE
Carvela,5150030209,5150030209,5150030209,Kurt Geiger Women's Sandals Brown Suede Noto Loafer,https://www.shoeaholics.com/women/shoes/flats/noto-loafer-brown-suede-carvela-5150030209?utm_source=display&utm_medium=programmatic&utm_campaign=performance&utm_content=rtg,"Brown Suede Slip On Loafer, Brown","Brown Suede Slip On Loafer, Brown",79.00,149.00,https://kg-static-cache.s3.amazonaws.com/catalog/product/cache/thumbnail/1622x1622/5/1/5150030209.jpg?v=1&width=800,Women > Shoes > Flats,Women > Shoes > Flats,10/09/2026,,FALSE,,141,IN STOCK,,,Brown,,,43,TRUE,TRUE,TRUE
Kurt Geiger London,4369500609,4369500609,4369500609,Kurt Geiger Women's Flats Black Fabric Moccasin,https://www.shoeaholics.com/women/shoes/flats/pom-pom-moccasin-black-fabric-kurt-geiger-london-4369500609?utm_source=display&utm_medium=programmatic&utm_campaign=performance&utm_content=rtg,"Womens Kurt Geiger London Pom Pom Moccasin """", 3 Uk, Black","Womens Kurt Geiger London Pom Pom Moccasin """", 3 Uk, Black",59.00,199.00,https://kg-static-cache.s3.amazonaws.com/catalog/product/cache/thumbnail/1622x1622/4/3/4369500609.jpg?v=1&width=800,Women > Shoes > Flats,Women > Shoes > Flats,10/09/2026,,FALSE,,12,IN STOCK,,,Black,,,123,TRUE,TRUE,TRUE
Carvela,0858609309,0858609309,0858609309,Carvela Women's Flats Black Other Synthetic Sky Tassel,https://www.shoeaholics.com/women/shoes/flats/sky-tassel-black-other-patent-carvela-0858609309?utm_source=display&utm_medium=programmatic&utm_campaign=performance&utm_content=rtg,Patent Black Flats,Patent Black Flats,69.00,119.00,https://kg-static-cache.s3.amazonaws.com/catalog/product/cache/thumbnail/1622x1622/0/8/0858609309.jpg?v=1&width=800,Women > Shoes > Flats,Women > Shoes > Flats,10/09/2026,,FALSE,,115,IN STOCK,,,,,,52,TRUE,TRUE,TRUE
Carvela,9993332109,9993332109,9993332109,Carvela Women's Flats Brown Suede Leather Snap,https://www.shoeaholics.com/women/shoes/flats/snap-mid-brown-leather-carvela-9993332109?utm_source=display&utm_medium=programmatic&utm_campaign=performance&utm_content=rtg,"Brown Suede Leather Snap, Mid Brown","Brown Suede Leather Snap, Mid Brown",79.00,149.00,https://kg-static-cache.s3.amazonaws.com/catalog/product/cache/thumbnail/1622x1622/9/9/9993332109.jpg?v=1&width=800,Women > Shoes > Flats,Women > Shoes > Flats,10/09/2026,,FALSE,,153,IN STOCK,,,Brown,,,41,TRUE,TRUE,TRUE
Carvela,0858605979,0858605979,0858605979,Carvela Women's Loafer Black Combination Synthetic Sky Tassel,https://www.shoeaholics.com/women/shoes/flats/sky-tassel-black-combination-synthetic-carvela-0858605979?utm_source=display&utm_medium=programmatic&utm_campaign=performance&utm_content=rtg,"Black Lizard Slip On Loafer, Black","Black Lizard Slip On Loafer, Black",69.00,119.00,https://kg-static-cache.s3.amazonaws.com/catalog/product/cache/thumbnail/1622x1622/0/8/0858605979.jpg?v=1&width=800,Women > Shoes > Flats,Women > Shoes > Flats,10/09/2026,,FALSE,,244,IN STOCK,,,Black,,,11,TRUE,TRUE,TRUE
Carvela,9993398109,9993398109,9993398109,Carvela Women's Loafers Pale Pink Snap,https://www.shoeaholics.com/women/shoes/flats/snap-pink-leather-carvela-9993398109?utm_source=display&utm_medium=programmatic&utm_campaign=performance&utm_content=rtg,"Pale Pink Slip On Loafer, Pink","Pale Pink Slip On Loafer, Pink",79.00,149.00,https://kg-static-cache.s3.amazonaws.com/catalog/product/cache/thumbnail/1622x1622/9/9/9993398109.jpg?v=1&width=800,Women > Shoes > Flats,Women > Shoes > Flats,10/09/2026,,FALSE,,56,IN STOCK,,,Pink,,,77,TRUE,TRUE,TRUE
Kg Kurt Geiger,6297200309,6297200309,6297200309,Kg Kurt Geiger Maple Bow Loafer Black Patent Slip On Loafer,https://www.shoeaholics.com/women/shoes/flats/maple-bow-black-patent-kg-kurt-geiger-6297200309?utm_source=display&utm_medium=programmatic&utm_campaign=performance&utm_content=rtg,"Black Patent Slip On Loafer, Black","Black Patent Slip On Loafer, Black",89.00,129.00,https://kg-static-cache.s3.amazonaws.com/catalog/product/cache/thumbnail/1622x1622/6/2/6297200309.jpg?v=1&width=800,Women > Shoes > Flats,Women > Shoes > Flats,10/09/2026,,FALSE,,213,IN STOCK,,,Black,,,19,TRUE,TRUE,TRUE
Kg Kurt Geiger,6297354309,6297354309,6297354309,KG Kurt Geiger Women's Wine Patent Mila,https://www.shoeaholics.com/women/shoes/flats/mila-wine-patent-kg-kurt-geiger-6297354309?utm_source=display&utm_medium=programmatic&utm_campaign=performance&utm_content=rtg,"Womens Kg Kurt Geiger Mila """", 5 Uk, Wine","Womens Kg Kurt Geiger Mila """", 5 Uk, Wine",89.00,129.00,https://kg-static-cache.s3.amazonaws.com/catalog/product/cache/thumbnail/1622x1622/6/2/6297354309.jpg?v=1&width=800,Women > Shoes > Flats,Women > Shoes > Flats,10/09/2026,,FALSE,,283,IN STOCK,,,Red,,,5,TRUE,TRUE,TRUE
Kg Kurt Geiger,6297100309,6297100309,6297100309,KG Kurt Geiger Women's Flats Black Patent Maple,https://www.shoeaholics.com/women/shoes/flats/maple-black-patent-kg-kurt-geiger-6297100309?utm_source=display&utm_medium=programmatic&utm_campaign=performance&utm_content=rtg,"Black Patent Slip On Loafer, Black","Black Patent Slip On Loafer, Black",89.00,129.00,https://kg-static-cache.s3.amazonaws.com/catalog/product/cache/thumbnail/1622x1622/6/2/6297100309.jpg?v=1&width=800,Women > Shoes > Flats,Women > Shoes > Flats,10/09/2026,,FALSE,,258,IN STOCK,,,Black,,,9,TRUE,TRUE,TRUE
Kg Kurt Geiger,5736031209,5736031209,5736031209,Kg Kurt Geiger Nellie Dark Brown Suede Loafers,https://www.shoeaholics.com/women/shoes/flats/nellie-dark-brown-suede-kg-kurt-geiger-5736031209?utm_source=display&utm_medium=programmatic&utm_campaign=performance&utm_content=rtg,"Dark Brown Suede Loafers, Dark Brown","Dark Brown Suede Loafers, Dark Brown",99.00,139.00,https://kg-static-cache.s3.amazonaws.com/catalog/product/cache/thumbnail/1622x1622/5/7/5736031209.jpg?v=1&width=800,Women > Shoes > Flats,Women > Shoes > Flats,10/09/2026,,FALSE,,107,IN STOCK,,,Brown,,,56,TRUE,TRUE,TRUE
Steve Madden,6229232209,6229232209,6229232209,Steve Madden Maurea Mid Brown,https://www.shoeaholics.com/women/shoes/flats/maurea-chstnut-brown-mid-brown-suede-steve-madden-6229232209?utm_source=display&utm_medium=programmatic&utm_campaign=performance&utm_content=rtg,"Womens Steve Madden Maurea Mid Brown """", 5 Uk, Mid Brown","Womens Steve Madden Maurea Mid Brown """", 5 Uk, Mid Brown",99.00,150.00,https://kg-static-cache.s3.amazonaws.com/catalog/product/cache/thumbnail/1622x1622/6/2/6229232209.jpg?v=1&width=800,Women > Shoes > Flats,Women > Shoes > Flats,10/09/2026,,FALSE,,157,IN STOCK,,,Brown,,,40,TRUE,TRUE,TRUE
Steve Madden,5952005449,5952005449,5952005449,Steve Madden Ridgeview Black Raffia,https://www.shoeaholics.com/women/shoes/flats/ridgeview-00s-black-combination-raffia-steve-madden-5952005449?utm_source=display&utm_medium=programmatic&utm_campaign=performance&utm_content=rtg,"Womens Steve Madden Ridgeview Black Raffia """", 5 Uk, Black","Womens Steve Madden Ridgeview Black Raffia """", 5 Uk, Black",69.00,120.00,https://kg-static-cache.s3.amazonaws.com/catalog/product/cache/thumbnail/1622x1622/5/9/5952005449.jpg?v=1&width=800,Women > Shoes > Flats,Women > Shoes > Flats,10/09/2026,,FALSE,,25,IN STOCK,,,Black,,,96,TRUE,TRUE,TRUE
Steve Madden,6166305109,6166305109,6166305109,Steve Madden Nafisa Loafer Black,https://www.shoeaholics.com/women/shoes/flats/nafisa-017-black-combination-leather-steve-madden-6166305109?utm_source=display&utm_medium=programmatic&utm_campaign=performance&utm_content=rtg,"Womens Steve Madden Nafisa Loafer Black """", 5 Uk, Black","Womens Steve Madden Nafisa Loafer Black """", 5 Uk, Black",49.00,150.00,https://kg-static-cache.s3.amazonaws.com/catalog/product/cache/thumbnail/1622x1622/6/1/6166305109.jpg?v=1&width=800,Women > Shoes > Flats,Women > Shoes > Flats,10/09/2026,,FALSE,,19,IN STOCK,,,Black,,,109,TRUE,TRUE,TRUE
Kg Kurt Geiger,6297000309,6297000309,6297000309,KG Kurt Geiger Women's Flats Black Patent Maple Jewel,https://www.shoeaholics.com/women/shoes/flats/maple-jewel-bow-black-patent-kg-kurt-geiger-6297000309?utm_source=display&utm_medium=programmatic&utm_campaign=performance&utm_content=rtg,"Black Jewel Embellished Loafers, Black","Black Jewel Embellished Loafers, Black",99.00,139.00,https://kg-static-cache.s3.amazonaws.com/catalog/product/cache/thumbnail/1622x1622/6/2/6297000309.jpg?v=1&width=800,Women > Shoes > Flats,Women > Shoes > Flats,10/09/2026,,FALSE,,225,IN STOCK,,,Black,,,17,TRUE,TRUE,TRUE
Dolce Vita,5929619619,5929619619,5929619619,Dolce Vita Baylee Woven 566,https://www.shoeaholics.com/women/shoes/flats/baylee-woven-566-white-other-fabric-leather-dolce-vita-5929619619?utm_source=display&utm_medium=programmatic&utm_campaign=performance&utm_content=rtg,"Womens Dolce Vita Baylee Woven 566 """", 6 Uk","Womens Dolce Vita Baylee Woven 566 """", 6 Uk",99.00,180.00,https://kg-static-cache.s3.amazonaws.com/catalog/product/cache/thumbnail/1622x1622/5/9/5929619619.jpg?v=1&width=800,Women > Shoes > Flats,Women > Shoes > Flats,10/09/2026,,FALSE,,40,IN STOCK,,,,,,84,TRUE,TRUE,TRUE
Kg Kurt Geiger,5791341829,5791341829,5791341829,KG Kurt Geiger Women's Flats Bone Synthetic Minna,https://www.shoeaholics.com/women/shoes/flats/minna-bone-polyurethane-kg-kurt-geiger-5791341829?utm_source=display&utm_medium=programmatic&utm_campaign=performance&utm_content=rtg,"White Braided Flat, Bone","White Braided Flat, Bone",49.00,129.00,https://kg-static-cache.s3.amazonaws.com/catalog/product/cache/thumbnail/1622x1622/5/7/5791341829.jpg?v=1&width=800,Women > Shoes > Flats,Women > Shoes > Flats,10/09/2026,,FALSE,,19,IN STOCK,,,White,,,110,TRUE,TRUE,TRUE
Steve Madden,6229231209,6229231209,6229231209,Steve Madden Maurea Dark Brown,https://www.shoeaholics.com/women/shoes/flats/maurea-dark-brown-dark-brown-suede-steve-madden-6229231209?utm_source=display&utm_medium=programmatic&utm_campaign=performance&utm_content=rtg,"Womens Steve Madden Maurea Dark Brown """", 6 Uk, Dark Brown","Womens Steve Madden Maurea Dark Brown """", 6 Uk, Dark Brown",99.00,150.00,https://kg-static-cache.s3.amazonaws.com/catalog/product/cache/thumbnail/1622x1622/6/2/6229231209.jpg?v=1&width=800,Women > Shoes > Flats,Women > Shoes > Flats,10/09/2026,,FALSE,,167,IN STOCK,,,Brown,,,35,TRUE,TRUE,TRUE
Steve Madden,5806830209,5806830209,5806830209,Steve Madden Muse Brown Suede,https://www.shoeaholics.com/women/shoes/flats/muse-205-brown-suede-steve-madden-5806830209?utm_source=display&utm_medium=programmatic&utm_campaign=performance&utm_content=rtg,"Womens Steve Madden Muse Brown Suede """", 6 Uk, Brown","Womens Steve Madden Muse Brown Suede """", 6 Uk, Brown",140.00,140.00,https://kg-static-cache.s3.amazonaws.com/catalog/product/cache/thumbnail/1622x1622/5/8/5806830209.jpg?v=1&width=800,Women > Shoes > Flats,Women > Shoes > Flats,10/09/2026,,FALSE,,10,IN STOCK,,,Brown,,,129,TRUE,TRUE,FALSE
Kg Kurt Geiger,6297400309,6297400309,6297400309,KG Kurt Geiger Women's Flats Patent Muse,https://www.shoeaholics.com/women/shoes/flats/muse-black-patent-kg-kurt-geiger-6297400309?utm_source=display&utm_medium=programmatic&utm_campaign=performance&utm_content=rtg,"Black Patent Flat Loafer, Black","Black Patent Flat Loafer, Black",79.00,119.00,https://kg-static-cache.s3.amazonaws.com/catalog/product/cache/thumbnail/1622x1622/6/2/6297400309.jpg?v=1&width=800,Women > Shoes > Flats,Women > Shoes > Flats,10/09/2026,,FALSE,,93,IN STOCK,,,Black,,,63,TRUE,TRUE,TRUE
Kg Kurt Geiger,5736047209,5736047209,5736047209,KG Kurt Geiger Women's Flats Taupe Suede Nellie,https://www.shoeaholics.com/women/shoes/flats/nellie-taupe-suede-kg-kurt-geiger-5736047209?utm_source=display&utm_medium=programmatic&utm_campaign=performance&utm_content=rtg,"Taupe Suede Slip On Loafer, Taupe","Taupe Suede Slip On Loafer, Taupe",99.00,139.00,https://kg-static-cache.s3.amazonaws.com/catalog/product/cache/thumbnail/1622x1622/5/7/5736047209.jpg?v=1&width=800,Women > Shoes > Flats,Women > Shoes > Flats,10/09/2026,,FALSE,,20,IN STOCK,,,Taupe,,,107,TRUE,TRUE,TRUE
Carvela,6285600309,6285600309,6285600309,Carvela Women's Loafers Black Patent Ambra,https://www.shoeaholics.com/women/shoes/flats/ambra-black-patent-carvela-6285600309?utm_source=display&utm_medium=programmatic&utm_campaign=performance&utm_content=rtg,"Black Patent Slip On Loafer, Black","Black Patent Slip On Loafer, Black",79.00,119.00,https://kg-static-cache.s3.amazonaws.com/catalog/product/cache/thumbnail/1622x1622/6/2/6285600309.jpg?v=1&width=800,Women > Shoes > Flats,Women > Shoes > Flats,10/09/2026,,FALSE,,174,IN STOCK,,,Black,,,33,TRUE,TRUE,TRUE
Steve Madden,5752400979,5752400979,5752400979,Steve Madden Rafe Black,https://www.shoeaholics.com/women/shoes/flats/rafe-001-black-synthetic-steve-madden-5752400979?utm_source=display&utm_medium=programmatic&utm_campaign=performance&utm_content=rtg,"Womens Steve Madden Rafe Black """", 6 Uk, Black","Womens Steve Madden Rafe Black """", 6 Uk, Black",120.00,120.00,https://kg-static-cache.s3.amazonaws.com/catalog/product/cache/thumbnail/1622x1622/5/7/5752400979.jpg?v=1&width=800,Women > Shoes > Flats,Women > Shoes > Flats,10/09/2026,,FALSE,,137,IN STOCK,,,Black,,,46,TRUE,TRUE,FALSE
Steve Madden,5941640449,5941640449,5941640449,Steve Madden Meela Beige Raffia,https://www.shoeaholics.com/women/shoes/flats/meela-380-beige-raffia-steve-madden-5941640449?utm_source=display&utm_medium=programmatic&utm_campaign=performance&utm_content=rtg,"Womens Steve Madden Meela Beige Raffia """", 6 Uk, Beige","Womens Steve Madden Meela Beige Raffia """", 6 Uk, Beige",69.00,130.00,https://kg-static-cache.s3.amazonaws.com/catalog/product/cache/thumbnail/1622x1622/5/9/5941640449.jpg?v=1&width=800,Women > Shoes > Flats,Women > Shoes > Flats,10/09/2026,,FALSE,,65,IN STOCK,,,Nude,,,71,TRUE,TRUE,TRUE
Steve Madden,6088215109,6088215109,6088215109,Steve Madden Adison 246,https://www.shoeaholics.com/women/shoes/flats/adison-246-white-comb-leather-steve-madden-6088215109?utm_source=display&utm_medium=programmatic&utm_campaign=performance&utm_content=rtg,"Womens Steve Madden Adison 246 """", 6 Uk, White Comb","Womens Steve Madden Adison 246 """", 6 Uk, White Comb",49.00,120.00,https://kg-static-cache.s3.amazonaws.com/catalog/product/cache/thumbnail/1622x1622/6/0/6088215109.jpg?v=1&width=800,Women > Shoes > Flats,Women > Shoes > Flats,10/09/2026,,FALSE,,20,IN STOCK,,,White,,,108,TRUE,TRUE,TRUE
Kg Kurt Geiger,5139333979,5139333979,5139333979,Kurt Geiger Women's Flats Tan Synthetic Needed,https://www.shoeaholics.com/women/shoes/flats/needed-tan-synthetic-kg-kurt-geiger-5139333979?utm_source=display&utm_medium=programmatic&utm_campaign=performance&utm_content=rtg,"Tan Synthetic Slip On Mule, Tan","Tan Synthetic Slip On Mule, Tan",79.00,119.00,https://kg-static-cache.s3.amazonaws.com/catalog/product/cache/thumbnail/1622x1622/5/1/5139333979.jpg?v=1&width=800,Women > Shoes > Flats,Women > Shoes > Flats,10/09/2026,,FALSE,,232,IN STOCK,,,Tan,,,13,TRUE,TRUE,TRUE
Kurt Geiger London,5088471719,5088471719,5088471719,Kurt Geiger Women's Flats Dark Green snake Print Kingsley,https://www.shoeaholics.com/women/shoes/flats/kingsley-pointed-flat-dark-green-snake-print-kurt-geiger-london-5088471719?utm_source=display&utm_medium=programmatic&utm_campaign=performance&utm_content=rtg,"Green 3D Embossed Flat, Dark Green","Green 3D Embossed Flat, Dark Green",109.00,169.00,https://kg-static-cache.s3.amazonaws.com/catalog/product/cache/thumbnail/1622x1622/5/0/5088471719.jpg?v=1&width=800,Women > Shoes > Flats,Women > Shoes > Flats,10/09/2026,,FALSE,,22,IN STOCK,,,Green,,,104,TRUE,TRUE,TRUE
Carvela,4646070409,4646070409,4646070409,Carvela Women's Croc Print Green Valentina Synthetic Velentina,https://www.shoeaholics.com/women/shoes/flats/valentina-loafer-green-croc-print-carvela-4646070409?utm_source=display&utm_medium=programmatic&utm_campaign=performance&utm_content=rtg,"Dark Green Croc Slingback Loafer, Green","Dark Green Croc Slingback Loafer, Green",69.00,99.00,https://kg-static-cache.s3.amazonaws.com/catalog/product/cache/thumbnail/1622x1622/4/6/4646070409.jpg?v=1&width=800,Women > Shoes > Flats,Women > Shoes > Flats,10/09/2026,,FALSE,,119,IN STOCK,,,Green,,,50,TRUE,TRUE,TRUE
Kg Kurt Geiger,4809040069,4809040069,4809040069,KG Kurt Geiger Women's Flats Beige Fabric Million,https://www.shoeaholics.com/women/shoes/flats/million-beige-fabric-other-kg-kurt-geiger-4809040069?utm_source=display&utm_medium=programmatic&utm_campaign=performance&utm_content=rtg,"Beige Fabric Microsuede Loafer, Beige","Beige Fabric Microsuede Loafer, Beige",79.00,119.00,https://kg-static-cache.s3.amazonaws.com/catalog/product/cache/thumbnail/1622x1622/4/8/4809040069.jpg?v=1&width=800,Women > Shoes > Flats,Women > Shoes > Flats,10/09/2026,,FALSE,,191,IN STOCK,,,Nude,,,26,TRUE,TRUE,TRUE
Carvela,9993331209,9993331209,9993331209,Carvela Women's Loafers Brown Suede Leather Snap,https://www.shoeaholics.com/women/shoes/flats/snap-dark-brown-suede-carvela-9993331209?utm_source=display&utm_medium=programmatic&utm_campaign=performance&utm_content=rtg,"Dark Brown Slip On Loafer, Dark Brown","Dark Brown Slip On Loafer, Dark Brown",79.00,149.00,https://kg-static-cache.s3.amazonaws.com/catalog/product/cache/thumbnail/1622x1622/9/9/9993331209.jpg?v=1&width=800,Women > Shoes > Flats,Women > Shoes > Flats,10/09/2026,,FALSE,,165,IN STOCK,,,Brown,,,38,TRUE,TRUE,TRUE
Carvela,9993354319,9993354319,9993354319,Carvela Women's Loafers Wine Patent Leather Snap,https://www.shoeaholics.com/women/shoes/flats/snap-wine-patent-leather-carvela-9993354319?utm_source=display&utm_medium=programmatic&utm_campaign=performance&utm_content=rtg,"Wine Patent Leather Loafer, Wine","Wine Patent Leather Loafer, Wine",99.00,149.00,https://kg-static-cache.s3.amazonaws.com/catalog/product/cache/thumbnail/1622x1622/9/9/9993354319.jpg?v=1&width=800,Women > Shoes > Flats,Women > Shoes > Flats,10/09/2026,,FALSE,,200,IN STOCK,,,Red,,,23,TRUE,TRUE,TRUE
Carvela,6285654309,6285654309,6285654309,Carvela Women's Wine Patent Ambra,https://www.shoeaholics.com/women/shoes/flats/ambra-wine-patent-carvela-6285654309?utm_source=display&utm_medium=programmatic&utm_campaign=performance&utm_content=rtg,"Wine Patent Loafer, Wine","Wine Patent Loafer, Wine",79.00,119.00,https://kg-static-cache.s3.amazonaws.com/catalog/product/cache/thumbnail/1622x1622/6/2/6285654309.jpg?v=1&width=800,Women > Shoes > Flats,Women > Shoes > Flats,10/09/2026,,FALSE,,203,IN STOCK,,,Red,,,22,TRUE,TRUE,TRUE
Kg Kurt Geiger,5711761109,5711761109,5711761109,Kg Kurt Geiger Nora Ballet Flat,https://www.shoeaholics.com/women/shoes/flats/nora-gold-leather-kg-kurt-geiger-5711761109?utm_source=display&utm_medium=programmatic&utm_campaign=performance&utm_content=rtg,"Womens Kg Kurt Geiger Nora Ballet Flat """", 4 Uk, Gold","Womens Kg Kurt Geiger Nora Ballet Flat """", 4 Uk, Gold",79.00,129.00,https://kg-static-cache.s3.amazonaws.com/catalog/product/cache/thumbnail/1622x1622/5/7/5711761109.jpg?v=1&width=800,Women > Shoes > Flats,Women > Shoes > Flats,10/09/2026,,FALSE,,8,IN STOCK,,,Metallic,,,135,TRUE,TRUE,TRUE
Steve Madden,5124630029,5124630029,5124630029,Steve Madden Detroit Brown,https://www.shoeaholics.com/women/shoes/flats/detroit-275-brown-suede-other-steve-madden-5124630029?utm_source=display&utm_medium=programmatic&utm_campaign=performance&utm_content=rtg,"Womens Steve Madden Detroit Brown """", 6 Uk, Brown","Womens Steve Madden Detroit Brown """", 6 Uk, Brown",39.00,140.00,https://kg-static-cache.s3.amazonaws.com/catalog/product/cache/thumbnail/1622x1622/5/1/5124630029.jpg?v=1&width=800,Women > Shoes > Flats,Women > Shoes > Flats,10/09/2026,,FALSE,,22,IN STOCK,,,Brown,,,105,TRUE,TRUE,TRUE
Steve Madden,5144800109,5144800109,5144800109,Steve Madden Sianna Black,https://www.shoeaholics.com/women/shoes/flats/shay-bla-black-leather-steve-madden-5144800109?utm_source=display&utm_medium=programmatic&utm_campaign=performance&utm_content=rtg,"Womens Steve Madden Sianna Black """", 5 Uk, Black","Womens Steve Madden Sianna Black """", 5 Uk, Black",120.00,120.00,https://kg-static-cache.s3.amazonaws.com/catalog/product/cache/thumbnail/1622x1622/5/1/5144800109.jpg?v=1&width=800,Women > Shoes > Flats,Women > Shoes > Flats,10/09/2026,,FALSE,,87,IN STOCK,,,Black,,,66,TRUE,TRUE,FALSE
Steve Madden,4924142609,4924142609,4924142609,Steve Madden Alara Cream,https://www.shoeaholics.com/women/shoes/flats/alara-sdp-cream-fabric-steve-madden-4924142609?utm_source=display&utm_medium=programmatic&utm_campaign=performance&utm_content=rtg,"Womens Steve Madden Alara Cream """", 8 Uk, Cream","Womens Steve Madden Alara Cream """", 8 Uk, Cream",89.00,130.00,https://kg-static-cache.s3.amazonaws.com/catalog/product/cache/thumbnail/1622x1622/4/9/4924142609.jpg?v=1&width=800,Women > Shoes > Flats,Women > Shoes > Flats,10/09/2026,,FALSE,,12,IN STOCK,,,Nude,,,124,TRUE,TRUE,TRUE
Steve Madden,4979341209,4979341209,4979341209,Steve Madden Portland Loafer Bone,https://www.shoeaholics.com/women/shoes/flats/portland-290-bone-suede-steve-madden-4979341209?utm_source=display&utm_medium=programmatic&utm_campaign=performance&utm_content=rtg,"Womens Steve Madden Portland Loafer Bone """", 6 Uk, Bone","Womens Steve Madden Portland Loafer Bone """", 6 Uk, Bone",130.00,130.00,https://kg-static-cache.s3.amazonaws.com/catalog/product/cache/thumbnail/1622x1622/4/9/4979341209.jpg?v=1&width=800,Women > Shoes > Flats,Women > Shoes > Flats,10/09/2026,,FALSE,,52,IN STOCK,,,White,,,79,TRUE,TRUE,FALSE
Kurt Geiger London,5088454419,5088454419,5088454419,Kurt Geiger Women's Flats Croc Print Leather Kingsley,https://www.shoeaholics.com/women/shoes/flats/kingsley-pointed-flat-wine-croc-print-leather-kurt-geiger-london-5088454419?utm_source=display&utm_medium=programmatic&utm_campaign=performance&utm_content=rtg,"Wine Croc Pointed Flat Shoe, Wine","Wine Croc Pointed Flat Shoe, Wine",99.00,159.00,https://kg-static-cache.s3.amazonaws.com/catalog/product/cache/thumbnail/1622x1622/5/0/5088454419.jpg?v=1&width=800,Women > Shoes > Flats,Women > Shoes > Flats,10/09/2026,,FALSE,,77,IN STOCK,,,Red,,,69,TRUE,TRUE,TRUE
Steve Madden,6089262109,6089262109,6089262109,Steve Madden Archer Ballet Flat Silver,https://www.shoeaholics.com/women/shoes/flats/archer-617-pewter-leather-steve-madden-6089262109?utm_source=display&utm_medium=programmatic&utm_campaign=performance&utm_content=rtg,"Womens Steve Madden Archer Ballet Flat Silver """", 5 Uk, Pewter","Womens Steve Madden Archer Ballet Flat Silver """", 5 Uk, Pewter",49.00,130.00,https://kg-static-cache.s3.amazonaws.com/catalog/product/cache/thumbnail/1622x1622/6/0/6089262109.jpg?v=1&width=800,Women > Shoes > Flats,Women > Shoes > Flats,10/09/2026,,FALSE,,17,IN STOCK,,,Metallic,,,117,TRUE,TRUE,TRUE
Carvela,6030000109,6030000109,6030000109,Carvela Women's Flats Leather Snap Chunky,https://www.shoeaholics.com/women/shoes/flats/snap-chunky-tassel-black-leather-carvela-6030000109?utm_source=display&utm_medium=programmatic&utm_campaign=performance&utm_content=rtg,"Black Leather Chunky Tassel Loafer, Black","Black Leather Chunky Tassel Loafer, Black",99.00,149.00,https://kg-static-cache.s3.amazonaws.com/catalog/product/cache/thumbnail/1622x1622/6/0/6030000109.jpg?v=1&width=800,Women > Shoes > Flats,Women > Shoes > Flats,10/09/2026,,FALSE,,130,IN STOCK,,,Black,,,47,TRUE,TRUE,TRUE
Kg Kurt Geiger,5823100309,5823100309,5823100309,KG Kurt Geiger Women's Loafers Black Patent Marnie,https://www.shoeaholics.com/women/shoes/flats/marnie-black-patent-kg-kurt-geiger-5823100309?utm_source=display&utm_medium=programmatic&utm_campaign=performance&utm_content=rtg,"Black Patent Slip On Loafer, Black","Black Patent Slip On Loafer, Black",109.00,149.00,https://kg-static-cache.s3.amazonaws.com/catalog/product/cache/thumbnail/1622x1622/5/8/5823100309.jpg?v=1&width=800,Women > Shoes > Flats,Women > Shoes > Flats,10/09/2026,,FALSE,,229,IN STOCK,,,Black,,,15,TRUE,TRUE,TRUE
Steve Madden,5942033209,5942033209,5942033209,Steve Madden Samual Tan,https://www.shoeaholics.com/women/shoes/flats/samual-839-tan-suede-steve-madden-5942033209?utm_source=display&utm_medium=programmatic&utm_campaign=performance&utm_content=rtg,"Womens Steve Madden Samual Tan """", 5 Uk, Tan","Womens Steve Madden Samual Tan """", 5 Uk, Tan",120.00,150.00,https://kg-static-cache.s3.amazonaws.com/catalog/product/cache/thumbnail/1622x1622/5/9/5942033209.jpg?v=1&width=800,Women > Shoes > Flats,Women > Shoes > Flats,10/09/2026,,FALSE,,26,IN STOCK,,,Tan,,,94,TRUE,TRUE,TRUE
Kurt Geiger London,6490730609,6490730609,6490730609,Kurt Geiger Women's Slippers brown Fabric Kingsley,https://www.shoeaholics.com/women/shoes/flats/kingsley-slipper-brown-fabric-kurt-geiger-london-6490730609?utm_source=display&utm_medium=programmatic&utm_campaign=performance&utm_content=rtg,"Womens Kurt Geiger London Kingsley Slipper """", 5 Uk, Brown","Womens Kurt Geiger London Kingsley Slipper """", 5 Uk, Brown",69.00,99.00,https://kg-static-cache.s3.amazonaws.com/catalog/product/cache/thumbnail/1622x1622/6/4/6490730609.jpg?v=1&width=800,Women > Shoes > Flats,Women > Shoes > Flats,10/09/2026,,FALSE,,209,IN STOCK,,,Brown,,,20,TRUE,TRUE,TRUE
Steve Madden,5804700609,5804700609,5804700609,Steve Madden Gayla Black,https://www.shoeaholics.com/women/shoes/flats/gayla-001-black-fabric-steve-madden-5804700609?utm_source=display&utm_medium=programmatic&utm_campaign=performance&utm_content=rtg,"Womens Steve Madden Gayla Black """", 5 Uk, Black","Womens Steve Madden Gayla Black """", 5 Uk, Black",89.00,120.00,https://kg-static-cache.s3.amazonaws.com/catalog/product/cache/thumbnail/1622x1622/5/8/5804700609.jpg?v=1&width=800,Women > Shoes > Flats,Women > Shoes > Flats,10/09/2026,,FALSE,,64,IN STOCK,,,Black,,,72,TRUE,TRUE,TRUE
Carvela,5515900979,5515900979,5515900979,Carvela Women's Slippers Black Faux Fur Synthetic Jackpot,https://www.shoeaholics.com/women/shoes/flats/jackpor-fur-slipper-black-synthetic-carvela-5515900979?utm_source=display&utm_medium=programmatic&utm_campaign=performance&utm_content=rtg,"Black Faux Fur Jackpot Slipper, Black","Black Faux Fur Jackpot Slipper, Black",39.00,69.00,https://kg-static-cache.s3.amazonaws.com/catalog/product/cache/thumbnail/1622x1622/5/5/5515900979.jpg?v=1&width=800,Women > Shoes > Flats,Women > Shoes > Flats,10/09/2026,,FALSE,,55,IN STOCK,,,Black,,,78,TRUE,TRUE,TRUE
Kg Kurt Geiger,5736200069,5736200069,5736200069,KG Kurt Geiger Women's Flats Black Fabric Rhoda,https://www.shoeaholics.com/women/shoes/flats/rhoda-ballet-black-fabric-other-kg-kurt-geiger-5736200069?utm_source=display&utm_medium=programmatic&utm_campaign=performance&utm_content=rtg,"Black Braided Ballet Flat, Black","Black Braided Ballet Flat, Black",99.00,129.00,https://kg-static-cache.s3.amazonaws.com/catalog/product/cache/thumbnail/1622x1622/5/7/5736200069.jpg?v=1&width=800,Women > Shoes > Flats,Women > Shoes > Flats,10/09/2026,,FALSE,,13,IN STOCK,,,Black,,,122,TRUE,TRUE,TRUE
Steve Madden,5807130209,5807130209,5807130209,Steve Madden Patrizia Brown Suede,https://www.shoeaholics.com/women/shoes/flats/patrizia-205-brown-suede-steve-madden-5807130209?utm_source=display&utm_medium=programmatic&utm_campaign=performance&utm_content=rtg,"Womens Steve Madden Patrizia Brown Suede """", 6 Uk, Brown","Womens Steve Madden Patrizia Brown Suede """", 6 Uk, Brown",120.00,120.00,https://kg-static-cache.s3.amazonaws.com/catalog/product/cache/thumbnail/1622x1622/5/8/5807130209.jpg?v=1&width=800,Women > Shoes > Flats,Women > Shoes > Flats,10/09/2026,,FALSE,,25,IN STOCK,,,Brown,,,97,TRUE,TRUE,FALSE
Kg Kurt Geiger,5711700109,5711700109,5711700109,KG Kurt Geiger Women's Flats Black Leather Nora,https://www.shoeaholics.com/women/shoes/flats/nora-black-leather-kg-kurt-geiger-5711700109?utm_source=display&utm_medium=programmatic&utm_campaign=performance&utm_content=rtg,"Woven Black Leather Flats, Black","Woven Black Leather Flats, Black",79.00,129.00,https://kg-static-cache.s3.amazonaws.com/catalog/product/cache/thumbnail/1622x1622/5/7/5711700109.jpg?v=1&width=800,Women > Shoes > Flats,Women > Shoes > Flats,10/09/2026,,FALSE,,18,IN STOCK,,,Black,,,112,TRUE,TRUE,TRUE
Steve Madden,6166405979,6166405979,6166405979,Steve Madden Nanette Mule Black,https://www.shoeaholics.com/women/shoes/flats/nanette-018-black-combination-synthetic-steve-madden-6166405979?utm_source=display&utm_medium=programmatic&utm_campaign=performance&utm_content=rtg,"Womens Steve Madden Nanette Mule Black """", 4 Uk, Black","Womens Steve Madden Nanette Mule Black """", 4 Uk, Black",49.00,140.00,https://kg-static-cache.s3.amazonaws.com/catalog/product/cache/thumbnail/1622x1622/6/1/6166405979.jpg?v=1&width=800,Women > Shoes > Flats,Women > Shoes > Flats,10/09/2026,,FALSE,,10,IN STOCK,,,Black,,,130,TRUE,TRUE,TRUE
Kg Kurt Geiger,3847284979,3847284979,3847284979,Kg Kurt Geiger More Loafer,https://www.shoeaholics.com/women/shoes/flats/more-navy-synthetic-kg-kurt-geiger-3847284979?utm_source=display&utm_medium=programmatic&utm_campaign=performance&utm_content=rtg,"Womens Kg Kurt Geiger More Loafer """", 9 Uk, Navy","Womens Kg Kurt Geiger More Loafer """", 9 Uk, Navy",89.00,129.00,https://kg-static-cache.s3.amazonaws.com/catalog/product/cache/thumbnail/1622x1622/3/8/3847284979.jpg?v=1&width=800,Women > Shoes > Flats,Women > Shoes > Flats,10/09/2026,,FALSE,,181,IN STOCK,,,Blue,,,30,TRUE,TRUE,TRUE
Kurt Geiger London,5757300609,5757300609,5757300609,Kurt Geiger London Greenwich Moccasin,https://www.shoeaholics.com/women/shoes/flats/greenwich-moccasin-black-fabric-kurt-geiger-london-5757300609?utm_source=display&utm_medium=programmatic&utm_campaign=performance&utm_content=rtg,"Womens Kurt Geiger London Greenwich Moccasin """", 5 Uk, Black","Womens Kurt Geiger London Greenwich Moccasin """", 5 Uk, Black",99.00,159.00,https://kg-static-cache.s3.amazonaws.com/catalog/product/cache/thumbnail/1622x1622/5/7/5757300609.jpg?v=1&width=800,Women > Shoes > Flats,Women > Shoes > Flats,10/09/2026,,FALSE,,99,IN STOCK,,,Black,,,60,TRUE,TRUE,TRUE
Steve Madden,6050400789,6050400789,6050400789,Steve Madden Velma Black Velvet,https://www.shoeaholics.com/women/shoes/flats/velma-099-black-velvet-steve-madden-6050400789?utm_source=display&utm_medium=programmatic&utm_campaign=performance&utm_content=rtg,"Womens Steve Madden Velma Black Velvet """", 6 Uk, Black","Womens Steve Madden Velma Black Velvet """", 6 Uk, Black",100.00,140.00,https://kg-static-cache.s3.amazonaws.com/catalog/product/cache/thumbnail/1622x1622/6/0/6050400789.jpg?v=1&width=800,Women > Shoes > Flats,Women > Shoes > Flats,10/09/2026,,FALSE,,7,IN STOCK,,,Black,,,141,TRUE,TRUE,TRUE
Dolce Vita,5929632619,5929632619,5929632619,Dolce Vita Baylee Woven 291,https://www.shoeaholics.com/women/shoes/flats/baylee-woven-291-mid-brown-fabric-leather-dolce-vita-5929632619?utm_source=display&utm_medium=programmatic&utm_campaign=performance&utm_content=rtg,"Womens Dolce Vita Baylee Woven 291 """", 5 Uk, Mid Brown","Womens Dolce Vita Baylee Woven 291 """", 5 Uk, Mid Brown",99.00,180.00,https://kg-static-cache.s3.amazonaws.com/catalog/product/cache/thumbnail/1622x1622/5/9/5929632619.jpg?v=1&width=800,Women > Shoes > Flats,Women > Shoes > Flats,10/09/2026,,FALSE,,26,IN STOCK,,,Brown,,,95,TRUE,TRUE,TRUE
Carvela,5516047979,5516047979,5516047979,Carvela Women's Slippers Taupe Faux Fur Synthetic Jackpot,https://www.shoeaholics.com/women/shoes/flats/jackpot-fur-slipper-taupe-synthetic-carvela-5516047979?utm_source=display&utm_medium=programmatic&utm_campaign=performance&utm_content=rtg,"Taupe Faux Fur Slipper, Taupe","Taupe Faux Fur Slipper, Taupe",69.00,69.00,https://kg-static-cache.s3.amazonaws.com/catalog/product/cache/thumbnail/1622x1622/5/5/5516047979.jpg?v=1&width=800,Women > Shoes > Flats,Women > Shoes > Flats,10/09/2026,,FALSE,,18,IN STOCK,,,Taupe,,,113,TRUE,TRUE,FALSE
Carvela,5515230979,5515230979,5515230979,Carvela Women's Slippers Med Brown Synthetic Jackpot,https://www.shoeaholics.com/women/shoes/flats/jackpot-fur-slipper-brown-synthetic-carvela-5515230979?utm_source=display&utm_medium=programmatic&utm_campaign=performance&utm_content=rtg,"Leopard Faux Fur Slipper, Brown","Leopard Faux Fur Slipper, Brown",69.00,69.00,https://kg-static-cache.s3.amazonaws.com/catalog/product/cache/thumbnail/1622x1622/5/5/5515230979.jpg?v=1&width=800,Women > Shoes > Flats,Women > Shoes > Flats,10/09/2026,,FALSE,,19,IN STOCK,,,Brown,,,111,TRUE,TRUE,FALSE
Carvela,6385905799,6385905799,6385905799,Carvela Women's Flats Black Combination Senza,https://www.shoeaholics.com/women/shoes/flats/senza-black-combination-suedette-carvela-6385905799?utm_source=display&utm_medium=programmatic&utm_campaign=performance&utm_content=rtg,"Womens Carvela Senza Slip On """", 5 Uk, Black","Womens Carvela Senza Slip On """", 5 Uk, Black",89.00,129.00,https://kg-static-cache.s3.amazonaws.com/catalog/product/cache/thumbnail/1622x1622/6/3/6385905799.jpg?v=1&width=800,Women > Shoes > Flats,Women > Shoes > Flats,10/09/2026,,FALSE,,171,IN STOCK,,,Black,,,34,TRUE,TRUE,TRUE
Kurt Geiger London,5757331209,5757331209,5757331209,Kurt Geiger Women's Flats Dark Brown Suede Greenwich,https://www.shoeaholics.com/women/shoes/flats/greenwich-moccasin-dark-brown-suede-kurt-geiger-london-5757331209?utm_source=display&utm_medium=programmatic&utm_campaign=performance&utm_content=rtg,"Womens Kurt Geiger London Greenwich Moccasin """", 5 Uk, Dark Brown","Womens Kurt Geiger London Greenwich Moccasin """", 5 Uk, Dark Brown",99.00,159.00,https://kg-static-cache.s3.amazonaws.com/catalog/product/cache/thumbnail/1622x1622/5/7/5757331209.jpg?v=1&width=800,Women > Shoes > Flats,Women > Shoes > Flats,10/09/2026,,FALSE,,94,IN STOCK,,,Brown,,,62,TRUE,TRUE,TRUE
Steve Madden,4979330209,4979330209,4979330209,Steve Madden Portland Loafer Brown Suede,https://www.shoeaholics.com/women/shoes/flats/portland-935-brown-suede-steve-madden-4979330209?utm_source=display&utm_medium=programmatic&utm_campaign=performance&utm_content=rtg,"Womens Steve Madden Portland Loafer Brown Suede """", 5 Uk, Brown","Womens Steve Madden Portland Loafer Brown Suede """", 5 Uk, Brown",130.00,130.00,https://kg-static-cache.s3.amazonaws.com/catalog/product/cache/thumbnail/1622x1622/4/9/4979330209.jpg?v=1&width=800,Women > Shoes > Flats,Women > Shoes > Flats,10/09/2026,,FALSE,,35,IN STOCK,,,Brown,,,87,TRUE,TRUE,FALSE
Carvela,0858684309,0858684309,0858684309,Carvela Women's Flats Navy Patent Synthetic Sky Tassel,https://www.shoeaholics.com/women/shoes/flats/sky-tassel-navy-patent-carvela-0858684309?utm_source=display&utm_medium=programmatic&utm_campaign=performance&utm_content=rtg,"Navy Patent Slip On Loafer, Navy","Navy Patent Slip On Loafer, Navy",89.00,129.00,https://kg-static-cache.s3.amazonaws.com/catalog/product/cache/thumbnail/1622x1622/0/8/0858684309.jpg?v=1&width=800,Women > Shoes > Flats,Women > Shoes > Flats,10/09/2026,,FALSE,,189,IN STOCK,,,Blue,,,28,TRUE,TRUE,TRUE
Steve Madden,4266900069,4266900069,4266900069,Steve Madden Viv Ballet Flat,https://www.shoeaholics.com/women/shoes/flats/viv-001-black-fabric-other-steve-madden-4266900069?utm_source=display&utm_medium=programmatic&utm_campaign=performance&utm_content=rtg,"Womens Steve Madden Viv Ballet Flat """", 4 Uk, Black","Womens Steve Madden Viv Ballet Flat """", 4 Uk, Black",49.00,110.00,https://kg-static-cache.s3.amazonaws.com/catalog/product/cache/thumbnail/1622x1622/4/2/4266900069.jpg?v=1&width=800,Women > Shoes > Flats,Women > Shoes > Flats,10/09/2026,,FALSE,,18,IN STOCK,,,Black,,,114,TRUE,TRUE,TRUE
Steve Madden,5942010109,5942010109,5942010109,Steve Madden Samual White,https://www.shoeaholics.com/women/shoes/flats/samual-107-white-leather-steve-madden-5942010109?utm_source=display&utm_medium=programmatic&utm_campaign=performance&utm_content=rtg,"Womens Steve Madden Samual White """", 5 Uk, White","Womens Steve Madden Samual White """", 5 Uk, White",120.00,150.00,https://kg-static-cache.s3.amazonaws.com/catalog/product/cache/thumbnail/1622x1622/5/9/5942010109.jpg?v=1&width=800,Women > Shoes > Flats,Women > Shoes > Flats,10/09/2026,,FALSE,,18,IN STOCK,,,White,,,115,TRUE,TRUE,TRUE
Carvela,5410200609,5410200609,5410200609,Carvela Women's Flat Synthetic Tempt,https://www.shoeaholics.com/women/shoes/flats/tempt-flat-black-fabric-carvela-5410200609?utm_source=display&utm_medium=programmatic&utm_campaign=performance&utm_content=rtg,"Black Fabric Slip On Flat, Black","Black Fabric Slip On Flat, Black",69.00,99.00,https://kg-static-cache.s3.amazonaws.com/catalog/product/cache/thumbnail/1622x1622/5/4/5410200609.jpg?v=1&width=800,Women > Shoes > Flats,Women > Shoes > Flats,10/09/2026,,FALSE,,18,IN STOCK,,,Black,,,116,TRUE,TRUE,TRUE
Steve Madden,5078430209,5078430209,5078430209,Steve Madden Ports Brown,https://www.shoeaholics.com/women/shoes/flats/ports-brown-suede-steve-madden-5078430209?utm_source=display&utm_medium=programmatic&utm_campaign=performance&utm_content=rtg,"Womens Steve Madden Ports Brown """", 6 Uk, Brown","Womens Steve Madden Ports Brown """", 6 Uk, Brown",130.00,130.00,https://kg-static-cache.s3.amazonaws.com/catalog/product/cache/thumbnail/1622x1622/5/0/5078430209.jpg?v=1&width=800,Women > Shoes > Flats,Women > Shoes > Flats,10/09/2026,,FALSE,,113,IN STOCK,,,Brown,,,55,TRUE,TRUE,FALSE
Dolce Vita,5929239619,5929239619,5929239619,Dolce Vita Baylee Grommet 204,https://www.shoeaholics.com/women/shoes/flats/baylee-grommet-204-brown-other-fabric-leather-dolce-vita-5929239619?utm_source=display&utm_medium=programmatic&utm_campaign=performance&utm_content=rtg,"Womens Dolce Vita Baylee Grommet 204 """", 6 Uk","Womens Dolce Vita Baylee Grommet 204 """", 6 Uk",99.00,150.00,https://kg-static-cache.s3.amazonaws.com/catalog/product/cache/thumbnail/1622x1622/5/9/5929239619.jpg?v=1&width=800,Women > Shoes > Flats,Women > Shoes > Flats,10/09/2026,,FALSE,,25,IN STOCK,,,,,,98,TRUE,TRUE,TRUE
Steve Madden,5752454979,5752454979,5752454979,Steve Madden Rafe Wine,https://www.shoeaholics.com/women/shoes/flats/rafe-622-wine-synthetic-steve-madden-5752454979?utm_source=display&utm_medium=programmatic&utm_campaign=performance&utm_content=rtg,"Womens Steve Madden Rafe Wine """", 6 Uk, Wine","Womens Steve Madden Rafe Wine """", 6 Uk, Wine",120.00,120.00,https://kg-static-cache.s3.amazonaws.com/catalog/product/cache/thumbnail/1622x1622/5/7/5752454979.jpg?v=1&width=800,Women > Shoes > Flats,Women > Shoes > Flats,10/09/2026,,FALSE,,33,IN STOCK,,,Red,,,88,TRUE,TRUE,FALSE
Steve Madden,5804798609,5804798609,5804798609,Steve Madden Gayla Pink,https://www.shoeaholics.com/women/shoes/flats/gayla-008-pink-fabric-steve-madden-5804798609?utm_source=display&utm_medium=programmatic&utm_campaign=performance&utm_content=rtg,"Womens Steve Madden Gayla Pink """", 5 Uk, Pink","Womens Steve Madden Gayla Pink """", 5 Uk, Pink",89.00,120.00,https://kg-static-cache.s3.amazonaws.com/catalog/product/cache/thumbnail/1622x1622/5/8/5804798609.jpg?v=1&width=800,Women > Shoes > Flats,Women > Shoes > Flats,10/09/2026,,FALSE,,6,IN STOCK,,,Pink,,,143,TRUE,TRUE,TRUE
Kg Kurt Geiger,5736261069,5736261069,5736261069,KG Kurt Geiger Women's Flats Gold Fabric Rhoda,https://www.shoeaholics.com/women/shoes/flats/rhoda-ballet-gold-fabric-other-kg-kurt-geiger-5736261069?utm_source=display&utm_medium=programmatic&utm_campaign=performance&utm_content=rtg,"Gold Ballet Flat, Gold","Gold Ballet Flat, Gold",99.00,129.00,https://kg-static-cache.s3.amazonaws.com/catalog/product/cache/thumbnail/1622x1622/5/7/5736261069.jpg?v=1&width=800,Women > Shoes > Flats,Women > Shoes > Flats,10/09/2026,,FALSE,,8,IN STOCK,,,Metallic,,,136,TRUE,TRUE,TRUE
Kurt Geiger London,5757389609,5757389609,5757389609,Kurt Geiger Women's Flats Blue Other Fabric Greenwich Moccasin,https://www.shoeaholics.com/women/shoes/flats/greenwich-moccasin-blue-other-fabric-kurt-geiger-london-5757389609?utm_source=display&utm_medium=programmatic&utm_campaign=performance&utm_content=rtg,Blue Denim Sequin Loafer,Blue Denim Sequin Loafer,109.00,159.00,https://kg-static-cache.s3.amazonaws.com/catalog/product/cache/thumbnail/1622x1622/5/7/5757389609.jpg?v=1&width=800,Women > Shoes > Flats,Women > Shoes > Flats,10/09/2026,,FALSE,,6,IN STOCK,,,,,,144,TRUE,TRUE,TRUE
Steve Madden,6238231979,6238231979,6238231979,Steve Madden Katja Dark Brown,https://www.shoeaholics.com/women/shoes/flats/katja-black-dark-brown-synthetic-steve-madden-6238231979?utm_source=display&utm_medium=programmatic&utm_campaign=performance&utm_content=rtg,"Womens Steve Madden Katja Dark Brown """", 6 Uk, Dark Brown","Womens Steve Madden Katja Dark Brown """", 6 Uk, Dark Brown",140.00,190.00,https://kg-static-cache.s3.amazonaws.com/catalog/product/cache/thumbnail/1622x1622/6/2/6238231979.jpg?v=1&width=800,Women > Shoes > Flats,Women > Shoes > Flats,10/09/2026,,FALSE,,24,IN STOCK,,,Brown,,,99,TRUE,TRUE,TRUE
Carvela,5149748209,5149748209,5149748209,Carvela Women's Flats Camel Suede Snap Chunky,https://www.shoeaholics.com/women/shoes/flats/snap-chunky-camel-suede-carvela-5149748209?utm_source=display&utm_medium=programmatic&utm_campaign=performance&utm_content=rtg,"Womens Carvela Snap Chunky Loafer """", 9 Uk, Camel","Womens Carvela Snap Chunky Loafer """", 9 Uk, Camel",89.00,149.00,https://kg-static-cache.s3.amazonaws.com/catalog/product/cache/thumbnail/1622x1622/5/1/5149748209.jpg?v=1&width=800,Women > Shoes > Flats,Women > Shoes > Flats,10/09/2026,,FALSE,,8,IN STOCK,,,Tan,,,137,TRUE,TRUE,TRUE
Steve Madden,6080431209,6080431209,6080431209,Steve Madden Rascals Dark Brown Suede,https://www.shoeaholics.com/women/shoes/flats/rascals-215-dark-brown-suede-steve-madden-6080431209?utm_source=display&utm_medium=programmatic&utm_campaign=performance&utm_content=rtg,"Womens Steve Madden Rascals Dark Brown Suede """", 6 Uk, Dark Brown","Womens Steve Madden Rascals Dark Brown Suede """", 6 Uk, Dark Brown",89.00,140.00,https://kg-static-cache.s3.amazonaws.com/catalog/product/cache/thumbnail/1622x1622/6/0/6080431209.jpg?v=1&width=800,Women > Shoes > Flats,Women > Shoes > Flats,10/09/2026,,FALSE,,29,IN STOCK,,,Brown,,,90,TRUE,TRUE,TRUE
Steve Madden,5871569609,5871569609,5871569609,Steve Madden Mino Multi,https://www.shoeaholics.com/women/shoes/flats/mino-183-multi-other-fabric-steve-madden-5871569609?utm_source=display&utm_medium=programmatic&utm_campaign=performance&utm_content=rtg,"Womens Steve Madden Mino Multi """", 5 Uk","Womens Steve Madden Mino Multi """", 5 Uk",49.00,49.00,https://kg-static-cache.s3.amazonaws.com/catalog/product/cache/thumbnail/1622x1622/5/8/5871569609.jpg?v=1&width=800,Women > Shoes > Flats,Women > Shoes > Flats,10/09/2026,,FALSE,,12,IN STOCK,,,,,,125,TRUE,TRUE,FALSE
Steve Madden,6080433209,6080433209,6080433209,Steve Madden Rascals Tan Suede,https://www.shoeaholics.com/women/shoes/flats/rascals-215-tan-suede-steve-madden-6080433209?utm_source=display&utm_medium=programmatic&utm_campaign=performance&utm_content=rtg,"Womens Steve Madden Rascals Tan Suede """", 6 Uk, Tan","Womens Steve Madden Rascals Tan Suede """", 6 Uk, Tan",89.00,140.00,https://kg-static-cache.s3.amazonaws.com/catalog/product/cache/thumbnail/1622x1622/6/0/6080433209.jpg?v=1&width=800,Women > Shoes > Flats,Women > Shoes > Flats,10/09/2026,,FALSE,,32,IN STOCK,,,Tan,,,89,TRUE,TRUE,TRUE
Kurt Geiger London,5757339609,5757339609,5757339609,Kurt Geiger Women's Flats Brown Other Fabric Greenwich Moccasin,https://www.shoeaholics.com/women/shoes/flats/greenwich-moccasin-brown-other-fabric-kurt-geiger-london-5757339609?utm_source=display&utm_medium=programmatic&utm_campaign=performance&utm_content=rtg,Brown Fabric Sequin Flat Loafer,Brown Fabric Sequin Flat Loafer,109.00,159.00,https://kg-static-cache.s3.amazonaws.com/catalog/product/cache/thumbnail/1622x1622/5/7/5757339609.jpg?v=1&width=800,Women > Shoes > Flats,Women > Shoes > Flats,10/09/2026,,FALSE,,8,IN STOCK,,,,,,138,TRUE,TRUE,TRUE
