prclient,prid,prid_filtered,prname,prurl,prshortdescription,prdescription,prdisplayprice,prprice,primageurl,prcategory,prsubcategory,prcreatedon,pralternativeurl,prbestseller,prsku,pravailablequantity,pravailability,prquantitysold,prsize,prcolor,prcountry,prfromprice,prposition,isactive,isdefault,pronsale
Steve Madden,15866528465276.0,15866528465276.0,Ensemble Black,https://stevemadden.co.uk/products/ensemble-black?utm_source=display&utm_medium=programmatic&utm_campaign=performance&utm_content=rtg,"<p>The ENSEMBLE 169 from Steve Madden offers a sophisticated blend of elegance and charm. This black occasion shoe features a delicate fabric upper adorned with intricate lace detailing, paired with a stylish slingback design. The standout bow accent on the strap adds a playful yet refined touch, making it perfect for special events. With a comfortable 6.5cm heel height, it balances style and wearability effortlessly.

</p><ul>
<li>Heel Height: 6.5cm</li>
<li>Material: Fabric</li>
<li>Line Number: 4889500609</li>
</ul><p></p>","<p>The ENSEMBLE 169 from Steve Madden offers a sophisticated blend of elegance and charm. This black occasion shoe features a delicate fabric upper adorned with intricate lace detailing, paired with a stylish slingback design. The standout bow accent on the strap adds a playful yet refined touch, making it perfect for special events. With a comfortable 6.5cm heel height, it balances style and wearability effortlessly.

</p><ul>
<li>Heel Height: 6.5cm</li>
<li>Material: Fabric</li>
<li>Line Number: 4889500609</li>
</ul><p></p>",140.00,140.00,https://cdn.shopify.com/s/files/1/0083/3903/0082/files/4889500609_20.jpg?width=800,Occasion,"*48895*, AW26, ENSEMBLE-P, FEB2026, Heels, MID, Mid Heel, N/A, POINTED TOE, RUBBER, SLINGBACKS, WOMENS",18/08/2026,,TRUE,5045658296172,430,IN STOCK,,"UK 3, UK 4, UK 5, UK 6, UK 7, UK 8, UK 9",BLACK,,,7,TRUE,TRUE,FALSE
Steve Madden,15871427314044.0,15871427314044.0,Aziel Dark Brown,https://stevemadden.co.uk/products/aziel-dark-brown?utm_source=display&utm_medium=programmatic&utm_campaign=performance&utm_content=rtg,"The Aziel Dark Brown sneaker combines casual style with a touch of sophistication. Crafted from rich suede leather, its deep dark brown colour offers a versatile look that pairs effortlessly with various outfits. The design features contrasting blue and white laces for a playful twist, while the sturdy sole ensures comfort and durability for everyday wear.<ul>
<li>Material: Suede Leather</li>
<li>Line Number: 5721631219</li>
</ul>","The Aziel Dark Brown sneaker combines casual style with a touch of sophistication. Crafted from rich suede leather, its deep dark brown colour offers a versatile look that pairs effortlessly with various outfits. The design features contrasting blue and white laces for a playful twist, while the sturdy sole ensures comfort and durability for everyday wear.<ul>
<li>Material: Suede Leather</li>
<li>Line Number: 5721631219</li>
</ul>",140.00,140.00,https://cdn.shopify.com/s/files/1/0083/3903/0082/files/5721631219_20.jpg?width=800,Sneakers,"*57216*, AW26, AZIEL, CLOSED TOE, FEB2026, Flat, N/A, SYNTHETIC, Trainers, WOMENS, YGroup_aziel",18/08/2026,,TRUE,5045659962984,171,IN STOCK,,"UK 3, UK 4, UK 5, UK 6, UK 7, UK 8",DARK BROWN,,,23,TRUE,TRUE,FALSE
Steve Madden,15871429280124.0,15871429280124.0,Aziel Camel,https://stevemadden.co.uk/products/aziel-camel?utm_source=display&utm_medium=programmatic&utm_campaign=performance&utm_content=rtg,"Step out in style with the Aziel Camel sneakers, crafted from soft suede that brings a touch of luxury to your casual wardrobe. Featuring a warm camel colour, these sneakers blend comfort and fashion effortlessly, making them a versatile choice for everyday wear.<ul>
  <li>Material: Suede</li>
  <li>Line Number: 5721648209</li>
</ul>","Step out in style with the Aziel Camel sneakers, crafted from soft suede that brings a touch of luxury to your casual wardrobe. Featuring a warm camel colour, these sneakers blend comfort and fashion effortlessly, making them a versatile choice for everyday wear.<ul>
  <li>Material: Suede</li>
  <li>Line Number: 5721648209</li>
</ul>",140.00,140.00,https://cdn.shopify.com/s/files/1/0083/3903/0082/files/5721648209_20.jpg?width=800,Sneakers,"*57216*, AW26, AZIEL, CLOSED TOE, FEB2026, Flat, Low Tops, N/A, SYNTHETIC, Trainers, WOMENS, YGroup_aziel",18/08/2026,,TRUE,5045659739319,198,IN STOCK,,"UK 3, UK 4, UK 5, UK 6, UK 7, UK 8, UK 9",CAMEL,,,20,TRUE,TRUE,FALSE
Steve Madden,15872347734396.0,15872347734396.0,Beau Black,https://stevemadden.co.uk/products/beau-black?utm_source=display&utm_medium=programmatic&utm_campaign=performance&utm_content=rtg,"The Beau Black boot from the BEAU BOOT family is a sleek high-leg design crafted from premium black leather. Featuring bold buckle details at the ankle and top, this boot combines rugged style with refined craftsmanship, perfect for making a statement in any wardrobe.

<ul>
  <li>Material: Leather</li>
  <li>Line Number: 3622900109</li>
</ul>","The Beau Black boot from the BEAU BOOT family is a sleek high-leg design crafted from premium black leather. Featuring bold buckle details at the ankle and top, this boot combines rugged style with refined craftsmanship, perfect for making a statement in any wardrobe.

<ul>
  <li>Material: Leather</li>
  <li>Line Number: 3622900109</li>
</ul>",220.00,220.00,https://cdn.shopify.com/s/files/1/0083/3903/0082/files/3622900109_20.jpg?width=800,High Leg Boots,"*36229*, AW26, BEAU, Boots, Boots & Booties, Casual, FEB2026, Flat, N/A, ROUND TOE, RUBBER, WOMENS",18/08/2026,,TRUE,5045657658889,373,IN STOCK,,"UK 3, UK 4, UK 5, UK 6, UK 7, UK 8, UK 9",BLACK,,,10,TRUE,TRUE,FALSE
Steve Madden,15872347799932.0,15872347799932.0,Beau Brown,https://stevemadden.co.uk/products/beau-brown?utm_source=display&utm_medium=programmatic&utm_campaign=performance&utm_content=rtg,"The Beau Brown high leg boots showcase a rugged yet refined style in rich brown leather. Featuring sturdy buckled straps around the ankle and upper shaft, these boots blend classic design with a touch of edge. Crafted from premium leather, they promise durability and timeless appeal, making them a distinctive addition to any wardrobe.<ul>
<li>Material: Leather</li>
<li>Line Number: 3622930109</li>
</ul>","The Beau Brown high leg boots showcase a rugged yet refined style in rich brown leather. Featuring sturdy buckled straps around the ankle and upper shaft, these boots blend classic design with a touch of edge. Crafted from premium leather, they promise durability and timeless appeal, making them a distinctive addition to any wardrobe.<ul>
<li>Material: Leather</li>
<li>Line Number: 3622930109</li>
</ul>",220.00,220.00,https://cdn.shopify.com/s/files/1/0083/3903/0082/files/3622930109_20.jpg?width=800,High Leg Boots,"*36229*, AW26, BEAU, Boots, Boots & Booties, Casual, FEB2026, Flat, N/A, ROUND TOE, RUBBER, WOMENS",18/08/2026,,TRUE,5045656693621,566,IN STOCK,,"UK 3, UK 4, UK 5, UK 6, UK 7, UK 8, UK 9",BROWN,,,4,TRUE,TRUE,FALSE
Steve Madden,15872348553596.0,15872348553596.0,Brylie Black,https://stevemadden.co.uk/products/brylie-black?utm_source=display&utm_medium=programmatic&utm_campaign=performance&utm_content=rtg,"<p>The Brylie Black courts shoe is a striking blend of elegance and edge, crafted from delicate black fabric adorned with shimmering crystal studs. Its pointed toe and slingback design add a sophisticated silhouette, while the slender heel provides a refined lift, perfect for making a memorable impression.</p><p></p><ul>
<li>Heel height: 10cm</li>
<li>Material: Fabric</li>
<li>Line Number: 5065300609</li>
</ul><p></p>","<p>The Brylie Black courts shoe is a striking blend of elegance and edge, crafted from delicate black fabric adorned with shimmering crystal studs. Its pointed toe and slingback design add a sophisticated silhouette, while the slender heel provides a refined lift, perfect for making a memorable impression.</p><p></p><ul>
<li>Heel height: 10cm</li>
<li>Material: Fabric</li>
<li>Line Number: 5065300609</li>
</ul><p></p>",140.00,140.00,https://cdn.shopify.com/s/files/1/0083/3903/0082/files/5065300609_20.jpg?width=800,Courts,"*50653*, AW26, BRYLIE-R, FEB2026, Heels, High Heel, MID, N/A, POINTED TOE, SLINGBACKS, SYNTHETIC, WOMENS",18/08/2026,,TRUE,5045658938553,50,IN STOCK,,"UK 3, UK 4, UK 5, UK 6, UK 7, UK 9",BLACK,,,47,TRUE,TRUE,FALSE
Steve Madden,15872349176188.0,15872349176188.0,Benedict Brown Leather,https://stevemadden.co.uk/products/benedict-black?utm_source=display&utm_medium=programmatic&utm_campaign=performance&utm_content=rtg,"The Benedict Black ankle boots combine timeless style with a sleek black combination leather finish. Designed to offer both comfort and durability, these boots feature a modest heel that adds just the right amount of lift. With their smooth leather material and classic silhouette, they are a versatile addition to any wardrobe.<ul>
  <li>Material: Leather</li>
  <li>Line Number: 5132805109</li>
</ul>","The Benedict Black ankle boots combine timeless style with a sleek black combination leather finish. Designed to offer both comfort and durability, these boots feature a modest heel that adds just the right amount of lift. With their smooth leather material and classic silhouette, they are a versatile addition to any wardrobe.<ul>
  <li>Material: Leather</li>
  <li>Line Number: 5132805109</li>
</ul>",200.00,200.00,https://cdn.shopify.com/s/files/1/0083/3903/0082/files/5132805109_20.jpg?width=800,Ankle Boots,"*51328*, AW26, BENEDICT 207, Boots, Boots & Booties, FEB2026, FLAT, Low Heel, N/A, ROUND TOE, SYNTHETIC, WOMENS",18/08/2026,,TRUE,5045658694824,15,IN STOCK,,"UK 3, UK 4, UK 5, UK 6, UK 7, UK 9",BLACK COMBINATION,,,62,TRUE,TRUE,FALSE
Steve Madden,15878403817852.0,15878403817852.0,Brylie White Rhinestone,https://stevemadden.co.uk/products/brylie-r?utm_source=display&utm_medium=programmatic&utm_campaign=performance&utm_content=rtg,"The BRYLIE-R from Steve Madden is a striking court shoe that blends elegance with a playful edge. Crafted from delicate white fabric, this pointed-toe design is adorned with sparkling embellishments that catch the light beautifully. A charming bow detail on the slingback strap adds a touch of femininity, while the sleek silhouette and high heel elevate any outfit with sophistication.

<ul>
<li>Heel Height: 10cm</li>
<li>Material: Fabric</li>
<li>Line number: 5065310609</li>
</ul>","The BRYLIE-R from Steve Madden is a striking court shoe that blends elegance with a playful edge. Crafted from delicate white fabric, this pointed-toe design is adorned with sparkling embellishments that catch the light beautifully. A charming bow detail on the slingback strap adds a touch of femininity, while the sleek silhouette and high heel elevate any outfit with sophistication.

<ul>
<li>Heel Height: 10cm</li>
<li>Material: Fabric</li>
<li>Line number: 5065310609</li>
</ul>",140.00,140.00,https://cdn.shopify.com/s/files/1/0083/3903/0082/files/5065310609_20.jpg?width=800,Courts,"*50653*, AW26, BRYLIE-R DYQ, Heels, High Heel, MID, N/A, POINTED TOE, SLINGBACKS, SYNTHETIC, WOMENS",18/08/2026,,TRUE,5045658624470,73,IN STOCK,,"UK 3, UK 4, UK 5, UK 6, UK 7, UK 8",WHITE,,,37,TRUE,TRUE,FALSE
Steve Madden,15933219275132.0,15933219275132.0,Aziel White Mesh,https://stevemadden.co.uk/products/aziel-white-mesh?utm_source=display&utm_medium=programmatic&utm_campaign=performance&utm_content=rtg,"The Aziel White Mesh sneakers blend sporty design with breathable style, featuring a striking white suede upper complemented by mesh panels for enhanced ventilation. Crafted from premium cow suede, these low-heeled sneakers offer comfort and a fresh look, perfect for casual wear with a touch of sophistication.<ul>
  <li>Material: Suede</li>
  <li>Line Number: 6051919209</li>
</ul>","The Aziel White Mesh sneakers blend sporty design with breathable style, featuring a striking white suede upper complemented by mesh panels for enhanced ventilation. Crafted from premium cow suede, these low-heeled sneakers offer comfort and a fresh look, perfect for casual wear with a touch of sophistication.<ul>
  <li>Material: Suede</li>
  <li>Line Number: 6051919209</li>
</ul>",140.00,140.00,https://cdn.shopify.com/s/files/1/0083/3903/0082/files/6051919209_20.jpg?width=800,Sneakers,"*60519*, ALMOND TOE, AW26, AZIEL-MESH, Flat, Formal Ballerinas/Slippers/Poi, N/A, RUBBER, Trainers, WOMENS",18/08/2026,,TRUE,5020414345301,18,IN STOCK,,"UK 5, UK 6, UK 7",WHITE OTHER,,,61,TRUE,TRUE,FALSE
Steve Madden,15957312700796.0,15957312700796.0,Aziel Beige,https://stevemadden.co.uk/products/aziel-beige?utm_source=display&utm_medium=programmatic&utm_campaign=performance&utm_content=rtg,"The Aziel Beige sneaker blends casual comfort with a chic edge, crafted from soft beige suede that adds a touch of sophistication to your everyday look. Featuring a no-heel design, this sneaker offers effortless wearability, while the dual-tone laces bring a playful contrast. The premium cow suede material ensures durability and a luxurious feel, making it a stylish staple for any wardrobe.

<ul>
  <li>Heel Height: No Heel</li>
  <li>Material: Suede</li>
  <li>Line Number: 5721640209</li>
</ul>","The Aziel Beige sneaker blends casual comfort with a chic edge, crafted from soft beige suede that adds a touch of sophistication to your everyday look. Featuring a no-heel design, this sneaker offers effortless wearability, while the dual-tone laces bring a playful contrast. The premium cow suede material ensures durability and a luxurious feel, making it a stylish staple for any wardrobe.

<ul>
  <li>Heel Height: No Heel</li>
  <li>Material: Suede</li>
  <li>Line Number: 5721640209</li>
</ul>",140.00,140.00,https://cdn.shopify.com/s/files/1/0083/3903/0082/files/5721640209_20.jpg?width=800,Sneakers,"*57216*, AW26, AZIEL, CLOSED TOE, Flat, N/A, SYNTHETIC, Trainers, WOMENS, YGroup_aziel",18/08/2026,,TRUE,5020414179654,41,IN STOCK,,"UK 4, UK 5, UK 6, UK 7, UK 8",BEIGE,,,50,TRUE,TRUE,FALSE
Steve Madden,15957314863484.0,15957314863484.0,Aziel Taupe Charm,https://stevemadden.co.uk/products/aziel-taupe-charm?utm_source=display&utm_medium=programmatic&utm_campaign=performance&utm_content=rtg,"The Aziel Taupe Charm sneaker blends casual comfort with a playful twist. Crafted from soft taupe suede, this sneaker features a unique double-lace design with contrasting brown and white-red striped laces, accented by colourful beads that add a charming detail to its laid-back style. Its low heel ensures ease of movement, making it a versatile addition to any sneaker collection.<ul>
<li>Material: Suede</li>
<li>Line Number: 6076947209</li>
</ul>","The Aziel Taupe Charm sneaker blends casual comfort with a playful twist. Crafted from soft taupe suede, this sneaker features a unique double-lace design with contrasting brown and white-red striped laces, accented by colourful beads that add a charming detail to its laid-back style. Its low heel ensures ease of movement, making it a versatile addition to any sneaker collection.<ul>
<li>Material: Suede</li>
<li>Line Number: 6076947209</li>
</ul>",150.00,150.00,https://cdn.shopify.com/s/files/1/0083/3903/0082/files/6076947209_20.jpg?width=800,Sneakers,"*60769*, ALMOND TOE, AW26, AZIEL-CHARM, Flat, Formal Ballerinas/Slippers/Poi, N/A, RUBBER, Trainers, WOMENS",18/08/2026,,TRUE,5020414375629,94,IN STOCK,,"UK 3, UK 4, UK 5, UK 6, UK 7, UK 8",TAUPE,,,33,TRUE,TRUE,FALSE
Steve Madden,15964166652284.0,15964166652284.0,Carin Black Leather,https://stevemadden.co.uk/products/carin-black-leather?utm_source=display&utm_medium=programmatic&utm_campaign=performance&utm_content=rtg,"The Carin Black Leather slippers offer a distinctive twist on classic comfort with their unique split-toe design. Crafted from smooth black cow leather, these slippers combine elegance with an unconventional edge, making them a standout piece in any collection. Their sleek silhouette is complemented by a subtle bow detail, adding a touch of femininity to the bold style.<ul>
<li>Material: Leather</li>
<li>Line Number: 6232500109</li>
</ul>","The Carin Black Leather slippers offer a distinctive twist on classic comfort with their unique split-toe design. Crafted from smooth black cow leather, these slippers combine elegance with an unconventional edge, making them a standout piece in any collection. Their sleek silhouette is complemented by a subtle bow detail, adding a touch of femininity to the bold style.<ul>
<li>Material: Leather</li>
<li>Line Number: 6232500109</li>
</ul>",120.00,120.00,https://cdn.shopify.com/s/files/1/0083/3903/0082/files/6232500109_20.jpg?width=800,Slippers,"*62325*, AW26, BACK IN STOCK, BIKINI BOTTOMS, CARIN 017, FLAT, Flat shoes, Flats, High Heel, N/A, ROUND TOE, SYNTHETIC, WOMENS",18/08/2026,,TRUE,5020414546968,176,IN STOCK,,"UK 3, UK 4, UK 5, UK 6, UK 7, UK 8",BLACK,,,22,TRUE,TRUE,FALSE
Steve Madden,15964166685052.0,15964166685052.0,Calico Mesh Black,https://stevemadden.co.uk/products/calico-mesh-black?utm_source=display&utm_medium=programmatic&utm_campaign=performance&utm_content=rtg,"The Calico Mesh Black slipper blends casual comfort with a distinctive design twist. Crafted with a breathable black fabric mesh, it offers a modern take on a classic slipper silhouette. The unique split-toe detail adds an unexpected edge, while the cow leather trim provides subtle sophistication. With no heel, this slipper promises easy wearability, perfect for relaxed days at home or casual outings.<ul>
<li>Material: Fabric</li>
<li>Line Number: 6233400609</li>
</ul>","The Calico Mesh Black slipper blends casual comfort with a distinctive design twist. Crafted with a breathable black fabric mesh, it offers a modern take on a classic slipper silhouette. The unique split-toe detail adds an unexpected edge, while the cow leather trim provides subtle sophistication. With no heel, this slipper promises easy wearability, perfect for relaxed days at home or casual outings.<ul>
<li>Material: Fabric</li>
<li>Line Number: 6233400609</li>
</ul>",120.00,120.00,https://cdn.shopify.com/s/files/1/0083/3903/0082/files/6233400609_20.jpg?width=800,Slippers,"*62334*, AW26, BIKINI BOTTOMS, CALICO-MESH, FLAT, Flat shoes, N/A, NEW IN, ROUND TOE, SYNTHETIC, WOMENS",18/08/2026,,TRUE,5020414558947,553,IN STOCK,,"UK 3, UK 4, UK 5, UK 6, UK 7, UK 8, UK 9",BLACK,,,5,TRUE,TRUE,FALSE
Steve Madden,15964166717820.0,15964166717820.0,Calico Mesh Bone,https://stevemadden.co.uk/products/calico-mesh-bone?utm_source=display&utm_medium=programmatic&utm_campaign=performance&utm_content=rtg,"The Calico Mesh Bone slipper is a stylish and breathable choice for comfort at home. Crafted from synthetic fabric in a crisp white shade, this slipper features a unique mesh design that adds a playful texture while allowing your feet to stay cool. The slip-on style offers ease of wear, and the flat sole ensures a relaxed fit without any heel height.<ul>
  <li>Material: Fabric</li>
  <li>Line Number: 6233410609</li>
</ul>","The Calico Mesh Bone slipper is a stylish and breathable choice for comfort at home. Crafted from synthetic fabric in a crisp white shade, this slipper features a unique mesh design that adds a playful texture while allowing your feet to stay cool. The slip-on style offers ease of wear, and the flat sole ensures a relaxed fit without any heel height.<ul>
  <li>Material: Fabric</li>
  <li>Line Number: 6233410609</li>
</ul>",120.00,120.00,https://cdn.shopify.com/s/files/1/0083/3903/0082/files/6233410609_20.jpg?width=800,Slippers,"*62334*, AW26, BIKINI BOTTOMS, CALICO-MESH, FLAT, Flat shoes, N/A, NEW IN, ROUND TOE, SYNTHETIC, WOMENS",18/08/2026,,TRUE,5020414547460,302,IN STOCK,,"UK 3, UK 4, UK 5, UK 6, UK 7, UK 8",WHITE,,,12,TRUE,TRUE,FALSE
Steve Madden,15964166750588.0,15964166750588.0,Caro Black,https://stevemadden.co.uk/products/caro-black?utm_source=display&utm_medium=programmatic&utm_campaign=performance&utm_content=rtg,"The Caro Black ankle boots bring a sleek and modern twist to classic leather footwear. Crafted from smooth black cow leather, these boots feature a distinctive split toe design that adds a playful edge to their minimalist silhouette. The sturdy 75 mm heel offers both height and stability, making them a versatile choice for day-to-night wear.

<ul>
<li>Heel Height: 75 mm Heel</li>
<li>Material: Leather</li>
<li>Line Number: 6233700109</li>
</ul>","The Caro Black ankle boots bring a sleek and modern twist to classic leather footwear. Crafted from smooth black cow leather, these boots feature a distinctive split toe design that adds a playful edge to their minimalist silhouette. The sturdy 75 mm heel offers both height and stability, making them a versatile choice for day-to-night wear.

<ul>
<li>Heel Height: 75 mm Heel</li>
<li>Material: Leather</li>
<li>Line Number: 6233700109</li>
</ul>",180.00,180.00,https://cdn.shopify.com/s/files/1/0083/3903/0082/files/6233700109_20.jpg?width=800,Ankle Boots,"*62337*, AW26, BLOCK, Boots & Booties, CARO 017, Mid Heel, N/A, NEW IN, ROUND TOE, SANDALS, SYNTHETIC, WOMENS",18/08/2026,,TRUE,5020414547545,71,IN STOCK,,"UK 3, UK 4, UK 5, UK 6, UK 7, UK 8",BLACK,,,39,TRUE,TRUE,FALSE
Steve Madden,15964166783356.0,15964166783356.0,Cyra Black Leather,https://stevemadden.co.uk/products/cyra-black-leather?utm_source=display&utm_medium=programmatic&utm_campaign=performance&utm_content=rtg,"The Cyra Black Leather slippers blend classic elegance with a modern twist, featuring a distinctive split toe design crafted from smooth black cow leather. These slippers offer a comfortable 3cm heel, making them perfect for all-day wear while adding a subtle lift. The soft leather material ensures a luxurious feel, complemented by a neat bow detail at the front for a touch of feminine charm.

<ul>
  <li>Heel Height: 3cm Heel</li>
<li>Fits small to size. We recommend sizing up. </li>
  <li>Material: Leather</li>
  <li>Line Number: 6234300109</li>
</ul>","The Cyra Black Leather slippers blend classic elegance with a modern twist, featuring a distinctive split toe design crafted from smooth black cow leather. These slippers offer a comfortable 3cm heel, making them perfect for all-day wear while adding a subtle lift. The soft leather material ensures a luxurious feel, complemented by a neat bow detail at the front for a touch of feminine charm.

<ul>
  <li>Heel Height: 3cm Heel</li>
<li>Fits small to size. We recommend sizing up. </li>
  <li>Material: Leather</li>
  <li>Line Number: 6234300109</li>
</ul>",130.00,130.00,https://cdn.shopify.com/s/files/1/0083/3903/0082/files/6234300109_20.jpg?width=800,Slippers,"*62343*, AW26, BIKINI BOTTOMS, BLOCK, CYRA 017, Flats, Heels, Low Heel, N/A, NEW IN, ROUND TOE, SYNTHETIC, WOMENS",18/08/2026,,TRUE,5020414547705,258,IN STOCK,,"UK 3, UK 4, UK 5, UK 6, UK 7, UK 8",BLACK,,,14,TRUE,TRUE,FALSE
Steve Madden,15970151498108.0,15970151498108.0,Kendrix Dark Brown,https://stevemadden.co.uk/products/kendrix-dark-brown?utm_source=display&utm_medium=programmatic&utm_campaign=performance&utm_content=rtg,"The KENDRIX 207 is a sleek and stylish casual mule crafted from rich dark brown leather. Featuring a smooth, glossy finish and an open toe design, this shoe combines understated elegance with everyday comfort. Its 6cm heel offers a perfect balance of height and wearability, making it a versatile addition to any wardrobe.

<ul>
  <li>Heel Height: 6cm Heel</li>
  <li>Material: Leather</li>
  <li>Line Number: 5946931019</li>
</ul>","The KENDRIX 207 is a sleek and stylish casual mule crafted from rich dark brown leather. Featuring a smooth, glossy finish and an open toe design, this shoe combines understated elegance with everyday comfort. Its 6cm heel offers a perfect balance of height and wearability, making it a versatile addition to any wardrobe.

<ul>
  <li>Heel Height: 6cm Heel</li>
  <li>Material: Leather</li>
  <li>Line Number: 5946931019</li>
</ul>",120.00,120.00,https://cdn.shopify.com/s/files/1/0083/3903/0082/files/5946931019_20.jpg?width=800,SANDALS,"*59469*, AW26, BACK IN STOCK, Casual Heeled Sandals, FS_IN_STOCK, Heels, KENDRIX, Mid Heel, Mules, N/A, NEW IN, ROUND TOE, STILETTO, SYNTHETIC, WOMENS, YGroup_kendrix",18/08/2026,,TRUE,5020414388575,103,IN STOCK,,"UK 3, UK 4, UK 5, UK 6, UK 7, UK 8",DARK BROWN,,,31,TRUE,TRUE,FALSE
Steve Madden,15970911781244.0,15970911781244.0,Davina Black,https://stevemadden.co.uk/products/davina-black?utm_source=display&utm_medium=programmatic&utm_campaign=performance&utm_content=rtg,"The Davina Black is a sleek and stylish casual heel designed to elevate any outfit. Featuring a striking 120 mm stiletto heel, this shoe boasts a glossy black synthetic finish that combines elegance with modern flair. Its minimalist design highlights a single wide strap across the front, offering both comfort and sophistication.

<ul>
<li>Heel Height: 120 mm Heel</li>
<li>Material: Synthetic</li>
<li>Line Number: 6339600979</li>
</ul>","The Davina Black is a sleek and stylish casual heel designed to elevate any outfit. Featuring a striking 120 mm stiletto heel, this shoe boasts a glossy black synthetic finish that combines elegance with modern flair. Its minimalist design highlights a single wide strap across the front, offering both comfort and sophistication.

<ul>
<li>Heel Height: 120 mm Heel</li>
<li>Material: Synthetic</li>
<li>Line Number: 6339600979</li>
</ul>",130.00,130.00,https://cdn.shopify.com/s/files/1/0083/3903/0082/files/6339600979_20.jpg?width=800,Sandals,"*63396*, AW26, BACK IN STOCK, DAVINA, Heels, High Heel, Mule, Mules, N/A, NEW IN, OPEN TOE, STILETTO, SYNTHETIC, WOMENS, YGroup_davina",18/08/2026,,TRUE,5020414735737,73,IN STOCK,,"UK 3, UK 4, UK 5, UK 6, UK 7, UK 8",BLACK,,,38,TRUE,TRUE,FALSE
Steve Madden,15980073484668.0,15980073484668.0,Larina Black Sequin,https://stevemadden.co.uk/products/larina-seq-001?utm_source=display&utm_medium=programmatic&utm_campaign=performance&utm_content=rtg,"<p class=""MsoNormal"">This Larina heel is
crafted from a<b><i> black sequin fabric </i></b>with a box toe topped with a
small bow. There is a fabric strap around the ankle.<o:p></o:p></p>

<ul style=""margin-top:0cm"" type=""disc"">
 <li class=""MsoNormal"">Heel height: 10cm<o:p></o:p>
</li>
 <li class=""MsoNormal"">Material: Fabric<o:p></o:p>
</li>
 <li class=""MsoNormal"">Style number: 6267710609<o:p></o:p>
</li>
</ul>","<p class=""MsoNormal"">This Larina heel is
crafted from a<b><i> black sequin fabric </i></b>with a box toe topped with a
small bow. There is a fabric strap around the ankle.<o:p></o:p></p>

<ul style=""margin-top:0cm"" type=""disc"">
 <li class=""MsoNormal"">Heel height: 10cm<o:p></o:p>
</li>
 <li class=""MsoNormal"">Material: Fabric<o:p></o:p>
</li>
 <li class=""MsoNormal"">Style number: 6267710609<o:p></o:p>
</li>
</ul>",150.00,150.00,https://cdn.shopify.com/s/files/1/0083/3903/0082/files/6267700609_20.jpg?width=800,Courts,"*62677*, AW26, CLOSED TOE, Courts, Heels, High Heel, LARINA-SEQ, N/A, NEW IN, STILETTO, SYNTHETIC, WOMENS",18/08/2026,,TRUE,5020414589064,488,IN STOCK,,"UK 3, UK 4, UK 5, UK 6, UK 7, UK 8, UK 9",BLACK,,,6,TRUE,TRUE,FALSE
Steve Madden,15980073517436.0,15980073517436.0,Larina White Sequin,https://stevemadden.co.uk/products/larina-seq-1?utm_source=display&utm_medium=programmatic&utm_campaign=performance&utm_content=rtg,"<p class=""MsoNormal"">This Larina heel is
crafted from a<b><i> ivory sequin fabric </i></b>with a box toe topped with a
small bow. There is a fabric strap around the ankle.<o:p></o:p></p>

<ul style=""margin-top:0cm"" type=""disc"">
 <li class=""MsoNormal"">Heel height: 10cm<o:p></o:p>
</li>
 <li class=""MsoNormal"">Material: Fabric<o:p></o:p>
</li>
 <li class=""MsoNormal"">Style number: 6267700609<o:p></o:p>
</li>
</ul>","<p class=""MsoNormal"">This Larina heel is
crafted from a<b><i> ivory sequin fabric </i></b>with a box toe topped with a
small bow. There is a fabric strap around the ankle.<o:p></o:p></p>

<ul style=""margin-top:0cm"" type=""disc"">
 <li class=""MsoNormal"">Heel height: 10cm<o:p></o:p>
</li>
 <li class=""MsoNormal"">Material: Fabric<o:p></o:p>
</li>
 <li class=""MsoNormal"">Style number: 6267700609<o:p></o:p>
</li>
</ul>",150.00,150.00,https://cdn.shopify.com/s/files/1/0083/3903/0082/files/6267710609_20.jpg?width=800,Courts,"*62677*, AW26, CLOSED TOE, Courts, Heels, High Heel, LARINA-SEQ, N/A, STILETTO, SYNTHETIC, WOMENS",18/08/2026,,TRUE,5020414589132,391,IN STOCK,,"UK 3, UK 4, UK 5, UK 6, UK 7, UK 8, UK 9",WHITE,,,9,TRUE,TRUE,FALSE
Steve Madden,15993941361020.0,15993941361020.0,Bougie Black,https://stevemadden.co.uk/products/bougie-black?utm_source=display&utm_medium=programmatic&utm_campaign=performance&utm_content=rtg,"The Bougie Black is a striking casual sandal crafted from smooth black fabric. Featuring a graceful 100 mm heel, this elegant design is accented with a large, dramatic bow at the back, adding a playful yet sophisticated touch to your outfit.

<ul>
  <li>Heel Height: 100 mm Heel</li>
  <li>Material: Fabric</li>
  <li>Line Number: 6406200609</li>
</ul>","The Bougie Black is a striking casual sandal crafted from smooth black fabric. Featuring a graceful 100 mm heel, this elegant design is accented with a large, dramatic bow at the back, adding a playful yet sophisticated touch to your outfit.

<ul>
  <li>Heel Height: 100 mm Heel</li>
  <li>Material: Fabric</li>
  <li>Line Number: 6406200609</li>
</ul>",140.00,140.00,https://cdn.shopify.com/s/files/1/0083/3903/0082/files/6406200609_20.jpg?width=800,Sandals,"*64062*, AW26, BOUGIE, Heels, High Heel, N/A, NEW IN, OPEN TOE, Sandals, STILETTO, SYNTHETIC, WOMENS",18/08/2026,,TRUE,5020414844675,142,IN STOCK,,"UK 4, UK 5, UK 6, UK 7, UK 8",BLACK,,,24,TRUE,TRUE,FALSE
Steve Madden,15993943163260.0,15993943163260.0,Mavis Silver,https://stevemadden.co.uk/products/mavis-silver?utm_source=display&utm_medium=programmatic&utm_campaign=performance&utm_content=rtg,"The Mavis Silver sneakers shine with a futuristic edge thanks to their metallic silver synthetic upper. Designed with a hidden 50 mm wedge heel, these sneakers combine sporty comfort with a subtle lift. The triple strap fastening adds a modern twist, while the gum sole provides reliable grip. A distinctive charm featuring the brand's initials completes the look, making these sneakers a standout choice for those who love to blend style and practicality.

<ul>
  <li>Heel Height: 50 mm Heel</li>
  <li>Material: Synthetic</li>
  <li>Line Number: 5871263979</li>
</ul>","The Mavis Silver sneakers shine with a futuristic edge thanks to their metallic silver synthetic upper. Designed with a hidden 50 mm wedge heel, these sneakers combine sporty comfort with a subtle lift. The triple strap fastening adds a modern twist, while the gum sole provides reliable grip. A distinctive charm featuring the brand's initials completes the look, making these sneakers a standout choice for those who love to blend style and practicality.

<ul>
  <li>Heel Height: 50 mm Heel</li>
  <li>Material: Synthetic</li>
  <li>Line Number: 5871263979</li>
</ul>",170.00,170.00,https://cdn.shopify.com/s/files/1/0083/3903/0082/files/5871263979_20.jpg?width=800,Sneakers,"*58712*, AW26, Formal Ballerinas/Slippers/Poi, Low Heel, MAVIS, N/A, NEW IN, ROUND TOE, SYNTHETIC, Trainers, WEDGE, WOMENS, YGroup_mavis",18/08/2026,,TRUE,5020414560322,39,IN STOCK,,"UK 3, UK 4, UK 5, UK 6, UK 7, UK 8, UK 9",SILVER,,,51,TRUE,TRUE,FALSE
Steve Madden,15993943196028.0,15993943196028.0,Bougie Pink,https://stevemadden.co.uk/products/bougie-white?utm_source=display&utm_medium=programmatic&utm_campaign=performance&utm_content=rtg,"Step into elegance with the Bougie Pink, a stunning addition to the casuals collection. Crafted from soft fabric in a delicate pink shade, this shoe features a graceful 100 mm heel that elevates your look with poise. The standout detail is a large, playful bow at the back, adding a touch of whimsy and charm to your outfit. Perfect for those who appreciate a blend of sophistication and fun in their footwear.

<ul>
  <li>Heel Height: 100 mm Heel</li>
  <li>Material: Fabric</li>
  <li>Line Number: 6406298609</li>
</ul>","Step into elegance with the Bougie Pink, a stunning addition to the casuals collection. Crafted from soft fabric in a delicate pink shade, this shoe features a graceful 100 mm heel that elevates your look with poise. The standout detail is a large, playful bow at the back, adding a touch of whimsy and charm to your outfit. Perfect for those who appreciate a blend of sophistication and fun in their footwear.

<ul>
  <li>Heel Height: 100 mm Heel</li>
  <li>Material: Fabric</li>
  <li>Line Number: 6406298609</li>
</ul>",140.00,140.00,https://cdn.shopify.com/s/files/1/0083/3903/0082/files/6406298609_20.jpg?width=800,Sandals,"*64062*, AW26, BOUGIE, Heels, High Heel, N/A, NEW IN, OPEN TOE, Sandals, STILETTO, SYNTHETIC, WOMENS",18/08/2026,,TRUE,5020414839992,57,IN STOCK,,"UK 4, UK 5, UK 6, UK 7, UK 8",PINK,,,45,TRUE,TRUE,FALSE
Steve Madden,15995481784700.0,15995481784700.0,Larina White Satin,https://stevemadden.co.uk/products/larina-white-satin?utm_source=display&utm_medium=programmatic&utm_campaign=performance&utm_content=rtg,"The Larina White Satin is a stunning heel that blends elegance with a playful charm. Crafted from smooth white fabric with a satin finish, it features a delicate bow detail on the front and a graceful ankle wrap ribbon that adds a touch of sophistication. The 100 mm heel height offers a perfect lift, making it ideal for special occasions or elevating everyday looks with a refined flair.

<ul>
  <li>100 mm Heel</li>
  <li>Fabric</li>
  <li>Line number: 5971110609</li>
</ul>","The Larina White Satin is a stunning heel that blends elegance with a playful charm. Crafted from smooth white fabric with a satin finish, it features a delicate bow detail on the front and a graceful ankle wrap ribbon that adds a touch of sophistication. The 100 mm heel height offers a perfect lift, making it ideal for special occasions or elevating everyday looks with a refined flair.

<ul>
  <li>100 mm Heel</li>
  <li>Fabric</li>
  <li>Line number: 5971110609</li>
</ul>",150.00,150.00,https://cdn.shopify.com/s/files/1/0083/3903/0082/files/5971110609_20.jpg?width=800,Sandals,"*59711*, AW26, CLOSED TOE, Courts, Heels, High Heel, LARINA 985, N/A, NEW IN, STILETTO, SYNTHETIC, WOMENS, YGroup_larina",18/08/2026,,TRUE,5020414823076,42,IN STOCK,,"UK 5, UK 6, UK 7, UK 8, UK 9",WHITE,,,49,TRUE,TRUE,FALSE
Steve Madden,15995482603900.0,15995482603900.0,Larina Black Lace,https://stevemadden.co.uk/products/larina-black-lace?utm_source=display&utm_medium=programmatic&utm_campaign=performance&utm_content=rtg,"The Larina Black Lace is a stunning casual heel that combines elegance with a touch of playful charm. Crafted from delicate black fabric lace, it features a sophisticated pointed toe adorned with a dainty bow. The ankle wrap adds a graceful finish, perfectly complementing the sleek silhouette of this shoe. With a 100 mm heel, the Larina Black Lace elevates your look while maintaining a refined and feminine appeal.

<ul>
<li>100 mm Heel</li>
<li>Material: Fabric</li>
<li>Line number: 5971100069</li>
</ul>","The Larina Black Lace is a stunning casual heel that combines elegance with a touch of playful charm. Crafted from delicate black fabric lace, it features a sophisticated pointed toe adorned with a dainty bow. The ankle wrap adds a graceful finish, perfectly complementing the sleek silhouette of this shoe. With a 100 mm heel, the Larina Black Lace elevates your look while maintaining a refined and feminine appeal.

<ul>
<li>100 mm Heel</li>
<li>Material: Fabric</li>
<li>Line number: 5971100069</li>
</ul>",150.00,150.00,https://cdn.shopify.com/s/files/1/0083/3903/0082/files/5971100069_20.jpg?width=800,Sandals,"*59711*, AW26, CLOSED TOE, Courts, Heels, High Heel, LARINA 985, N/A, NEW IN, STILETTO, SYNTHETIC, WOMENS, YGroup_larina",18/08/2026,,TRUE,5020414807885,581,IN STOCK,,"UK 3, UK 4, UK 5, UK 6, UK 7, UK 8, UK 9",BLACK,,,3,TRUE,TRUE,FALSE
Steve Madden,15996169159036.0,15996169159036.0,Mavis Sand Suede,https://stevemadden.co.uk/products/mavis-sand-suede?utm_source=display&utm_medium=programmatic&utm_campaign=performance&utm_content=rtg,"The Mavis Sand Suede sneaker combines sporty style with a chic wedge heel for a playful yet sophisticated look. Crafted from soft beige suede with fabric details, this sneaker features three adjustable straps for a secure fit and a distinctive metallic charm that adds a touch of flair. The padded collar and cushioned interior ensure comfort, while the 50 mm wedge heel provides subtle lift without compromising on wearability.

<ul>
<li>Heel Height: 50 mm Heel</li>
<li>Material: Suede</li>
<li>Line Number: 5871249029</li>
</ul>","The Mavis Sand Suede sneaker combines sporty style with a chic wedge heel for a playful yet sophisticated look. Crafted from soft beige suede with fabric details, this sneaker features three adjustable straps for a secure fit and a distinctive metallic charm that adds a touch of flair. The padded collar and cushioned interior ensure comfort, while the 50 mm wedge heel provides subtle lift without compromising on wearability.

<ul>
<li>Heel Height: 50 mm Heel</li>
<li>Material: Suede</li>
<li>Line Number: 5871249029</li>
</ul>",170.00,170.00,https://cdn.shopify.com/s/files/1/0083/3903/0082/files/5871249029_20.jpg?width=800,Sneakers,"*58712*, AW26, Flat, MAVIS, N/A, NEW IN, ROUND TOE, SYNTHETIC, Trainers, WEDGE, WOMENS, YGroup_mavis",18/08/2026,,TRUE,5020414788061,80,IN STOCK,,"UK 4, UK 5, UK 6, UK 7, UK 8",BEIGE OTHER,,,36,TRUE,TRUE,FALSE
Steve Madden,15997124673916.0,15997124673916.0,Mavis Brown Suede,https://stevemadden.co.uk/products/mavis-brown-suede?utm_source=display&utm_medium=programmatic&utm_campaign=performance&utm_content=rtg,"Step into timeless elegance with the MAVIS 205, a stylish addition to your collection. Crafted from soft brown suede, this shoe combines classic charm with luxurious texture. Its refined silhouette and rich colour make it a versatile choice for various occasions.<ul>
<li>Material: Suede</li>
<li>Line Number: 5871230209</li>
</ul>","Step into timeless elegance with the MAVIS 205, a stylish addition to your collection. Crafted from soft brown suede, this shoe combines classic charm with luxurious texture. Its refined silhouette and rich colour make it a versatile choice for various occasions.<ul>
<li>Material: Suede</li>
<li>Line Number: 5871230209</li>
</ul>",170.00,170.00,https://cdn.shopify.com/s/files/1/0083/3903/0082/files/5871230209_20.jpg?width=800,Sneakers,"*58712*, AW26, Low Heel, MAVIS, N/A, NEW IN, ROUND TOE, SYNTHETIC, Trainers, WEDGE, WOMENS, YGroup_mavis",18/08/2026,,TRUE,5020413907173,49,IN STOCK,,"UK 3, UK 4, UK 5, UK 6, UK 7, UK 8",BROWN,,,48,TRUE,TRUE,FALSE
Steve Madden,16022811607420.0,16022811607420.0,Bougie Champagne,https://stevemadden.co.uk/products/bougie-champagne?utm_source=display&utm_medium=programmatic&utm_campaign=performance&utm_content=rtg,"The Bougie Champagne is a stylish addition to the Casuals collection, boasting a sleek synthetic material in a shimmering champagne colour that catches the light beautifully. This design features a striking 100 mm heel, perfect for adding height with elegance and a modern touch.

<ul>
  <li>Heel Height: 100 mm Heel</li>
  <li>Material: Synthetic</li>
  <li>Line Number: 6408214979</li>
</ul>","The Bougie Champagne is a stylish addition to the Casuals collection, boasting a sleek synthetic material in a shimmering champagne colour that catches the light beautifully. This design features a striking 100 mm heel, perfect for adding height with elegance and a modern touch.

<ul>
  <li>Heel Height: 100 mm Heel</li>
  <li>Material: Synthetic</li>
  <li>Line Number: 6408214979</li>
</ul>",160.00,160.00,https://cdn.shopify.com/s/files/1/0083/3903/0082/files/6408214979_20.jpg?width=800,Sandals,"*64082*, AW26, BOUGIE-RHS 242, Heels, High Heel, N/A, NEW IN, OPEN TOE, Sandals, STILETTO, SYNTHETIC, WOMENS",18/08/2026,,TRUE,5020414841612,24,IN STOCK,,"UK 4, UK 5, UK 6, UK 7, UK 8, UK 9",CHAMPAGNE,,,60,TRUE,TRUE,FALSE
Steve Madden,16023165337980.0,16023165337980.0,Riggs Black Suede,https://stevemadden.co.uk/products/riggs-black-suede?utm_source=display&utm_medium=programmatic&utm_campaign=performance&utm_content=rtg,"The Riggs Black Suede high leg boots offer a sleek and sophisticated look with their rich black suede material. Crafted from cow suede, these boots combine durability with a soft, luxurious feel. The 45 mm heel provides a comfortable lift, making them perfect for adding a touch of elegance to any outfit.

<ul>
  <li>45 mm Heel</li>
  <li>Material: Suede</li>
  <li>Line Number: 5719800209</li>
</ul>","The Riggs Black Suede high leg boots offer a sleek and sophisticated look with their rich black suede material. Crafted from cow suede, these boots combine durability with a soft, luxurious feel. The 45 mm heel provides a comfortable lift, making them perfect for adding a touch of elegance to any outfit.

<ul>
  <li>45 mm Heel</li>
  <li>Material: Suede</li>
  <li>Line Number: 5719800209</li>
</ul>",190.00,190.00,https://cdn.shopify.com/s/files/1/0083/3903/0082/files/5719800209_20.jpg?width=800,High Leg Boots,"*57198*, AW26, BLOCK, Boots, Boots & Booties, Low Heel, N/A, RIGGS, ROUND TOE, SYNTHETIC, WOMENS",18/08/2026,,TRUE,5020414687715,111,IN STOCK,,"UK 3, UK 4, UK 5, UK 6, UK 7, UK 8, UK 9",BLACK,,,30,TRUE,TRUE,FALSE
Steve Madden,16031619907964.0,16031619907964.0,Davina Tortoise,https://stevemadden.co.uk/products/davina-tortoise?utm_source=display&utm_medium=programmatic&utm_campaign=performance&utm_content=rtg,"<p>Step out in style with the Davina Tortoise, a sleek casual mule that brings a touch of sophistication to any outfit. Crafted from smooth synthetic material in a versatile tan shade, this shoe features a striking 120 mm heel that adds height and elegance. The minimalist design with a single wide strap ensures comfort while making a chic statement.</p><p ncwce=""true"" style=""box-sizing: inherit; margin: 0px; -webkit-tap-highlight-color: transparent; text-decoration-line: inherit; vertical-align: inherit; -webkit-font-smoothing: antialiased; color: rgb(0, 0, 0); font-family: arimoregular, sans-serif; font-size: 16px;""><!-- x-tinymce/html -->
</p><ul>
<li>Heel Height: 120 mm Heel</li>
<li>Material: Synthetic</li>
<li>Line Number: 6339639979</li>
</ul>","<p>Step out in style with the Davina Tortoise, a sleek casual mule that brings a touch of sophistication to any outfit. Crafted from smooth synthetic material in a versatile tan shade, this shoe features a striking 120 mm heel that adds height and elegance. The minimalist design with a single wide strap ensures comfort while making a chic statement.</p><p ncwce=""true"" style=""box-sizing: inherit; margin: 0px; -webkit-tap-highlight-color: transparent; text-decoration-line: inherit; vertical-align: inherit; -webkit-font-smoothing: antialiased; color: rgb(0, 0, 0); font-family: arimoregular, sans-serif; font-size: 16px;""><!-- x-tinymce/html -->
</p><ul>
<li>Heel Height: 120 mm Heel</li>
<li>Material: Synthetic</li>
<li>Line Number: 6339639979</li>
</ul>",130.00,130.00,https://cdn.shopify.com/s/files/1/0083/3903/0082/files/6339639979_20.jpg?width=800,Sandals,"*63396*, AW26, BACK IN STOCK, DAVINA, FS_IN_STOCK, Heels, High Heel, Mules, N/A, NEW IN, OPEN TOE, Sandals, STILETTO, SYNTHETIC, WOMENS, YGroup_davina",18/08/2026,,TRUE,5020414906472,38,IN STOCK,,"UK 3, UK 4, UK 5, UK 6, UK 7, UK 8",BROWN OTHER,,,54,TRUE,TRUE,FALSE
Steve Madden,16031621841276.0,16031621841276.0,Mavis Wine,https://stevemadden.co.uk/products/mavis-wine?utm_source=display&utm_medium=programmatic&utm_campaign=performance&utm_content=rtg,"The Mavis Wine sneaker combines sporty charm with a stylish twist, featuring a rich wine-coloured synthetic upper with a glossy finish. This high-top design is accented with multiple velcro straps for a secure fit and a playful touch. The sneaker’s hidden wedge heel adds a subtle lift, blending comfort and fashion effortlessly.

<ul>
<li>Heel Height: 50 mm Heel</li>
<li>Material: Synthetic</li>
<li>Line Number: 6518054979</li>
</ul>","The Mavis Wine sneaker combines sporty charm with a stylish twist, featuring a rich wine-coloured synthetic upper with a glossy finish. This high-top design is accented with multiple velcro straps for a secure fit and a playful touch. The sneaker’s hidden wedge heel adds a subtle lift, blending comfort and fashion effortlessly.

<ul>
<li>Heel Height: 50 mm Heel</li>
<li>Material: Synthetic</li>
<li>Line Number: 6518054979</li>
</ul>",170.00,170.00,https://cdn.shopify.com/s/files/1/0083/3903/0082/files/6518054979_20.jpg?width=800,Sneakers,"*65180*, AW26, CLOSED TOE, Flat, FS_IN_STOCK, MAVIS, N/A, NEW IN, SYNTHETIC, Trainers, WEDGE, WOMENS, YGroup_mavis",18/08/2026,,TRUE,5020415133822,39,IN STOCK,,"UK 4, UK 5, UK 6, UK 7, UK 8, UK 9",WINE,,,52,TRUE,TRUE,FALSE
Steve Madden,16031621874044.0,16031621874044.0,Mavis Pink Suede,https://stevemadden.co.uk/products/mavis-pink-suede?utm_source=display&utm_medium=programmatic&utm_campaign=performance&utm_content=rtg,"The Mavis Pink Suede sneakers combine playful style with a comfortable wedge heel design. Crafted from soft suede fabric in a charming pink hue, these sneakers feature three adjustable straps for a secure fit and a padded ankle collar for extra comfort. The unique cut-out detailing adds a modern twist to the classic silhouette, making them a standout choice for casual wear with a touch of elegance.

<ul>
<li>50 mm Heel</li>
<li>Suede</li>
<li>Line number: 5871298029</li>
</ul>","The Mavis Pink Suede sneakers combine playful style with a comfortable wedge heel design. Crafted from soft suede fabric in a charming pink hue, these sneakers feature three adjustable straps for a secure fit and a padded ankle collar for extra comfort. The unique cut-out detailing adds a modern twist to the classic silhouette, making them a standout choice for casual wear with a touch of elegance.

<ul>
<li>50 mm Heel</li>
<li>Suede</li>
<li>Line number: 5871298029</li>
</ul>",170.00,170.00,https://cdn.shopify.com/s/files/1/0083/3903/0082/files/5871298029_20.jpg?width=800,Sneakers,"*58712*, AW26, Flat, FS_IN_STOCK, MAVIS, N/A, NEW IN, ROUND TOE, SYNTHETIC, Trainers, WEDGE, WOMENS, YGroup_mavis",18/08/2026,,TRUE,5020415122147,95,IN STOCK,,"UK 3, UK 4, UK 5, UK 6, UK 7, UK 8",PINK,,,32,TRUE,TRUE,FALSE
Steve Madden,16038680691068.0,16038680691068.0,Larina Tan Satin,https://stevemadden.co.uk/products/larina-tan-satin?utm_source=display&utm_medium=programmatic&utm_campaign=performance&utm_content=rtg,"<div style=""box-sizing: inherit; vertical-align: inherit; -webkit-font-smoothing: antialiased;"">This Larina heel is crafted from a brown satin fabric with a box toe topped with a small bow. There is a fabric strap around the ankle.</div><ul style=""box-sizing: inherit; vertical-align: inherit; -webkit-font-smoothing: antialiased; list-style-position: outside; list-style-type: disc; padding: 0px 0px 0px 2rem;"">
<li style=""box-sizing: inherit; vertical-align: inherit; -webkit-font-smoothing: antialiased; list-style: outside;"">Heel height: 10cm</li>
<li style=""box-sizing: inherit; vertical-align: inherit; -webkit-font-smoothing: antialiased; list-style: outside;"">Material: Satin</li>
<li style=""box-sizing: inherit; vertical-align: inherit; -webkit-font-smoothing: antialiased; list-style: outside;"">Style number: 5971133759</li>
</ul>","<div style=""box-sizing: inherit; vertical-align: inherit; -webkit-font-smoothing: antialiased;"">This Larina heel is crafted from a brown satin fabric with a box toe topped with a small bow. There is a fabric strap around the ankle.</div><ul style=""box-sizing: inherit; vertical-align: inherit; -webkit-font-smoothing: antialiased; list-style-position: outside; list-style-type: disc; padding: 0px 0px 0px 2rem;"">
<li style=""box-sizing: inherit; vertical-align: inherit; -webkit-font-smoothing: antialiased; list-style: outside;"">Heel height: 10cm</li>
<li style=""box-sizing: inherit; vertical-align: inherit; -webkit-font-smoothing: antialiased; list-style: outside;"">Material: Satin</li>
<li style=""box-sizing: inherit; vertical-align: inherit; -webkit-font-smoothing: antialiased; list-style: outside;"">Style number: 5971133759</li>
</ul>",150.00,150.00,https://cdn.shopify.com/s/files/1/0083/3903/0082/files/5971133759_20.jpg?width=800,Courts,"*59711*, AW26, CLOSED TOE, Courts, FS_IN_STOCK, Heels, High Heel, LARINA 985, N/A, NEW IN, STILETTO, SYNTHETIC, WOMENS, YGroup_larina",18/08/2026,,TRUE,5020415122055,113,IN STOCK,,"UK 3, UK 4, UK 5, UK 6, UK 7, UK 8, UK 9",TAN,,,27,TRUE,TRUE,FALSE
Steve Madden,16038680789372.0,16038680789372.0,Bougie White,https://stevemadden.co.uk/products/bougie-white-1?utm_source=display&utm_medium=programmatic&utm_campaign=performance&utm_content=rtg,"The Bougie White is a stunning casual heel that effortlessly combines elegance with playful charm. Crafted from smooth fabric in a pristine white shade, this shoe features a delicate 100 mm heel that adds height without compromising comfort. Its standout detail is the oversized bow at the back, adding a whimsical and feminine touch to any outfit.

<ul>
<li>Heel Height: 100 mm Heel</li>
<li>Material: Fabric</li>
<li>Line Number: 6406210609</li>
</ul>","The Bougie White is a stunning casual heel that effortlessly combines elegance with playful charm. Crafted from smooth fabric in a pristine white shade, this shoe features a delicate 100 mm heel that adds height without compromising comfort. Its standout detail is the oversized bow at the back, adding a whimsical and feminine touch to any outfit.

<ul>
<li>Heel Height: 100 mm Heel</li>
<li>Material: Fabric</li>
<li>Line Number: 6406210609</li>
</ul>",140.00,140.00,https://cdn.shopify.com/s/files/1/0083/3903/0082/files/6406210609_20.jpg?width=800,Sandals,"*64062*, AW26, BOUGIE, COMING SOON, FS_IN_STOCK, High Heel, N/A, NEW IN, OPEN TOE, Sandals, STILETTO, SYNTHETIC, WOMENS",18/08/2026,,TRUE,5020415121775,11,IN STOCK,,"UK 5, UK 6",WHITE,,,63,TRUE,TRUE,FALSE
Steve Madden,16038680953212.0,16038680953212.0,Larina Fuchsia Satin,https://stevemadden.co.uk/products/larina-fushia?utm_source=display&utm_medium=programmatic&utm_campaign=performance&utm_content=rtg,"<div style=""box-sizing: inherit; vertical-align: inherit; -webkit-font-smoothing: antialiased;"">This Larina heel is crafted from a fuchsia pink satin fabric with a box toe topped with a small bow. There is a fabric strap around the ankle.</div><ul style=""box-sizing: inherit; list-style-position: outside; list-style-type: disc; vertical-align: inherit; -webkit-font-smoothing: antialiased; padding: 0px 0px 0px 2rem;"">
<li style=""box-sizing: inherit; list-style: outside; vertical-align: inherit; -webkit-font-smoothing: antialiased;"">Heel height: 10cm</li>
<li style=""box-sizing: inherit; list-style: outside; vertical-align: inherit; -webkit-font-smoothing: antialiased;"">Material: Fabric</li>
<li style=""box-sizing: inherit; list-style: outside; vertical-align: inherit; -webkit-font-smoothing: antialiased;"">Style number: 5971152609</li>
</ul>","<div style=""box-sizing: inherit; vertical-align: inherit; -webkit-font-smoothing: antialiased;"">This Larina heel is crafted from a fuchsia pink satin fabric with a box toe topped with a small bow. There is a fabric strap around the ankle.</div><ul style=""box-sizing: inherit; list-style-position: outside; list-style-type: disc; vertical-align: inherit; -webkit-font-smoothing: antialiased; padding: 0px 0px 0px 2rem;"">
<li style=""box-sizing: inherit; list-style: outside; vertical-align: inherit; -webkit-font-smoothing: antialiased;"">Heel height: 10cm</li>
<li style=""box-sizing: inherit; list-style: outside; vertical-align: inherit; -webkit-font-smoothing: antialiased;"">Material: Fabric</li>
<li style=""box-sizing: inherit; list-style: outside; vertical-align: inherit; -webkit-font-smoothing: antialiased;"">Style number: 5971152609</li>
</ul>",150.00,150.00,https://cdn.shopify.com/s/files/1/0083/3903/0082/files/5971152609_20.jpg?width=800,Courts,"*59711*, AW26, CLOSED TOE, Courts, FS_IN_STOCK, Heels, High Heel, LARINA 985, N/A, NEW IN, STILETTO, SYNTHETIC, WOMENS, YGroup_larina",18/08/2026,,TRUE,5020415150980,83,IN STOCK,,"UK 3, UK 4, UK 5, UK 6, UK 7, UK 8, UK 9",FUSHIA,,,35,TRUE,TRUE,FALSE
Steve Madden,16038681051516.0,16038681051516.0,Rapid Black,https://stevemadden.co.uk/products/rapid-black?utm_source=display&utm_medium=programmatic&utm_campaign=performance&utm_content=rtg,"The Rapid Black sneaker offers a sleek and modern design with its glossy black synthetic material, creating a striking and contemporary look. Featuring a unique split toe detail and a secure Velcro strap, this sneaker combines style with comfort and practicality. Its no-heel flat sole ensures ease of movement, making it a versatile addition to any casual wardrobe.

<ul>
<li>Heel Height: No Heel</li>
<li>Material: Synthetic</li>
<li>Line Number: 6522900979</li>
</ul>","The Rapid Black sneaker offers a sleek and modern design with its glossy black synthetic material, creating a striking and contemporary look. Featuring a unique split toe detail and a secure Velcro strap, this sneaker combines style with comfort and practicality. Its no-heel flat sole ensures ease of movement, making it a versatile addition to any casual wardrobe.

<ul>
<li>Heel Height: No Heel</li>
<li>Material: Synthetic</li>
<li>Line Number: 6522900979</li>
</ul>",120.00,120.00,https://cdn.shopify.com/s/files/1/0083/3903/0082/files/6522900979_20.jpg?width=800,Sneakers,"*65229*, AW26, CLOSED TOE, FLAT, Flat shoes, Formal Ballerinas/Slippers/Poi, FS_IN_STOCK, N/A, NEW IN, RAPID, SYNTHETIC, Trainers, WOMENS",18/08/2026,,TRUE,5020415144736,228,IN STOCK,,"UK 3, UK 4, UK 5, UK 6, UK 7, UK 8, UK 9",BLACK,,,16,TRUE,TRUE,FALSE
Steve Madden,16041210741116.0,16041210741116.0,Mizuna Black,https://stevemadden.co.uk/products/mizuna-black?utm_source=display&utm_medium=programmatic&utm_campaign=performance&utm_content=rtg,"The Mizuna Black is a sleek and stylish casual sandal that features a striking black synthetic upper with delicate, strappy detailing. Its elegant 95 mm heel adds a touch of sophistication, while the ankle strap with a gold buckle ensures a secure fit. Perfect for elevating any casual look with a hint of glamour.

<ul>
<li>95 mm Heel</li>
<li>Material: Synthetic</li>
<li>Line number: 6502900979</li>
</ul>","The Mizuna Black is a sleek and stylish casual sandal that features a striking black synthetic upper with delicate, strappy detailing. Its elegant 95 mm heel adds a touch of sophistication, while the ankle strap with a gold buckle ensures a secure fit. Perfect for elevating any casual look with a hint of glamour.

<ul>
<li>95 mm Heel</li>
<li>Material: Synthetic</li>
<li>Line number: 6502900979</li>
</ul>",110.00,110.00,https://cdn.shopify.com/s/files/1/0083/3903/0082/files/6502900979_20.jpg?width=800,Sandals,"*65029*, AW26, Heels, High Heel, MIZUNA, N/A, NEW IN, OPEN TOE, Sandals, STILETTO, SYNTHETIC, WOMENS",18/08/2026,,TRUE,5020415089952,64,IN STOCK,,"UK 4, UK 5, UK 6, UK 7, UK 8, UK 9",BLACK,,,42,TRUE,TRUE,FALSE
Steve Madden,16041210773884.0,16041210773884.0,Mizuna Tortoise,https://stevemadden.co.uk/products/mizuna-brown?utm_source=display&utm_medium=programmatic&utm_campaign=performance&utm_content=rtg,"The Mizuna Brown sandal from Steve Madden brings a playful twist to casual elegance with its glossy synthetic material in a rich brown tortoiseshell pattern. Featuring delicate, strappy detailing that wraps beautifully around the foot and a slender ankle strap with a gold-tone buckle, this heel offers a stylish lift with a 95 mm height that balances sophistication and wearability.

<ul>
<li>Heel Height: 95 mm Heel</li>
<li>Material: Synthetic</li>
<li>Line Number: 6502939979</li>
</ul>","The Mizuna Brown sandal from Steve Madden brings a playful twist to casual elegance with its glossy synthetic material in a rich brown tortoiseshell pattern. Featuring delicate, strappy detailing that wraps beautifully around the foot and a slender ankle strap with a gold-tone buckle, this heel offers a stylish lift with a 95 mm height that balances sophistication and wearability.

<ul>
<li>Heel Height: 95 mm Heel</li>
<li>Material: Synthetic</li>
<li>Line Number: 6502939979</li>
</ul>",110.00,110.00,https://cdn.shopify.com/s/files/1/0083/3903/0082/files/6502939979_20.jpg?width=800,Sandals,"*65029*, AW26, Heels, High Heel, MIZUNA, N/A, NEW IN, OPEN TOE, Sandals, STILETTO, SYNTHETIC, WOMENS",18/08/2026,,TRUE,5020415090033,31,IN STOCK,,"UK 3, UK 4, UK 5, UK 6, UK 7, UK 8, UK 9",BROWN OTHER,,,57,TRUE,TRUE,FALSE
Steve Madden,16041210904956.0,16041210904956.0,Mizuna Gold,https://stevemadden.co.uk/products/mizuna-gold?utm_source=display&utm_medium=programmatic&utm_campaign=performance&utm_content=rtg,"The Mizuna Gold sandal shines with its sleek, strappy design in a radiant metallic gold finish. Crafted from synthetic materials, this elegant casual heel features a delicate ankle strap with a buckle for a secure fit. Its 95 mm heel height adds a graceful lift, perfect for adding a touch of glamour to any outfit.

<ul>
<li>95 mm Heel</li>
<li>Material: Synthetic</li>
<li>Line Number: 6502961979</li>
</ul>","The Mizuna Gold sandal shines with its sleek, strappy design in a radiant metallic gold finish. Crafted from synthetic materials, this elegant casual heel features a delicate ankle strap with a buckle for a secure fit. Its 95 mm heel height adds a graceful lift, perfect for adding a touch of glamour to any outfit.

<ul>
<li>95 mm Heel</li>
<li>Material: Synthetic</li>
<li>Line Number: 6502961979</li>
</ul>",110.00,110.00,https://cdn.shopify.com/s/files/1/0083/3903/0082/files/6502961979_20.jpg?width=800,Sandals,"*65029*, AW26, Casual Heeled Sandals, Heels, High Heel, MIZUNA, N/A, NEW IN, OPEN TOE, STILETTO, SYNTHETIC, WOMENS",18/08/2026,,TRUE,5020415090118,7,IN STOCK,,"UK 5, UK 6, UK 8, UK 9",GOLD,,,64,TRUE,TRUE,FALSE
Steve Madden,16043801969020.0,16043801969020.0,Mavis Brown Leather,https://stevemadden.co.uk/products/mavis-brown-leather?utm_source=display&utm_medium=programmatic&utm_campaign=performance&utm_content=rtg,"The Mavis Brown Leather sneakers bring together rugged charm and cosy comfort in a unique design. Crafted from soft sheep leather in a rich brown shade, these sneakers feature a distinctive textured finish that adds character. The plush, fluffy lining peeking at the ankle promises warmth, while the triple strap fastening ensures a secure fit without compromising style. With no heel to speak of, these sneakers offer practical everyday wear with a standout look.<ul>
<li>Material: Leather</li>
<li>Line Number: 6414739019</li>
</ul>","The Mavis Brown Leather sneakers bring together rugged charm and cosy comfort in a unique design. Crafted from soft sheep leather in a rich brown shade, these sneakers feature a distinctive textured finish that adds character. The plush, fluffy lining peeking at the ankle promises warmth, while the triple strap fastening ensures a secure fit without compromising style. With no heel to speak of, these sneakers offer practical everyday wear with a standout look.<ul>
<li>Material: Leather</li>
<li>Line Number: 6414739019</li>
</ul>",190.00,190.00,https://cdn.shopify.com/s/files/1/0083/3903/0082/files/6414739019_20.jpg?width=800,Sneakers,"*64147*, AW26, CLOSED TOE, Flat, MAVIS-F 336, N/A, NEW IN, SYNTHETIC, Trainers, WEDGE, WOMENS, YGroup_mavis",18/08/2026,,TRUE,5020414865496,39,IN STOCK,,"UK 3, UK 4, UK 5, UK 6, UK 7, UK 8",BROWN OTHER,,,53,TRUE,TRUE,FALSE
Steve Madden,16064071991676.0,16064071991676.0,Casella Lug Wheat,https://stevemadden.co.uk/products/casella-lug-wheat?utm_source=display&utm_medium=programmatic&utm_campaign=performance&utm_content=rtg,"The Casella Lug Wheat is a striking casual heel that combines bold design with premium materials. Featuring a distinctive tan leather body with mesh panel detailing and a contrasting dark brown cuff, this shoe offers a unique blend of texture and colour. The slender 105 mm heel adds height and elegance, making it a standout piece for those seeking both style and sophistication.

<ul>
<li>105 mm Heel</li>
<li>Leather</li>
<li>Line Number: 6446433019</li>
</ul>","The Casella Lug Wheat is a striking casual heel that combines bold design with premium materials. Featuring a distinctive tan leather body with mesh panel detailing and a contrasting dark brown cuff, this shoe offers a unique blend of texture and colour. The slender 105 mm heel adds height and elegance, making it a standout piece for those seeking both style and sophistication.

<ul>
<li>105 mm Heel</li>
<li>Leather</li>
<li>Line Number: 6446433019</li>
</ul>",170.00,170.00,https://cdn.shopify.com/s/files/1/0083/3903/0082/files/6446433019_20.jpg?width=800,Sandals,"*64464*, AW26, CASELLA-LUG 129, Heels, High Heel, N/A, NEW IN, OPEN TOE, Sandals, STILETTO, SYNTHETIC, WOMENS",18/08/2026,,TRUE,5020414949967,32,IN STOCK,,"UK 3, UK 4, UK 5, UK 6, UK 7, UK 8",TAN,,,56,TRUE,TRUE,FALSE
Steve Madden,16071307755900.0,16071307755900.0,Maxine Black Lace,https://stevemadden.co.uk/products/maxine-black-lace?utm_source=display&utm_medium=programmatic&utm_campaign=performance&utm_content=rtg,"Step into elegance with the Maxine Black Lace high leg boots. These striking boots feature a sleek black fabric construction that combines style and comfort effortlessly. The 100 mm heel adds a touch of sophistication, perfect for making a statement on any occasion.

<ul>
<li>Heel Height: 100 mm Heel</li>
<li>Material: Fabric</li>
<li>Line Number: 6408400609</li>
</ul>","Step into elegance with the Maxine Black Lace high leg boots. These striking boots feature a sleek black fabric construction that combines style and comfort effortlessly. The 100 mm heel adds a touch of sophistication, perfect for making a statement on any occasion.

<ul>
<li>Heel Height: 100 mm Heel</li>
<li>Material: Fabric</li>
<li>Line Number: 6408400609</li>
</ul>",200.00,200.00,https://cdn.shopify.com/s/files/1/0083/3903/0082/files/6408400609_20.jpg?width=800,Boots,"*64084*, AW26, Boots, Boots & Booties, Heels, High Heel, MAXINE 169, N/A, NEW IN, POINTED TOE, STILETTO, SYNTHETIC, WOMENS",18/08/2026,,TRUE,5020414841742,34,IN STOCK,,"UK 4, UK 5, UK 6, UK 7, UK 8, UK 9",BLACK,,,55,TRUE,TRUE,FALSE
Steve Madden,16071309001084.0,16071309001084.0,Pager Silver,https://stevemadden.co.uk/products/pager-silver?utm_source=display&utm_medium=programmatic&utm_campaign=performance&utm_content=rtg,"Step out in style with the Pager Silver sneakers, a perfect blend of modern design and metallic flair. Crafted from high-quality synthetic materials, these silver sneakers add a sleek, contemporary edge to any outfit. <ul>
<li>Material: Synthetic</li>
<li>Line Number: 6430663979</li>
</ul>","Step out in style with the Pager Silver sneakers, a perfect blend of modern design and metallic flair. Crafted from high-quality synthetic materials, these silver sneakers add a sleek, contemporary edge to any outfit. <ul>
<li>Material: Synthetic</li>
<li>Line Number: 6430663979</li>
</ul>",150.00,150.00,https://cdn.shopify.com/s/files/1/0083/3903/0082/files/6430663979_20.jpg?width=800,Sneakers,"*64306*, AW26, Flat, N/A, NEW IN, PAGER, ROUND TOE, RUBBER, Trainers, WOMENS",18/08/2026,,TRUE,5020414910790,136,IN STOCK,,"UK 3, UK 4, UK 5, UK 6, UK 7, UK 8, UK 9",SILVER,,,25,TRUE,TRUE,FALSE
Steve Madden,16071309099388.0,16071309099388.0,Pager Green,https://stevemadden.co.uk/products/pager-green?utm_source=display&utm_medium=programmatic&utm_campaign=performance&utm_content=rtg,"Step into style with the Pager Green sneakers, a vibrant addition to your footwear collection. Crafted from high-quality synthetic materials, these sneakers showcase a striking green combination that adds a fresh twist to your casual look. <ul>
  <li>Material: Synthetic</li>
  <li>Line Number: 6430675979</li>
</ul>","Step into style with the Pager Green sneakers, a vibrant addition to your footwear collection. Crafted from high-quality synthetic materials, these sneakers showcase a striking green combination that adds a fresh twist to your casual look. <ul>
  <li>Material: Synthetic</li>
  <li>Line Number: 6430675979</li>
</ul>",150.00,150.00,https://cdn.shopify.com/s/files/1/0083/3903/0082/files/6430675979_20.jpg?width=800,Sneakers,"*64306*, AW26, Flat, N/A, NEW IN, PAGER, ROUND TOE, RUBBER, Trainers, WOMENS",18/08/2026,,TRUE,5020414910875,65,IN STOCK,,"UK 3, UK 4, UK 5, UK 6, UK 7, UK 8",GREEN COMBINATION,,,41,TRUE,TRUE,FALSE
Steve Madden,7166316970121.0,7166316970121.0,Adelisa Bootie BLACK,https://stevemadden.co.uk/products/adelisa-bootie-black?utm_source=display&utm_medium=programmatic&utm_campaign=performance&utm_content=rtg,"<div>The ADELISA point toe bootie features a high heel to complement the smooth, nearly seamless design. </div>
<ul>
<li>Color: Black</li>
<li>Material upper: Synthetic</li>
<li>Size recommendation: We recommend you to order a size up. </li>
<li>Heel height: 8,5 cm</li>
<li>Closure type: Zipper</li>
<li>Article number:<span> SM11002626-02002-001</span>
</li>
</ul>","<div>The ADELISA point toe bootie features a high heel to complement the smooth, nearly seamless design. </div>
<ul>
<li>Color: Black</li>
<li>Material upper: Synthetic</li>
<li>Size recommendation: We recommend you to order a size up. </li>
<li>Heel height: 8,5 cm</li>
<li>Closure type: Zipper</li>
<li>Article number:<span> SM11002626-02002-001</span>
</li>
</ul>",150.00,150.00,https://cdn.shopify.com/s/files/1/0083/3903/0082/files/SM11002626-02002-001_01.jpg?width=800,ANKLE BOOTS,"5, 8, Ankle boots, BH20, Black, Block, Boots & Booties, cf-color-black, cf-size-3-uk, cf-size-6-uk, cf-size-7-uk, cf-size-8-uk, cf-size-9-uk, FW23, FW24, FW25, Heeled ankle boots, holiday-2024, IC:SM11002626-02002-001, LS 27/05, MDB19-3, MDBSINGLESDAY2025, prisync-selected, SD2025, Steve Madden, SYNTHETIC, Women's, Zipper",18/08/2026,,TRUE,5045655050135,225,IN STOCK,,"3 UK, 4 UK, 5 UK, 6 UK, 7 UK, 8 UK, 9 UK",BLACK,,,18,TRUE,TRUE,FALSE
Steve Madden,15758841086332.0,15758841086332.0,Mags Black,https://stevemadden.co.uk/products/mags?utm_source=display&utm_medium=programmatic&utm_campaign=performance&utm_content=rtg,"<p>The MAGS Black flats from Steve Madden offer a fresh and airy take on classic footwear with their unique mesh fabric design in black. Perfect for those who appreciate style with a breathable twist, these flats feature a delicate strap with a buckle for a secure fit, combining elegance with comfort. The absence of a heel ensures easy wear throughout the day, making them a versatile addition to any casual or smart-casual wardrobe. </p><ul style=""list-style-position: outside; list-style-type: disc;"">
<li>Material: Fabric Other </li>
<li>Line number: 5077300069</li>
</ul>","<p>The MAGS Black flats from Steve Madden offer a fresh and airy take on classic footwear with their unique mesh fabric design in black. Perfect for those who appreciate style with a breathable twist, these flats feature a delicate strap with a buckle for a secure fit, combining elegance with comfort. The absence of a heel ensures easy wear throughout the day, making them a versatile addition to any casual or smart-casual wardrobe. </p><ul style=""list-style-position: outside; list-style-type: disc;"">
<li>Material: Fabric Other </li>
<li>Line number: 5077300069</li>
</ul>",90.00,90.00,https://cdn.shopify.com/s/files/1/0083/3903/0082/files/5077300069_20.jpg?width=800,Flats,"*50773*, AW26, FEB2026, Flat, Flat shoes, Flats, MAGS, N/A, ROUND TOE, SYNTHETIC, WOMENS",18/08/2026,,TRUE,5045658629291,113,IN STOCK,,"UK 3, UK 4, UK 5, UK 6, UK 7, UK 8, UK 9",BLACK,,,28,TRUE,TRUE,FALSE
Steve Madden,15862096593276.0,15862096593276.0,Benedict Black Leather,https://stevemadden.co.uk/products/benedict-017?utm_source=display&utm_medium=programmatic&utm_campaign=performance&utm_content=rtg,"Step into timeless style with the BENEDICT 017, a sleek black leather boot that blends classic design with modern comfort. Crafted from smooth leather, this mid-calf boot features a sturdy block heel that offers both height and stability, making it perfect for everyday wear. The subtle stitching details add a touch of sophistication, while the pull tab ensures easy on and off. Ideal for those who appreciate quality and understated elegance.

<ul>
  <li>Heel Height: 10</li>
  <li>Material: Leather</li>
  <li>Line Number: 5132800109</li>
</ul>","Step into timeless style with the BENEDICT 017, a sleek black leather boot that blends classic design with modern comfort. Crafted from smooth leather, this mid-calf boot features a sturdy block heel that offers both height and stability, making it perfect for everyday wear. The subtle stitching details add a touch of sophistication, while the pull tab ensures easy on and off. Ideal for those who appreciate quality and understated elegance.

<ul>
  <li>Heel Height: 10</li>
  <li>Material: Leather</li>
  <li>Line Number: 5132800109</li>
</ul>",200.00,200.00,https://cdn.shopify.com/s/files/1/0083/3903/0082/files/5132800109_20.jpg?width=800,Ankle Boots,"*51328*, AW26, BENEDICT, Boots, Boots & Booties, FEB2026, Flat, N/A, ROUND TOE, RUBBER, WOMENS",18/08/2026,,TRUE,5045659972358,188,IN STOCK,,"UK 3, UK 4, UK 5, UK 6, UK 7, UK 8, UK 9",BLACK,,,21,TRUE,TRUE,FALSE
Steve Madden,15864127816060.0,15864127816060.0,Riggs Brown Leather,https://stevemadden.co.uk/products/riggs-2-711?utm_source=display&utm_medium=programmatic&utm_campaign=performance&utm_content=rtg,"The RIGGS 2 710 is a striking high leg boot crafted from premium leather in a warm mid brown shade. Its clean, sleek design is complemented by a sturdy yet stylish heel, perfect for adding a touch of sophistication to any outfit. The natural texture of the leather enhances its classic appeal, making these boots a timeless addition to your wardrobe.

<ul>
  <li>Heel Height: 4.5cm</li>
  <li>Material: Leather</li>
  <li>Line Number: 5719832109</li>
</ul>","The RIGGS 2 710 is a striking high leg boot crafted from premium leather in a warm mid brown shade. Its clean, sleek design is complemented by a sturdy yet stylish heel, perfect for adding a touch of sophistication to any outfit. The natural texture of the leather enhances its classic appeal, making these boots a timeless addition to your wardrobe.

<ul>
  <li>Heel Height: 4.5cm</li>
  <li>Material: Leather</li>
  <li>Line Number: 5719832109</li>
</ul>",190.00,190.00,https://cdn.shopify.com/s/files/1/0083/3903/0082/files/5719832109_20.jpg?width=800,High Leg Boots,"*57198*, AW26, BLOCK, Boots, Boots & Booties, FEB2026, HIGH LEG BOOTS, Low Heel, N/A, NEW IN, RIGGS, ROUND TOE, SYNTHETIC, WOMENS",18/08/2026,,TRUE,5045659736660,267,IN STOCK,,"UK 3, UK 4, UK 5, UK 6, UK 7, UK 8, UK 9",MID BROWN,,,13,TRUE,TRUE,FALSE
Steve Madden,15866524238204.0,15866524238204.0,Brylie White Pearl,https://stevemadden.co.uk/products/brylie-white-pearl?utm_source=display&utm_medium=programmatic&utm_campaign=performance&utm_content=rtg,"The BRYLIE-P PRL is a striking white occasion shoe that combines elegance with playful charm. Crafted from fabric, this pointed-toe slingback is adorned with an array of delicate pearl embellishments that create a textured, eye-catching surface. A charming bow detail on the strap adds a touch of femininity, while the sleek silhouette is elevated by a slender high heel, perfect for making a statement at any special event.

<ul>
  <li>Heel Height: 10cm</li>
  <li>Material: Fabric</li>
  <li>Line Number: 5678610609</li>
</ul>","The BRYLIE-P PRL is a striking white occasion shoe that combines elegance with playful charm. Crafted from fabric, this pointed-toe slingback is adorned with an array of delicate pearl embellishments that create a textured, eye-catching surface. A charming bow detail on the strap adds a touch of femininity, while the sleek silhouette is elevated by a slender high heel, perfect for making a statement at any special event.

<ul>
  <li>Heel Height: 10cm</li>
  <li>Material: Fabric</li>
  <li>Line Number: 5678610609</li>
</ul>",140.00,140.00,https://cdn.shopify.com/s/files/1/0083/3903/0082/files/5678610609_20.jpg?width=800,Courts,"*56786*, AW26, BRYLIE-P, FEB2026, Heels, High Heel, N/A, OTHERS, POINTED TOE, SLINGBACKS, STILETTO, WOMENS",18/08/2026,,TRUE,5045659667445,84,IN STOCK,,"UK 4, UK 6, UK 7, UK 8, UK 9",WHITE,,,34,TRUE,TRUE,FALSE
Steve Madden,15878404407676.0,15878404407676.0,Mags Pale Pink,https://stevemadden.co.uk/products/mags-750?utm_source=display&utm_medium=programmatic&utm_campaign=performance&utm_content=rtg,"The Mags Pale Pink slippers offer a delicate and airy design with their mesh-like synthetic upper in a soft pale pink hue. Featuring a classic Mary Jane strap for a secure fit, these slippers combine comfort and style without any heel, making them perfect for relaxed, everyday wear.<ul>
<li>Material: Synthetic</li>
<li>Line Number: 5077353979</li>
</ul>","The Mags Pale Pink slippers offer a delicate and airy design with their mesh-like synthetic upper in a soft pale pink hue. Featuring a classic Mary Jane strap for a secure fit, these slippers combine comfort and style without any heel, making them perfect for relaxed, everyday wear.<ul>
<li>Material: Synthetic</li>
<li>Line Number: 5077353979</li>
</ul>",90.00,90.00,https://cdn.shopify.com/s/files/1/0083/3903/0082/files/5077353979_20.jpg?width=800,Flats,"*50773*, AW26, Ballerinas, Casual Ballerinas/Slippers/Poi, Flat, MAGS, N/A, POINTED TOE, SYNTHETIC, WOMENS",18/08/2026,,TRUE,5020413829307,25,IN STOCK,,"UK 4, UK 6, UK 7, UK 8, UK 9",PALE PINK,,,58,TRUE,TRUE,FALSE
Steve Madden,15878410142076.0,15878410142076.0,Priya Black,https://stevemadden.co.uk/products/priya-g-001?utm_source=display&utm_medium=programmatic&utm_campaign=performance&utm_content=rtg,"The Priya Black is a striking formal mule that combines elegance with a modern edge. Crafted from sleek black fabric, it features a distinctive gold-toned embellishment on the front, adding a touch of sophistication. With a slender 10cm heel, this shoe offers both height and style, perfect for dressing up any formal occasion.

<ul>
<li>Heel Height: 10cm Heel</li>
<li>Material: Fabric</li>
<li>Line Number: 5871600609</li>
</ul>","The Priya Black is a striking formal mule that combines elegance with a modern edge. Crafted from sleek black fabric, it features a distinctive gold-toned embellishment on the front, adding a touch of sophistication. With a slender 10cm heel, this shoe offers both height and style, perfect for dressing up any formal occasion.

<ul>
<li>Heel Height: 10cm Heel</li>
<li>Material: Fabric</li>
<li>Line Number: 5871600609</li>
</ul>",140.00,140.00,https://cdn.shopify.com/s/files/1/0083/3903/0082/files/5871600609_20.jpg?width=800,Sandals,"*58716*, AW26, BACK IN STOCK, Heels, High Heel, MULES, N/A, PEEP TOE, PRIYA-G, RUBBER, STILETTO, WOMENS",18/08/2026,,TRUE,5020413907579,356,IN STOCK,,"UK 3, UK 4, UK 5, UK 6, UK 7, UK 8, UK 9",BLACK,,,11,TRUE,TRUE,FALSE
Steve Madden,15878410174844.0,15878410174844.0,Benton Black Leather,https://stevemadden.co.uk/products/benton-017?utm_source=display&utm_medium=programmatic&utm_campaign=performance&utm_content=rtg,"The BENTON 017 is a sleek and stylish addition to your footwear collection, crafted from high-quality black leather that promises both durability and comfort. This elegant design features a classic silhouette, perfect for those who appreciate timeless style with a modern touch.

<ul>
<li>Heel Height: 18</li>
<li>Material: Leather</li>
<li>Line Number: 5933900109</li>
</ul>","The BENTON 017 is a sleek and stylish addition to your footwear collection, crafted from high-quality black leather that promises both durability and comfort. This elegant design features a classic silhouette, perfect for those who appreciate timeless style with a modern touch.

<ul>
<li>Heel Height: 18</li>
<li>Material: Leather</li>
<li>Line Number: 5933900109</li>
</ul>",190.00,190.00,https://cdn.shopify.com/s/files/1/0083/3903/0082/files/5933900109_20.jpg?width=800,High Leg Boots,"*59339*, AW26, BENTON, Boots, Boots & Booties, FLAT, High boots, Low Heel, N/A, NEW IN, ROUND TOE, SANDALS, SYNTHETIC, WOMENS",18/08/2026,,TRUE,5020414050830,59,IN STOCK,,"UK 4, UK 5, UK 6, UK 7, UK 8",BLACK,,,44,TRUE,TRUE,FALSE
Steve Madden,15878414041468.0,15878414041468.0,Benton Brown Leather,https://stevemadden.co.uk/products/benton-003?utm_source=display&utm_medium=programmatic&utm_campaign=performance&utm_content=rtg,"Discover the BENTON 003, a stylish addition to your collection that blends classic design with premium materials. Crafted from rich brown leather, this product showcases the timeless appeal of genuine animal skin, offering both durability and elegance. Its refined finish and careful construction make it a versatile choice for those who appreciate quality and sophistication.

<ul>
<li>Heel Height: 18</li>
<li>Material: Leather</li>
<li>Line Number: 5933930109</li>
</ul>","Discover the BENTON 003, a stylish addition to your collection that blends classic design with premium materials. Crafted from rich brown leather, this product showcases the timeless appeal of genuine animal skin, offering both durability and elegance. Its refined finish and careful construction make it a versatile choice for those who appreciate quality and sophistication.

<ul>
<li>Heel Height: 18</li>
<li>Material: Leather</li>
<li>Line Number: 5933930109</li>
</ul>",190.00,190.00,https://cdn.shopify.com/s/files/1/0083/3903/0082/files/5933930109_20.jpg?width=800,High Leg Boots,"*59339*, AW26, BENTON, Boots & Booties, FLAT, High boots, Low Heel, N/A, NEW IN, ROUND TOE, SANDALS, SYNTHETIC, WOMENS",18/08/2026,,TRUE,5020414054357,63,IN STOCK,,"UK 4, UK 5, UK 6, UK 7, UK 8",BROWN,,,43,TRUE,TRUE,FALSE
Steve Madden,15891222790524.0,15891222790524.0,Brylie White Lace,https://stevemadden.co.uk/products/brylie-white-lace?utm_source=display&utm_medium=programmatic&utm_campaign=performance&utm_content=rtg,"The Brylie Lace is a delicate high heel from the Occasion collection, showcasing an elegant white fabric construction with intricate lace detailing. This pointed toe slingback features a charming bow accent on the strap, adding a playful yet sophisticated touch. Designed to elevate any outfit, the Brylie Lace combines style and grace with its slender silhouette and refined materials.<ul>
  <li>Material: Fabric</li>
  <li>Line Number: 5338210609</li>
</ul>","The Brylie Lace is a delicate high heel from the Occasion collection, showcasing an elegant white fabric construction with intricate lace detailing. This pointed toe slingback features a charming bow accent on the strap, adding a playful yet sophisticated touch. Designed to elevate any outfit, the Brylie Lace combines style and grace with its slender silhouette and refined materials.<ul>
  <li>Material: Fabric</li>
  <li>Line Number: 5338210609</li>
</ul>",150.00,150.00,https://cdn.shopify.com/s/files/1/0083/3903/0082/files/5338210609_20.jpg?width=800,Occasion,"*53382*, AW26, BRYLIE-L, FLARED, Heels, Mid Heel, N/A, POINTED TOE, Sandals, SYNTHETIC, WOMENS",18/08/2026,,TRUE,5045658996263,25,IN STOCK,,"UK 4, UK 6, UK 7, UK 8, UK 9",WHITE,,,59,TRUE,TRUE,FALSE
Steve Madden,15897303351676.0,15897303351676.0,Mavis Black Suede,https://stevemadden.co.uk/products/mavis-15?utm_source=display&utm_medium=programmatic&utm_campaign=performance&utm_content=rtg,"The MAVIS 15 trainer wedge blends sporty flair with chic style in a sleek black suede finish. Featuring three velcro straps for a secure fit and a comfortable padded collar, this design adds a subtle lift with its concealed wedge heel. <ul>
<li>Material: Suede</li>
<li>Line number: 5871200209</li>
</ul>","The MAVIS 15 trainer wedge blends sporty flair with chic style in a sleek black suede finish. Featuring three velcro straps for a secure fit and a comfortable padded collar, this design adds a subtle lift with its concealed wedge heel. <ul>
<li>Material: Suede</li>
<li>Line number: 5871200209</li>
</ul>",170.00,170.00,https://cdn.shopify.com/s/files/1/0083/3903/0082/files/5871200209_20.jpg?width=800,Sneakers,"*58712*, AW26, BACK IN STOCK, Formal Ballerinas/Slippers/Poi, Low Heel, MAVIS, N/A, NEW IN, ROUND TOE, SYNTHETIC, Trainers, WEDGE, WOMENS, YGroup_mavis",18/08/2026,,TRUE,5020413906794,215,IN STOCK,,"UK 3, UK 4, UK 5, UK 6, UK 7, UK 8",BLACK,,,19,TRUE,TRUE,FALSE
Steve Madden,15897303417212.0,15897303417212.0,Mavis Taupe Suede,https://stevemadden.co.uk/products/mavis-275?utm_source=display&utm_medium=programmatic&utm_campaign=performance&utm_content=rtg,"The MAVIS 275 sneaker wedge offers a stylish blend of comfort and edge with its taupe suede upper and unique triple strap fastening. Crafted from soft suede, this high-top design features a playful charm detail and a concealed wedge heel, perfect for adding subtle height while maintaining a sporty vibe.<ul>
  <li>Material: Suede</li>
  <li>Line Number: 5871247209</li>
</ul>","The MAVIS 275 sneaker wedge offers a stylish blend of comfort and edge with its taupe suede upper and unique triple strap fastening. Crafted from soft suede, this high-top design features a playful charm detail and a concealed wedge heel, perfect for adding subtle height while maintaining a sporty vibe.<ul>
  <li>Material: Suede</li>
  <li>Line Number: 5871247209</li>
</ul>",170.00,170.00,https://cdn.shopify.com/s/files/1/0083/3903/0082/files/5871247209_20.jpg?width=800,Sneakers,"*58712*, AW26, BACK IN STOCK, Formal Ballerinas/Slippers/Poi, Low Heel, MAVIS, N/A, NEW IN, ROUND TOE, SYNTHETIC, Trainers, WEDGE, WOMENS, YGroup_mavis",18/08/2026,,TRUE,5020413906428,227,IN STOCK,,"UK 3, UK 4, UK 5, UK 6, UK 7, UK 8, UK 9",TAUPE,,,17,TRUE,TRUE,FALSE
Steve Madden,15897303548284.0,15897303548284.0,Priya White,https://stevemadden.co.uk/products/priya-white?utm_source=display&utm_medium=programmatic&utm_campaign=performance&utm_content=rtg,"The Priya White is a stunning casual heel that effortlessly blends elegance with a playful touch. Featuring a delicate lace fabric upper in pristine white, this shoe is adorned with a chic pearl detail at the toe, adding a hint of sophistication. The slim 10cm heel elevates your style while maintaining a graceful silhouette. Crafted with PU material accents, the Priya White is designed for those who appreciate refined details in their everyday footwear.

<ul>
  <li>Heel Height: 10cm Heel</li>
  <li>Material: Fabric</li>
  <li>Line Number: 5871710609</li>
</ul>","The Priya White is a stunning casual heel that effortlessly blends elegance with a playful touch. Featuring a delicate lace fabric upper in pristine white, this shoe is adorned with a chic pearl detail at the toe, adding a hint of sophistication. The slim 10cm heel elevates your style while maintaining a graceful silhouette. Crafted with PU material accents, the Priya White is designed for those who appreciate refined details in their everyday footwear.

<ul>
  <li>Heel Height: 10cm Heel</li>
  <li>Material: Fabric</li>
  <li>Line Number: 5871710609</li>
</ul>",120.00,120.00,https://cdn.shopify.com/s/files/1/0083/3903/0082/files/5871710609_20.jpg?width=800,Sandals,"*58717*, AW26, Heels, High Heel, MULES, N/A, PEEP TOE, PRIYA-PEARL, RUBBER, STILETTO, WOMENS",18/08/2026,,TRUE,5020413907982,52,IN STOCK,,"UK 4, UK 5, UK 6, UK 7, UK 8",WHITE,,,46,TRUE,TRUE,FALSE
Steve Madden,15897303613820.0,15897303613820.0,Larina Black Satin,https://stevemadden.co.uk/products/larina-black-satin?utm_source=display&utm_medium=programmatic&utm_campaign=performance&utm_content=rtg,"<div>This Larina heel is crafted from a black satin fabric with a box toe topped with a small bow. There is a fabric strap around the ankle.</div><ul style=""list-style-position: outside; list-style-type: disc;"">
<li>Heel height: 10cm</li>
<li>Material: Fabric</li>
<li>Style number: 5971100609</li>
</ul>","<div>This Larina heel is crafted from a black satin fabric with a box toe topped with a small bow. There is a fabric strap around the ankle.</div><ul style=""list-style-position: outside; list-style-type: disc;"">
<li>Heel height: 10cm</li>
<li>Material: Fabric</li>
<li>Style number: 5971100609</li>
</ul>",150.00,150.00,https://cdn.shopify.com/s/files/1/0083/3903/0082/files/5971100609_20.jpg?width=800,Occasion,"*59711*, AW26, Black Satin Tie High Heel, CLOSED TOE, Court shoes, Heels, High Heel, LARINA 985, N/A, NEW IN, STILETTO, SYNTHETIC, WOMENS, YGroup_larina",18/08/2026,,TRUE,5020414146014,765,IN STOCK,,"UK 3, UK 4, UK 5, UK 6, UK 7, UK 8, UK 9",BLACK,,,1,TRUE,TRUE,FALSE
Steve Madden,15897303646588.0,15897303646588.0,Larina Pink Satin,https://stevemadden.co.uk/products/larina-pink-satin?utm_source=display&utm_medium=programmatic&utm_campaign=performance&utm_content=rtg,"<div>This Larina heel is crafted from a pale pink satin fabric with a box toe topped with a small bow. There is a fabric strap around the ankle.</div><ul style=""list-style-position: outside; list-style-type: disc;"">
<li>Heel height: 10cm</li>
<li>Material: Fabric</li>
<li>Style number: 5971198609</li>
</ul>","<div>This Larina heel is crafted from a pale pink satin fabric with a box toe topped with a small bow. There is a fabric strap around the ankle.</div><ul style=""list-style-position: outside; list-style-type: disc;"">
<li>Heel height: 10cm</li>
<li>Material: Fabric</li>
<li>Style number: 5971198609</li>
</ul>",150.00,150.00,https://cdn.shopify.com/s/files/1/0083/3903/0082/files/5971198609_20.jpg?width=800,Occasion,"*59711*, AW26, CLOSED TOE, Court shoes, Heels, High Heel, LARINA 985, N/A, NEW IN, Pale Pink Satin High Heel, STILETTO, SYNTHETIC, WOMENS, YGroup_larina",18/08/2026,,TRUE,5020414231529,428,IN STOCK,,"UK 3, UK 4, UK 5, UK 6, UK 7, UK 8, UK 9",PINK,,,8,TRUE,TRUE,FALSE
Steve Madden,15897304433020.0,15897304433020.0,Larina Red Satin,https://stevemadden.co.uk/products/larina-red-satin?utm_source=display&utm_medium=programmatic&utm_campaign=performance&utm_content=rtg,"<div>This Larina heel is crafted from a red satin fabric with a box toe topped with a small bow. There is a fabric strap around the ankle.</div><ul style=""list-style-position: outside; list-style-type: disc;"">
<li>Heel height: 10cm</li>
<li>Material: Fabric</li>
<li>Style number: 5971150609</li>
</ul>","<div>This Larina heel is crafted from a red satin fabric with a box toe topped with a small bow. There is a fabric strap around the ankle.</div><ul style=""list-style-position: outside; list-style-type: disc;"">
<li>Heel height: 10cm</li>
<li>Material: Fabric</li>
<li>Style number: 5971150609</li>
</ul>",150.00,150.00,https://cdn.shopify.com/s/files/1/0083/3903/0082/files/5971150609_20.jpg?width=800,SANDALS,"*59711*, AW26, CLOSED TOE, Heels, High Heel, LARINA 985, N/A, NEW IN, Red Satin High Heel, SANDALS, STILETTO, SYNTHETIC, WOMENS, YGroup_larina",18/08/2026,,TRUE,5020414335838,588,IN STOCK,,"UK 3, UK 4, UK 5, UK 6, UK 7, UK 8, UK 9",RED,,,2,TRUE,TRUE,FALSE
Steve Madden,15900602892668.0,15900602892668.0,Ensemble Pearl,https://stevemadden.co.uk/products/ensemble-p-prl?utm_source=display&utm_medium=programmatic&utm_campaign=performance&utm_content=rtg,"The ENSEMBLE-P PRL is a striking white slingback heel that combines elegance with a playful texture. Crafted from synthetic materials, this shoe features a delicate pearl-like beaded design that adds a touch of sophistication and charm. Its pointed toe and mid-height heel make it a versatile choice for both day and evening occasions, blending style and comfort effortlessly.

<ul>
<li>Heel Height: 6.5cm</li>
<li>Material: Synthetic</li>
<li>Line Number: 4889510979</li>
</ul>","The ENSEMBLE-P PRL is a striking white slingback heel that combines elegance with a playful texture. Crafted from synthetic materials, this shoe features a delicate pearl-like beaded design that adds a touch of sophistication and charm. Its pointed toe and mid-height heel make it a versatile choice for both day and evening occasions, blending style and comfort effortlessly.

<ul>
<li>Heel Height: 6.5cm</li>
<li>Material: Synthetic</li>
<li>Line Number: 4889510979</li>
</ul>",140.00,140.00,https://cdn.shopify.com/s/files/1/0083/3903/0082/files/4889510979_20.jpg?width=800,Courts,"*48895*, AW26, Courts, ENSEMBLE-P, Heels, KITTEN, Mid Heel, N/A, POINTED TOE, RUBBER, WOMENS",18/08/2026,,TRUE,5020413830037,112,IN STOCK,,"UK 3, UK 4, UK 5, UK 6, UK 7, UK 8",WHITE,,,29,TRUE,TRUE,FALSE
Steve Madden,15900609020284.0,15900609020284.0,Brylie Black Lace,https://stevemadden.co.uk/products/brylie-l-169?utm_source=display&utm_medium=programmatic&utm_campaign=performance&utm_content=rtg,"The Brylie black lace is a striking slingback heel that blends elegance with a touch of playful charm. Crafted from delicate black fabric, it features an intricate lace overlay that adds a sophisticated texture and visual interest. The pointed toe enhances its sleek silhouette, while the back strap is adorned with a subtle bow detail, offering a feminine and stylish finish.<ul>
<li>Material: Fabric</li>
<li>Line Number: 5338200609</li>
</ul>","The Brylie black lace is a striking slingback heel that blends elegance with a touch of playful charm. Crafted from delicate black fabric, it features an intricate lace overlay that adds a sophisticated texture and visual interest. The pointed toe enhances its sleek silhouette, while the back strap is adorned with a subtle bow detail, offering a feminine and stylish finish.<ul>
<li>Material: Fabric</li>
<li>Line Number: 5338200609</li>
</ul>",140.00,140.00,https://cdn.shopify.com/s/files/1/0083/3903/0082/files/5338200609_20.jpg?width=800,Courts,"*53382*, AW26, BRYLIE-L, Courts, Heels, High Heel, N/A, POINTED TOE, STILETTO, SYNTHETIC, WOMENS",18/08/2026,,TRUE,5020413900808,129,IN STOCK,,"UK 3, UK 4, UK 5, UK 6, UK 7, UK 8, UK 9",BLACK,,,26,TRUE,TRUE,FALSE
Steve Madden,15921470472572.0,15921470472572.0,Kendrix Black,https://stevemadden.co.uk/products/kendrix-black?utm_source=display&utm_medium=programmatic&utm_campaign=performance&utm_content=rtg,"The KENDRIX 017 is a sleek and sophisticated black mule crafted from glossy patent leather. Its minimalist design features a gently curved strap that elegantly crosses the foot, perfectly complementing the slim, mid-height heel. This refined silhouette combines timeless style with a modern edge, making it a versatile choice for both day and evening wear.

<ul>
<li>Heel Height: 21 cm</li>
<li>Material: Leather Patent</li>
<li>Line Number: 5946900139</li>
</ul>","The KENDRIX 017 is a sleek and sophisticated black mule crafted from glossy patent leather. Its minimalist design features a gently curved strap that elegantly crosses the foot, perfectly complementing the slim, mid-height heel. This refined silhouette combines timeless style with a modern edge, making it a versatile choice for both day and evening wear.

<ul>
<li>Heel Height: 21 cm</li>
<li>Material: Leather Patent</li>
<li>Line Number: 5946900139</li>
</ul>",120.00,120.00,https://cdn.shopify.com/s/files/1/0083/3903/0082/files/5946900139_20.jpg?width=800,Sandals,"*59469*, AW26, Heels, KENDRIX, Mid Heel, MULES, N/A, NEW IN, ROUND TOE, STILETTO, SYNTHETIC, WOMENS, YGroup_kendrix",18/08/2026,,TRUE,5020414074003,66,IN STOCK,,"UK 4, UK 5, UK 6, UK 7, UK 8",BLACK,,,40,TRUE,TRUE,FALSE
Steve Madden,15921471160700.0,15921471160700.0,Kendrix Gold,https://stevemadden.co.uk/products/kendrix-gold?utm_source=display&utm_medium=programmatic&utm_campaign=performance&utm_content=rtg,"The Kendrix Gold is a sleek casual sandal that shines with its metallic gold leather finish. Crafted from premium cow leather, it offers a sophisticated touch while maintaining comfort. The 60 mm heel height provides just the right lift for an elegant silhouette without compromising ease of wear.

<ul>
<li>Heel Height: 60 mm Heel</li>
<li>Material: Leather</li>
<li>Line Number: 5946961109</li>
</ul>","The Kendrix Gold is a sleek casual sandal that shines with its metallic gold leather finish. Crafted from premium cow leather, it offers a sophisticated touch while maintaining comfort. The 60 mm heel height provides just the right lift for an elegant silhouette without compromising ease of wear.

<ul>
<li>Heel Height: 60 mm Heel</li>
<li>Material: Leather</li>
<li>Line Number: 5946961109</li>
</ul>",120.00,120.00,https://cdn.shopify.com/s/files/1/0083/3903/0082/files/5946961109_20.jpg?width=800,SANDALS,"*59469*, AW26, BACK IN STOCK, Casual Heeled Sandals, FS_IN_STOCK, Heels, KENDRIX, Mid Heel, Mules, N/A, NEW IN, ROUND TOE, STILETTO, SYNTHETIC, WOMENS, YGroup_kendrix",18/08/2026,,TRUE,5020414257574,233,IN STOCK,,"UK 3, UK 4, UK 5, UK 6, UK 7, UK 8",GOLD,,,15,TRUE,TRUE,FALSE
