_prclient,prclient,prid,pridfiltered,prid_filtered,prname,prurl,prshortdescription,prdescription,prdisplayprice,prprice,primageurl,prcategory,prsubcategory,prcreatedon,pralternativeurl,prbestseller,prsku,pravailablequantity,pravailability,prquantitysold,prsize,prcolor,prcountry,prfromprice,prposition,isactive,isdefault
Steve Madden,Steve Madden,6833840128133,6833840128133,6833840128133,Steve Madden Men's Zev Lug Loafers - Black Box - Size 7 - Leather,https://www.stevemadden.com/products/zev-black-box?variant=40239656960133,"Introducing the ZEV, a men's loafer with a tassel detail that exudes sophistication and sleekness. Made with premium materials, this fashionable shoe provides a cozy fit and effortlessly elevates any ensemble. 1.5 inch heel height Leather upper material Textile and synthetic lining Textile and synthetic sock Rubber sole Fit tip: If you are in between sizes, size up a half-size Imported Steve Madden ZEV BLACK BOX - 7 - Steve Madden Men's Zev Lug Loafers - Black Box - Size 7 - Leather","Introducing the ZEV, a men's loafer with a tassel detail that exudes sophistication and sleekness. Made with premium materials, this fashionable shoe provides a cozy fit and effortlessly elevates any ensemble. 1.5 inch heel height Leather upper material Textile and synthetic lining Textile and synthetic sock Rubber sole Fit tip: If you are in between sizes, size up a half-size Imported Steve Madden ZEV BLACK BOX - 7 - Steve Madden Men's Zev Lug Loafers - Black Box - Size 7 - Leather",,159.95 USD,https://cdn.shopify.com/s/files/1/2170/8465/files/STEVEMADDEN_SHOES_ZEV_BLACK-BOX_01.jpg,Apparel & Accessories > Shoes,Men's Shoes > Loafers,,,,,,IN STOCK,,7,Black Box,,,,TRUE,TRUE
Steve Madden,Steve Madden,7254657335429,7254657335429,7254657335429,Steve Madden Men's Schmooze Slip-On Loafers - Black - Size 7 - Leather,https://www.stevemadden.com/products/schmooze-black-leather?variant=41559658725509,"The SCHMOOZE BLACK LEATHER is a slip-on loafer crafted with horsebit hardware that delivers effortless style and comfort. Perfect for transitioning from the office to the weekend, this versatile shoe pairs seamlessly with tailored pants or jeans. .75 inch heel height Leather upper material Textile and synthetic lining Textile and synthetic sock Rubber sole Imported Steve Madden SCHMOOZE BLACK LEATHER - 7 - Steve Madden Men's Schmooze Slip-On Loafers - Black - Size 7 - Leather","The SCHMOOZE BLACK LEATHER is a slip-on loafer crafted with horsebit hardware that delivers effortless style and comfort. Perfect for transitioning from the office to the weekend, this versatile shoe pairs seamlessly with tailored pants or jeans. .75 inch heel height Leather upper material Textile and synthetic lining Textile and synthetic sock Rubber sole Imported Steve Madden SCHMOOZE BLACK LEATHER - 7 - Steve Madden Men's Schmooze Slip-On Loafers - Black - Size 7 - Leather",,139.95 USD,https://cdn.shopify.com/s/files/1/2170/8465/files/STEVEMADDEN_MENS_SCHMOOZE_BLACK-LEATHER_04.jpg,Apparel & Accessories > Shoes,Men's Shoes > Loafers,,,,,,IN STOCK,,7,Black,,,,TRUE,TRUE
Steve Madden,Steve Madden,7254657532037,7254657532037,7254657532037,Steve Madden Men's Brooklyn Slip-On Loafers - Brown Crocodile - Size 7 - Leather,https://www.stevemadden.com/products/brooklyn-brown-crocodile?variant=41559660757125,"The BROOKLYN BROWN CROCODILE loafer delivers timeless style with signature horsebit hardware. Crafted with premium materials, this classic silhouette combines sophistication with everyday wearability. The horsebit accent adds a refined touch, while the slip-on design ensures effortless comfort. Perfect for elevating casual or business-casual looks. 1 inch heel height Leather upper material Fabric and synthetic lining Fabric and synthetic sock Rubber sole Imported Steve Madden BROOKLYN BROWN CROCODILE - 7 - Steve Madden Men's Brooklyn Slip-On Loafers - Brown Crocodile - Size 7 - Leather","The BROOKLYN BROWN CROCODILE loafer delivers timeless style with signature horsebit hardware. Crafted with premium materials, this classic silhouette combines sophistication with everyday wearability. The horsebit accent adds a refined touch, while the slip-on design ensures effortless comfort. Perfect for elevating casual or business-casual looks. 1 inch heel height Leather upper material Fabric and synthetic lining Fabric and synthetic sock Rubber sole Imported Steve Madden BROOKLYN BROWN CROCODILE - 7 - Steve Madden Men's Brooklyn Slip-On Loafers - Brown Crocodile - Size 7 - Leather",,149.95 USD,https://cdn.shopify.com/s/files/1/2170/8465/files/STEVEMADDEN_MENS_BROOKLYN_BROWN-CROCO_01.jpg,Apparel & Accessories > Shoes,Men's Shoes > Loafers,,,,,,IN STOCK,,7,Brown Crocodile,,,,TRUE,TRUE
Steve Madden,Steve Madden,7254657564805,7254657564805,7254657564805,Steve Madden Men's Brooklyn Slip-On Loafers - Black Crocodile - Size 7 - Leather,https://www.stevemadden.com/products/brooklyn-black-crocodile?variant=41559661150341,"The BROOKLYN BLACK CROCODILE loafer delivers timeless style with signature horsebit hardware. Crafted with premium materials, this classic silhouette combines sophistication with everyday wearability. The horsebit accent adds a refined touch, while the slip-on design ensures effortless comfort. Perfect for elevating casual or business-casual looks. 1 inch heel height Leather upper material Fabric and synthetic lining Fabric and synthetic sock Rubber sole Imported Steve Madden BROOKLYN BLACK CROCODILE - 7 - Steve Madden Men's Brooklyn Slip-On Loafers - Black Crocodile - Size 7 - Leather","The BROOKLYN BLACK CROCODILE loafer delivers timeless style with signature horsebit hardware. Crafted with premium materials, this classic silhouette combines sophistication with everyday wearability. The horsebit accent adds a refined touch, while the slip-on design ensures effortless comfort. Perfect for elevating casual or business-casual looks. 1 inch heel height Leather upper material Fabric and synthetic lining Fabric and synthetic sock Rubber sole Imported Steve Madden BROOKLYN BLACK CROCODILE - 7 - Steve Madden Men's Brooklyn Slip-On Loafers - Black Crocodile - Size 7 - Leather",,149.95 USD,https://cdn.shopify.com/s/files/1/2170/8465/files/STEVEMADDEN_MENS_BROOKLYN_BLACK-CROCO_01.jpg,Apparel & Accessories > Shoes,Men's Shoes > Loafers,,,,,,IN STOCK,,7,Black Crocodile,,,,TRUE,TRUE
Steve Madden,Steve Madden,7254657663109,7254657663109,7254657663109,Steve Madden Men's Ezzo Slip-On Loafers - Black - Size 7 - Leather,https://www.stevemadden.com/products/ezzo-black-leather?variant=41559662329989,"The EZZO BLACK LEATHER combines classic loafer styling with modern comfort. This versatile boat shoe features premium materials and signature tassel detail that adds refined character to any look. Perfect for weekend wear or office settings, the slip-on design offers effortless style without sacrificing quality craftsmanship. 1 inch heel height Leather upper material Fabric and synthetic lining Fabric and synthetic sock Rubber sole Imported Steve Madden EZZO BLACK LEATHER - 7 - Steve Madden Men's Ezzo Slip-On Loafers - Black - Size 7 - Leather","The EZZO BLACK LEATHER combines classic loafer styling with modern comfort. This versatile boat shoe features premium materials and signature tassel detail that adds refined character to any look. Perfect for weekend wear or office settings, the slip-on design offers effortless style without sacrificing quality craftsmanship. 1 inch heel height Leather upper material Fabric and synthetic lining Fabric and synthetic sock Rubber sole Imported Steve Madden EZZO BLACK LEATHER - 7 - Steve Madden Men's Ezzo Slip-On Loafers - Black - Size 7 - Leather",,149.95 USD,https://cdn.shopify.com/s/files/1/2170/8465/files/STEVEMADDEN_MENS_EZZO_BLACK-LEATHER_04.jpg,Apparel & Accessories > Shoes,Men's Shoes > Loafers,,,,,,IN STOCK,,7,Black,,,,TRUE,TRUE
Steve Madden,Steve Madden,7254657695877,7254657695877,7254657695877,Steve Madden Men's Ezzo Slip-On Loafers - Tan - Size 7 - Leather,https://www.stevemadden.com/products/ezzo-tan-leather?variant=41559662723205,"The EZZO TAN LEATHER combines classic loafer styling with modern comfort. This versatile boat shoe features premium materials and signature tassel detail that adds refined character to any look. Perfect for weekend wear or office settings, the slip-on design offers effortless style without sacrificing quality craftsmanship. 1 inch heel height Leather upper material Fabric and synthetic lining Fabric and synthetic sock Rubber sole Imported Steve Madden EZZO TAN LEATHER - 7 - Steve Madden Men's Ezzo Slip-On Loafers - Tan - Size 7 - Leather","The EZZO TAN LEATHER combines classic loafer styling with modern comfort. This versatile boat shoe features premium materials and signature tassel detail that adds refined character to any look. Perfect for weekend wear or office settings, the slip-on design offers effortless style without sacrificing quality craftsmanship. 1 inch heel height Leather upper material Fabric and synthetic lining Fabric and synthetic sock Rubber sole Imported Steve Madden EZZO TAN LEATHER - 7 - Steve Madden Men's Ezzo Slip-On Loafers - Tan - Size 7 - Leather",,149.95 USD,https://cdn.shopify.com/s/files/1/2170/8465/files/STEVEMADDEN_MENS_EZZO_TAN-LEATHER_04.jpg,Apparel & Accessories > Shoes,Men's Shoes > Loafers,,,,,,IN STOCK,,7,Tan,,,,TRUE,TRUE
Steve Madden,Steve Madden,7300083351685,7300083351685,7300083351685,Steve Madden Men's Naxos Slip-On Loafers - Brown Box - Size 7 - Leather,https://www.stevemadden.com/products/naxos-brown-box?variant=41748852113541,"The NAXOS BROWN BOX slip-on loafer combines timeless style with durable design, featuring a signature horsebit hardware decal for a refined touch. Its lug sole offers enhanced traction and stability, making it a versatile choice for both professional and casual settings. Crafted from premium materials, this loafer ensures lasting comfort and sophistication. 1.5 inch heel height Leather upper material Textile and synthetic lining Textile and synthetic sock Synthetic sole Imported Steve Madden NAXOS BROWN BOX - 7 - Steve Madden Men's Naxos Slip-On Loafers - Brown Box - Size 7 - Leather","The NAXOS BROWN BOX slip-on loafer combines timeless style with durable design, featuring a signature horsebit hardware decal for a refined touch. Its lug sole offers enhanced traction and stability, making it a versatile choice for both professional and casual settings. Crafted from premium materials, this loafer ensures lasting comfort and sophistication. 1.5 inch heel height Leather upper material Textile and synthetic lining Textile and synthetic sock Synthetic sole Imported Steve Madden NAXOS BROWN BOX - 7 - Steve Madden Men's Naxos Slip-On Loafers - Brown Box - Size 7 - Leather",,149.95 USD,https://cdn.shopify.com/s/files/1/2170/8465/files/STEVEMADDEN_MENS_NAXOS_BROWN-BOX_01.jpg,Apparel & Accessories > Shoes,Men's Shoes > Loafers,,,,,,IN STOCK,,7,Brown Box,,,,TRUE,TRUE
Steve Madden,Steve Madden,7301349507205,7301349507205,7301349507205,Steve Madden Men's Quincey Slip-On Loafers - Grey Suede - Size 7,https://www.stevemadden.com/products/quincey-grey-suede?variant=41754389020805,"The QUINCEY GREY SUEDE slip-on loafer combines timeless craftsmanship with modern comfort. Crafted from premium materials, it offers durability and a polished look ideal for both professional and casual settings. Its easy slip-on design ensures a secure fit without sacrificing convenience, while a cushioned insole provides all-day support. This loafer seamlessly blends style and practicality, making it a versatile addition to any wardrobe. 1 inch heel height Suede upper material Textile and synthetic lining Synthetic sock Synthetic sole Imported Steve Madden QUINCEY GREY SUEDE - 7 - Steve Madden Men's Quincey Slip-On Loafers - Grey Suede - Size 7","The QUINCEY GREY SUEDE slip-on loafer combines timeless craftsmanship with modern comfort. Crafted from premium materials, it offers durability and a polished look ideal for both professional and casual settings. Its easy slip-on design ensures a secure fit without sacrificing convenience, while a cushioned insole provides all-day support. This loafer seamlessly blends style and practicality, making it a versatile addition to any wardrobe. 1 inch heel height Suede upper material Textile and synthetic lining Synthetic sock Synthetic sole Imported Steve Madden QUINCEY GREY SUEDE - 7 - Steve Madden Men's Quincey Slip-On Loafers - Grey Suede - Size 7",,149.95 USD,https://cdn.shopify.com/s/files/1/2170/8465/files/STEVEMADDEN_MENS_QUINCEY_DARK-GREY-SUEDE_01.jpg,Apparel & Accessories > Shoes,Men's Shoes > Loafers,,,,,,IN STOCK,,7,Grey Suede,,,,TRUE,TRUE
Steve Madden,Steve Madden,7167774163077,7167774163077,7167774163077,Steve Madden Men's Quincey Slip-On Loafers - Brown - Size 8.5 - Leather,https://www.stevemadden.com/products/quincey-brown-leather?variant=41261970358405,"The QUINCEY BROWN LEATHER slip-on loafer combines timeless craftsmanship with modern comfort. Crafted from premium materials, it offers durability and a polished look ideal for both professional and casual settings. Its easy slip-on design ensures a secure fit without sacrificing convenience, while a cushioned insole provides all-day support. This loafer seamlessly blends style and practicality, making it a versatile addition to any wardrobe. 1 inch heel height Leather upper material Textile and synthetic lining Synthetic sock Synthetic sole Imported Steve Madden QUINCEY BROWN LEATHER - 8.5 - Steve Madden Men's Quincey Slip-On Loafers - Brown - Size 8.5 - Leather","The QUINCEY BROWN LEATHER slip-on loafer combines timeless craftsmanship with modern comfort. Crafted from premium materials, it offers durability and a polished look ideal for both professional and casual settings. Its easy slip-on design ensures a secure fit without sacrificing convenience, while a cushioned insole provides all-day support. This loafer seamlessly blends style and practicality, making it a versatile addition to any wardrobe. 1 inch heel height Leather upper material Textile and synthetic lining Synthetic sock Synthetic sole Imported Steve Madden QUINCEY BROWN LEATHER - 8.5 - Steve Madden Men's Quincey Slip-On Loafers - Brown - Size 8.5 - Leather",,149.95 USD,https://cdn.shopify.com/s/files/1/2170/8465/files/STEVEMADDEN_MENS_QUINCEY_BROWN-LEATHER_01.jpg,Apparel & Accessories > Shoes,Men's Shoes > Loafers,,,,,,IN STOCK,,8.5,Brown,,,,TRUE,TRUE
Steve Madden,Steve Madden,7185108697221,7185108697221,7185108697221,Steve Madden Men's Brodie Slip-On Loafers - Black - Size 7 - Leather,https://www.stevemadden.com/products/brodie-black?variant=41319960674437,"The BRODIE BLACK slip-on loafer combines timeless silhouette with contemporary edge, featuring a lug sole. This versatile style transitions seamlessly from casual weekends to polished professional settings. 1.5 inch heel height Leather upper material Leather and fabric lining Leather and fabric sock Rubber sole Imported Steve Madden BRODIE BLACK - 7 - Steve Madden Men's Brodie Slip-On Loafers - Black - Size 7 - Leather","The BRODIE BLACK slip-on loafer combines timeless silhouette with contemporary edge, featuring a lug sole. This versatile style transitions seamlessly from casual weekends to polished professional settings. 1.5 inch heel height Leather upper material Leather and fabric lining Leather and fabric sock Rubber sole Imported Steve Madden BRODIE BLACK - 7 - Steve Madden Men's Brodie Slip-On Loafers - Black - Size 7 - Leather",,149.95 USD,https://cdn.shopify.com/s/files/1/2170/8465/files/STEVEMADDEN_MENS_BRODIE_BLACK_01.jpg,Apparel & Accessories > Shoes,Men's Shoes > Loafers,,,,,,IN STOCK,,7,Black,,,,TRUE,TRUE
Steve Madden,Steve Madden,7191870996613,7191870996613,7191870996613,Steve Madden Men's Jakiro Slip-On Loafers - Black - Size 7 - Rubber,https://www.stevemadden.com/products/jakiro-black-velvet?variant=41350201639045,"Elevate your wardrobe with the JAKIRO BLACK VELVET slip-on dress loafer. Crafted from quality materials, this loafer combines classic sophistication with effortless wearability. Its slip-on design ensures convenience without compromising on style, making it ideal for formal occasions or refined everyday looks. The sleek silhouette and plush texture deliver a distinguished finish, while the durable sole provides steady support throughout the day. Perfect for those who appreciate timeless elegance paired with modern comfort. 1 inch heel height Velvet upper material Textile and synthetic lining Textile and synthetic sock Rubber sole Imported Steve Madden JAKIRO BLACK VELVET - 7 - Steve Madden Men's Jakiro Slip-On Loafers - Black - Size 7 - Rubber","Elevate your wardrobe with the JAKIRO BLACK VELVET slip-on dress loafer. Crafted from quality materials, this loafer combines classic sophistication with effortless wearability. Its slip-on design ensures convenience without compromising on style, making it ideal for formal occasions or refined everyday looks. The sleek silhouette and plush texture deliver a distinguished finish, while the durable sole provides steady support throughout the day. Perfect for those who appreciate timeless elegance paired with modern comfort. 1 inch heel height Velvet upper material Textile and synthetic lining Textile and synthetic sock Rubber sole Imported Steve Madden JAKIRO BLACK VELVET - 7 - Steve Madden Men's Jakiro Slip-On Loafers - Black - Size 7 - Rubber",,119.95 USD,https://cdn.shopify.com/s/files/1/2170/8465/files/STEVEMADDEN_MENS_JAKIRO_BLACK-VELVET.jpg,Apparel & Accessories > Shoes,Men's Shoes > Loafers,,,,,,IN STOCK,,7,Black,,,,TRUE,TRUE
Steve Madden,Steve Madden,7203314827397,7203314827397,7203314827397,Steve Madden Men's Logan Slip-On Loafers - Light Grey Suede - Size 7 - Rubber,https://www.stevemadden.com/products/logan-light-grey-suede?variant=41379802710149,"Experience comfort and style with the LOGAN LIGHT GREY SUEDE slip-on loafer. The tassel adds a touch of elegance to this classic shoe, making it perfect for any occasion. Step into luxury and effortless sophistication with this must-have addition to your wardrobe. .75 inch heel height Suede upper material Microfiber and fabric lining Microfiber and fabric sock Rubber sole Imported Steve Madden LOGAN LIGHT GREY SUEDE - 7 - Steve Madden Men's Logan Slip-On Loafers - Light Grey Suede - Size 7 - Rubber","Experience comfort and style with the LOGAN LIGHT GREY SUEDE slip-on loafer. The tassel adds a touch of elegance to this classic shoe, making it perfect for any occasion. Step into luxury and effortless sophistication with this must-have addition to your wardrobe. .75 inch heel height Suede upper material Microfiber and fabric lining Microfiber and fabric sock Rubber sole Imported Steve Madden LOGAN LIGHT GREY SUEDE - 7 - Steve Madden Men's Logan Slip-On Loafers - Light Grey Suede - Size 7 - Rubber",,129.95 USD,https://cdn.shopify.com/s/files/1/2170/8465/files/STEVEMADDEN_MENS_LOGAN_LT-GREY_01.jpg,Apparel & Accessories > Shoes,Men's Shoes > Loafers,,,,,,IN STOCK,,7,Light Grey Suede,,,,TRUE,TRUE
Steve Madden,Steve Madden,7203315089541,7203315089541,7203315089541,Steve Madden Men's Lightning Slip-On Loafers - Tan - Size 8 - Leather,https://www.stevemadden.com/products/lightning-tan-leather?variant=41379805593733,"The LIGHTNING TAN LEATHER slip-on loafer combines understated elegance with practical design, featuring a rounded toe that flatters the foot while maintaining a polished appearance. This versatile style transitions seamlessly from professional settings to casual occasions, making it a perfect addition to any wardrobe. 1.25 inch heel height Leather upper material Synthetic and fabric lining Synthetic and fabric sock Rubber sole Imported Steve Madden LIGHTNING TAN LEATHER - 8 - Steve Madden Men's Lightning Slip-On Loafers - Tan - Size 8 - Leather","The LIGHTNING TAN LEATHER slip-on loafer combines understated elegance with practical design, featuring a rounded toe that flatters the foot while maintaining a polished appearance. This versatile style transitions seamlessly from professional settings to casual occasions, making it a perfect addition to any wardrobe. 1.25 inch heel height Leather upper material Synthetic and fabric lining Synthetic and fabric sock Rubber sole Imported Steve Madden LIGHTNING TAN LEATHER - 8 - Steve Madden Men's Lightning Slip-On Loafers - Tan - Size 8 - Leather",,139.95 USD,https://cdn.shopify.com/s/files/1/2170/8465/files/STEVEMADDEN_MENS_LIGHTNING_TAN_05.jpg,Apparel & Accessories > Shoes,Men's Shoes > Loafers,,,,,,IN STOCK,,8,Tan,,,,TRUE,TRUE
Steve Madden,Steve Madden,7203320365189,7203320365189,7203320365189,Steve Madden Men's Huckle Slip-On Loafers - Green Suede - Size 7 - Rubber,https://www.stevemadden.com/products/huckle-green-suede?variant=41379815456901,"The HUCKLE GREEN SUEDE loafer combines timeless sophistication with everyday wearability. The slip-on design ensures effortless styling, while quality construction promises durability through seasons of wear. A versatile essential that transitions seamlessly from office to weekend elevating any wardrobe with understated polish and enduring appeal. 1 inch heel height Suede upper material Synthetic and fabric lining Synthetic and fabric sock Rubber sole Imported Steve Madden HUCKLE GREEN SUEDE - 7 - Steve Madden Men's Huckle Slip-On Loafers - Green Suede - Size 7 - Rubber","The HUCKLE GREEN SUEDE loafer combines timeless sophistication with everyday wearability. The slip-on design ensures effortless styling, while quality construction promises durability through seasons of wear. A versatile essential that transitions seamlessly from office to weekend elevating any wardrobe with understated polish and enduring appeal. 1 inch heel height Suede upper material Synthetic and fabric lining Synthetic and fabric sock Rubber sole Imported Steve Madden HUCKLE GREEN SUEDE - 7 - Steve Madden Men's Huckle Slip-On Loafers - Green Suede - Size 7 - Rubber",,149.95 USD,https://cdn.shopify.com/s/files/1/2170/8465/files/STEVEMADDEN_MENS_HUCKLE_GREEN_01.jpg,Apparel & Accessories > Shoes,Men's Shoes > Loafers,,,,,,IN STOCK,,7,Green Suede,,,,TRUE,TRUE
Steve Madden,Steve Madden,7216928292997,7216928292997,7216928292997,Steve Madden Men's Chaplin Slip-On Loafers - Tan - Size 7 - Leather,https://www.stevemadden.com/products/chaplin-tan-leather?variant=41421554024581,"The CHAPLIN TAN LEATHER combines timeless loafer styling with a distinctive woven strap detail that elevates the classic silhouette. This slip-on design delivers effortless sophistication, crafted for versatile everyday wear and polished occasions alike. A refined choice for those who appreciate understated elegance with thoughtful design elements. 1 inch heel height Leather upper material Leather and fabric lining Leather and fabric sock Rubber sole Imported Steve Madden CHAPLIN TAN LEATHER - 7 - Steve Madden Men's Chaplin Slip-On Loafers - Tan - Size 7 - Leather","The CHAPLIN TAN LEATHER combines timeless loafer styling with a distinctive woven strap detail that elevates the classic silhouette. This slip-on design delivers effortless sophistication, crafted for versatile everyday wear and polished occasions alike. A refined choice for those who appreciate understated elegance with thoughtful design elements. 1 inch heel height Leather upper material Leather and fabric lining Leather and fabric sock Rubber sole Imported Steve Madden CHAPLIN TAN LEATHER - 7 - Steve Madden Men's Chaplin Slip-On Loafers - Tan - Size 7 - Leather",,149.95 USD,https://cdn.shopify.com/s/files/1/2170/8465/files/STEVEMADDEN_MENS_CHAPLIN_TAN-LEATHER_01.jpg,Apparel & Accessories > Shoes,Men's Shoes > Loafers,,,,,,IN STOCK,,7,Tan,,,,TRUE,TRUE
Steve Madden,Steve Madden,7219801358469,7219801358469,7219801358469,Steve Madden Men's Finn Slip-On Loafers - Black - Size 7 - Rubber,https://www.stevemadden.com/products/finn-black-velvet?variant=41438416240773,"Elevate your footwear collection with the FINN BLACK VELVET, a sophisticated slip-on loafer crafted from luxurious materials and adorned with a striking rhinestone fox head embellishment. This refined design seamlessly transitions from casual to dressy occasions, offering both comfort and distinctive style. 1 inch heel height Velvet upper material Textile and synthetic lining Textile and synthetic sock Rubber sole Imported Steve Madden FINN BLACK VELVET - 7 - Steve Madden Men's Finn Slip-On Loafers - Black - Size 7 - Rubber","Elevate your footwear collection with the FINN BLACK VELVET, a sophisticated slip-on loafer crafted from luxurious materials and adorned with a striking rhinestone fox head embellishment. This refined design seamlessly transitions from casual to dressy occasions, offering both comfort and distinctive style. 1 inch heel height Velvet upper material Textile and synthetic lining Textile and synthetic sock Rubber sole Imported Steve Madden FINN BLACK VELVET - 7 - Steve Madden Men's Finn Slip-On Loafers - Black - Size 7 - Rubber",,129.95 USD,https://cdn.shopify.com/s/files/1/2170/8465/files/STEVEMADDEN_MENS_FINN_BLACK-VELVET_01.jpg,Apparel & Accessories > Shoes,Men's Shoes > Loafers,,,,,,IN STOCK,,7,Black,,,,TRUE,TRUE
Steve Madden,Steve Madden,7239072546949,7239072546949,7239072546949,Steve Madden Men's Paul Slip-On Loafers - Olive - Size 7 - Leather,https://www.stevemadden.com/products/paul-olive?variant=41506241675397,"The PAUL OLIVE is a refined slip-on loafer crafted with meticulous attention to detail. The woven upper delivers sophisticated texture and visual interest, while the streamlined silhouette ensures effortless versatility. Designed for the discerning wearer who values both comfort and understated elegance, this loafer transitions seamlessly from professional settings to casual occasions. The slip-on construction provides convenient everyday wearability without compromising on polished style. 1 inch heel height Nubuck upper material Leather lining Leather sock Rubber sole Imported Steve Madden PAUL OLIVE - 7 - Steve Madden Men's Paul Slip-On Loafers - Olive - Size 7 - Leather","The PAUL OLIVE is a refined slip-on loafer crafted with meticulous attention to detail. The woven upper delivers sophisticated texture and visual interest, while the streamlined silhouette ensures effortless versatility. Designed for the discerning wearer who values both comfort and understated elegance, this loafer transitions seamlessly from professional settings to casual occasions. The slip-on construction provides convenient everyday wearability without compromising on polished style. 1 inch heel height Nubuck upper material Leather lining Leather sock Rubber sole Imported Steve Madden PAUL OLIVE - 7 - Steve Madden Men's Paul Slip-On Loafers - Olive - Size 7 - Leather",,129.95 USD,https://cdn.shopify.com/s/files/1/2170/8465/files/STEVEMADDEN_MENS_PAUL_OLIVE_01.jpg,Apparel & Accessories > Shoes,Men's Shoes > Loafers,,,,,,IN STOCK,,7,Olive,,,,TRUE,TRUE
Steve Madden,Steve Madden,7239072809093,7239072809093,7239072809093,Steve Madden Men's Paul Slip-On Loafers - Grey - Size 7 - Leather,https://www.stevemadden.com/products/paul-grey?variant=41506243870853,"The PAUL GREY is a refined slip-on loafer crafted with meticulous attention to detail. The woven upper delivers sophisticated texture and visual interest, while the streamlined silhouette ensures effortless versatility. Designed for the discerning wearer who values both comfort and understated elegance, this loafer transitions seamlessly from professional settings to casual occasions. The slip-on construction provides convenient everyday wearability without compromising on polished style. 1 inch heel height Nubuck upper material Leather lining Leather sock Rubber sole Imported Steve Madden PAUL GREY - 7 - Steve Madden Men's Paul Slip-On Loafers - Grey - Size 7 - Leather","The PAUL GREY is a refined slip-on loafer crafted with meticulous attention to detail. The woven upper delivers sophisticated texture and visual interest, while the streamlined silhouette ensures effortless versatility. Designed for the discerning wearer who values both comfort and understated elegance, this loafer transitions seamlessly from professional settings to casual occasions. The slip-on construction provides convenient everyday wearability without compromising on polished style. 1 inch heel height Nubuck upper material Leather lining Leather sock Rubber sole Imported Steve Madden PAUL GREY - 7 - Steve Madden Men's Paul Slip-On Loafers - Grey - Size 7 - Leather",,129.95 USD,https://cdn.shopify.com/s/files/1/2170/8465/files/STEVEMADDEN_MENS_PAUL_GREY_01.jpg,Apparel & Accessories > Shoes,Men's Shoes > Loafers,,,,,,IN STOCK,,7,Grey,,,,TRUE,TRUE
Steve Madden,Steve Madden,7239073104005,7239073104005,7239073104005,Steve Madden Men's Paul Slip-On Loafers - Brown - Size 7 - Leather,https://www.stevemadden.com/products/paul-brown?variant=41506244886661,"The PAUL BROWN is a refined slip-on loafer crafted with meticulous attention to detail. The woven upper delivers sophisticated texture and visual interest, while the streamlined silhouette ensures effortless versatility. Designed for the discerning wearer who values both comfort and understated elegance, this loafer transitions seamlessly from professional settings to casual occasions. The slip-on construction provides convenient everyday wearability without compromising on polished style. 1 inch heel height Nubuck upper material Leather lining Leather sock Rubber sole Imported Steve Madden PAUL BROWN - 7 - Steve Madden Men's Paul Slip-On Loafers - Brown - Size 7 - Leather","The PAUL BROWN is a refined slip-on loafer crafted with meticulous attention to detail. The woven upper delivers sophisticated texture and visual interest, while the streamlined silhouette ensures effortless versatility. Designed for the discerning wearer who values both comfort and understated elegance, this loafer transitions seamlessly from professional settings to casual occasions. The slip-on construction provides convenient everyday wearability without compromising on polished style. 1 inch heel height Nubuck upper material Leather lining Leather sock Rubber sole Imported Steve Madden PAUL BROWN - 7 - Steve Madden Men's Paul Slip-On Loafers - Brown - Size 7 - Leather",,129.95 USD,https://cdn.shopify.com/s/files/1/2170/8465/files/STEVEMADDEN_MENS_PAUL_BROWN_01.jpg,Apparel & Accessories > Shoes,Men's Shoes > Loafers,,,,,,IN STOCK,,7,Brown,,,,TRUE,TRUE
Steve Madden,Steve Madden,7239073333381,7239073333381,7239073333381,Steve Madden Men's Paul Slip-On Loafers - Blue - Size 7 - Leather,https://www.stevemadden.com/products/paul-blue?variant=41506246525061,"The PAUL BLUE is a refined slip-on loafer crafted with meticulous attention to detail. The woven upper delivers sophisticated texture and visual interest, while the streamlined silhouette ensures effortless versatility. Designed for the discerning wearer who values both comfort and understated elegance, this loafer transitions seamlessly from professional settings to casual occasions. The slip-on construction provides convenient everyday wearability without compromising on polished style. 1 inch heel height Nubuck upper material Leather lining Leather sock Rubber sole Imported Steve Madden PAUL BLUE - 7 - Steve Madden Men's Paul Slip-On Loafers - Blue - Size 7 - Leather","The PAUL BLUE is a refined slip-on loafer crafted with meticulous attention to detail. The woven upper delivers sophisticated texture and visual interest, while the streamlined silhouette ensures effortless versatility. Designed for the discerning wearer who values both comfort and understated elegance, this loafer transitions seamlessly from professional settings to casual occasions. The slip-on construction provides convenient everyday wearability without compromising on polished style. 1 inch heel height Nubuck upper material Leather lining Leather sock Rubber sole Imported Steve Madden PAUL BLUE - 7 - Steve Madden Men's Paul Slip-On Loafers - Blue - Size 7 - Leather",,129.95 USD,https://cdn.shopify.com/s/files/1/2170/8465/files/STEVEMADDEN_MENS_PAUL_BLUE_01.jpg,Apparel & Accessories > Shoes,Men's Shoes > Loafers,,,,,,IN STOCK,,7,Blue,,,,TRUE,TRUE
Steve Madden,Steve Madden,7239473889413,7239473889413,7239473889413,Steve Madden Men's Cosmin Slip-On Loafers - Black Box - Size 7 - Leather,https://www.stevemadden.com/products/cosmin-black-box?variant=41507297460357,"The COSMIN BLACK BOX loafer reimagines a classic silhouette with the distinctive tabi design, offering both architectural interest and functional comfort. The signature split toe design provides a unique visual element while delivering support. Crafted with premium materials and attention to detail, this loafer represents a sophisticated choice for those seeking distinctive footwear that balances tradition with contemporary style. 1 inch heel height Leather upper material Synthetic lining Synthetic sock Rubber sole Imported Steve Madden COSMIN BLACK BOX - 7 - Steve Madden Men's Cosmin Slip-On Loafers - Black Box - Size 7 - Leather","The COSMIN BLACK BOX loafer reimagines a classic silhouette with the distinctive tabi design, offering both architectural interest and functional comfort. The signature split toe design provides a unique visual element while delivering support. Crafted with premium materials and attention to detail, this loafer represents a sophisticated choice for those seeking distinctive footwear that balances tradition with contemporary style. 1 inch heel height Leather upper material Synthetic lining Synthetic sock Rubber sole Imported Steve Madden COSMIN BLACK BOX - 7 - Steve Madden Men's Cosmin Slip-On Loafers - Black Box - Size 7 - Leather",,149.95 USD,https://cdn.shopify.com/s/files/1/2170/8465/files/STEVEMADDEN_MENS_COSMIN_BLACK_02_bdc0e7cf-f699-49df-ba53-7b571941044d.jpg,Apparel & Accessories > Shoes,Men's Shoes > Loafers,,,,,,IN STOCK,,7,Black Box,,,,TRUE,TRUE
Steve Madden,Steve Madden,7251833258117,7251833258117,7251833258117,Steve Madden Men's Neeo Slip-On Loafers - Black Box - Size 7 - Leather,https://www.stevemadden.com/products/neeo-black-box?variant=41552373809285,"The NEEO BLACK BOX is a versatile loafer designed for effortless style. Featuring a striking gold chain detail, this shoe combines comfort with contemporary edge. Perfect for transitioning from day to night, the slip-on silhouette offers convenience while the lug sole provides durability and traction. 1.5 inch heel height Leather upper material Textile and synthetic lining Textile and synthetic sock Rubber sole Imported Steve Madden NEEO BLACK BOX - 7 - Steve Madden Men's Neeo Slip-On Loafers - Black Box - Size 7 - Leather","The NEEO BLACK BOX is a versatile loafer designed for effortless style. Featuring a striking gold chain detail, this shoe combines comfort with contemporary edge. Perfect for transitioning from day to night, the slip-on silhouette offers convenience while the lug sole provides durability and traction. 1.5 inch heel height Leather upper material Textile and synthetic lining Textile and synthetic sock Rubber sole Imported Steve Madden NEEO BLACK BOX - 7 - Steve Madden Men's Neeo Slip-On Loafers - Black Box - Size 7 - Leather",,149.95 USD,https://cdn.shopify.com/s/files/1/2170/8465/files/STEVEMADDEN_MENS_NEEO_BLACK-BOX_01.jpg,Apparel & Accessories > Shoes,Men's Shoes > Loafers,,,,,,IN STOCK,,7,Black Box,,,,TRUE,TRUE
